0 verbose cli F:\Node js\node.exe C:\Users\prane\AppData\Roaming\npm\node_modules\npm\bin\npm-cli.js
1 info using npm@11.14.1
2 info using node@v20.19.4
3 silly config load:file:C:\Users\prane\AppData\Roaming\npm\node_modules\npm\npmrc
4 silly config load:file:D:\DayMeet-OS-main\daymeet-v2\.npmrc
5 silly config load:file:C:\Users\prane\.npmrc
6 silly config load:file:C:\Users\prane\AppData\Roaming\npm\etc\npmrc
7 verbose title npm install vite-plugin-pwa
8 verbose argv "install" "vite-plugin-pwa" "--save-dev" "--cache" "../.npm-cache"
9 verbose logfile logs-max:10 dir:D:\DayMeet-OS-main\.npm-cache\_logs\2026-09-20T08_38_22_901Z-
10 verbose logfile D:\DayMeet-OS-main\.npm-cache\_logs\2026-09-20T08_38_22_901Z-debug-0.log
11 silly logfile done cleaning log files
12 silly packumentCache heap:2197815296 maxSize:549453824 maxEntrySize:274726912
13 silly idealTree buildDeps
14 silly fetch manifest vite-plugin-pwa@*
15 silly packumentCache full:https://registry.npmjs.org/vite-plugin-pwa cache-miss
16 http fetch GET 200 https://registry.npmjs.org/vite-plugin-pwa 715ms (cache miss)
17 silly packumentCache full:https://registry.npmjs.org/vite-plugin-pwa set size:undefined disposed:false
18 silly fetch manifest @vite-pwa/assets-generator@^1.0.0
19 silly packumentCache full:https://registry.npmjs.org/@vite-pwa%2fassets-generator cache-miss
20 http fetch GET 200 https://registry.npmjs.org/@vite-pwa%2fassets-generator 967ms (cache miss)
21 silly packumentCache full:https://registry.npmjs.org/@vite-pwa%2fassets-generator set size:undefined disposed:false
22 silly fetch manifest vite@^8.3.0
23 silly packumentCache full:https://registry.npmjs.org/vite cache-miss
24 http fetch GET 200 https://registry.npmjs.org/vite 211ms (cache revalidated)
25 silly packumentCache full:https://registry.npmjs.org/vite set size:38945461 disposed:false
26 silly fetch manifest @types/node@^20.19.0 || >=22.12.0
27 silly packumentCache full:https://registry.npmjs.org/@types%2fnode cache-miss
28 http fetch GET 200 https://registry.npmjs.org/@types%2fnode 152ms (cache revalidated)
29 silly packumentCache full:https://registry.npmjs.org/@types%2fnode set size:11150508 disposed:false
30 silly fetch manifest @vitejs/devtools@^0.7.1
31 silly packumentCache full:https://registry.npmjs.org/@vitejs%2fdevtools cache-miss
32 http fetch GET 200 https://registry.npmjs.org/@vitejs%2fdevtools 88ms (cache revalidated)
33 silly packumentCache full:https://registry.npmjs.org/@vitejs%2fdevtools set size:324785 disposed:false
34 silly fetch manifest @vitejs/devtools-oxc@^0.7.5
35 silly packumentCache full:https://registry.npmjs.org/@vitejs%2fdevtools-oxc cache-miss
36 http fetch GET 200 https://registry.npmjs.org/@vitejs%2fdevtools-oxc 300ms (cache revalidated)
37 silly packumentCache full:https://registry.npmjs.org/@vitejs%2fdevtools-oxc set size:77324 disposed:false
38 silly fetch manifest @vitejs/devtools-rolldown@^0.7.5
39 silly packumentCache full:https://registry.npmjs.org/@vitejs%2fdevtools-rolldown cache-miss
40 http fetch GET 200 https://registry.npmjs.org/@vitejs%2fdevtools-rolldown 215ms (cache revalidated)
41 silly packumentCache full:https://registry.npmjs.org/@vitejs%2fdevtools-rolldown set size:234875 disposed:false
42 silly fetch manifest @vitejs/devtools-vite@^0.7.5
43 silly packumentCache full:https://registry.npmjs.org/@vitejs%2fdevtools-vite cache-miss
44 http fetch GET 200 https://registry.npmjs.org/@vitejs%2fdevtools-vite 193ms (cache revalidated)
45 silly packumentCache full:https://registry.npmjs.org/@vitejs%2fdevtools-vite set size:163598 disposed:false
46 silly fetch manifest @vitejs/devtools-vitest@^0.7.5
47 silly packumentCache full:https://registry.npmjs.org/@vitejs%2fdevtools-vitest cache-miss
48 http fetch GET 200 https://registry.npmjs.org/@vitejs%2fdevtools-vitest 115ms (cache revalidated)
49 silly packumentCache full:https://registry.npmjs.org/@vitejs%2fdevtools-vitest set size:54816 disposed:false
50 silly fetch manifest vitest@*
51 silly packumentCache full:https://registry.npmjs.org/vitest cache-miss
52 http fetch GET 200 https://registry.npmjs.org/vitest 83ms (cache revalidated)
53 silly packumentCache full:https://registry.npmjs.org/vitest set size:2263798 disposed:false
54 silly fetch manifest @edge-runtime/vm@*
55 silly packumentCache full:https://registry.npmjs.org/@edge-runtime%2fvm cache-miss
56 http fetch GET 200 https://registry.npmjs.org/@edge-runtime%2fvm 83ms (cache revalidated)
57 silly packumentCache full:https://registry.npmjs.org/@edge-runtime%2fvm set size:269934 disposed:false
58 silly fetch manifest @opentelemetry/api@^1.9.0
59 silly packumentCache full:https://registry.npmjs.org/@opentelemetry%2fapi cache-miss
60 http fetch GET 200 https://registry.npmjs.org/@opentelemetry%2fapi 92ms (cache revalidated)
61 silly packumentCache full:https://registry.npmjs.org/@opentelemetry%2fapi set size:272967 disposed:false
62 silly fetch manifest @vitest/browser-playwright@4.1.11
63 silly packumentCache full:https://registry.npmjs.org/@vitest%2fbrowser-playwright cache-miss
64 http fetch GET 200 https://registry.npmjs.org/@vitest%2fbrowser-playwright 89ms (cache revalidated)
65 silly packumentCache full:https://registry.npmjs.org/@vitest%2fbrowser-playwright set size:157672 disposed:false
66 silly fetch manifest playwright@*
67 silly packumentCache full:https://registry.npmjs.org/playwright cache-miss
68 http fetch GET 200 https://registry.npmjs.org/playwright 138ms (cache revalidated)
69 silly packumentCache full:https://registry.npmjs.org/playwright set size:16775061 disposed:false
70 silly fetch manifest @vitest/browser-preview@4.1.11
71 silly packumentCache full:https://registry.npmjs.org/@vitest%2fbrowser-preview cache-miss
72 http fetch GET 200 https://registry.npmjs.org/@vitest%2fbrowser-preview 96ms (cache revalidated)
73 silly packumentCache full:https://registry.npmjs.org/@vitest%2fbrowser-preview set size:151356 disposed:false
74 silly fetch manifest @vitest/browser-webdriverio@4.1.11
75 silly packumentCache full:https://registry.npmjs.org/@vitest%2fbrowser-webdriverio cache-miss
76 http fetch GET 200 https://registry.npmjs.org/@vitest%2fbrowser-webdriverio 151ms (cache revalidated)
77 silly packumentCache full:https://registry.npmjs.org/@vitest%2fbrowser-webdriverio set size:144024 disposed:false
78 silly fetch manifest webdriverio@*
79 silly packumentCache full:https://registry.npmjs.org/webdriverio cache-miss
80 http fetch GET 200 https://registry.npmjs.org/webdriverio 108ms (cache revalidated)
81 silly packumentCache full:https://registry.npmjs.org/webdriverio set size:3201031 disposed:false
82 silly fetch manifest puppeteer-core@>=22.x <=24.x
83 silly packumentCache full:https://registry.npmjs.org/puppeteer-core cache-miss
84 http fetch GET 200 https://registry.npmjs.org/puppeteer-core 106ms (cache revalidated)
85 silly packumentCache full:https://registry.npmjs.org/puppeteer-core set size:1585211 disposed:false
86 silly fetch manifest @vitest/coverage-istanbul@4.1.11
87 silly packumentCache full:https://registry.npmjs.org/@vitest%2fcoverage-istanbul cache-miss
88 http fetch GET 200 https://registry.npmjs.org/@vitest%2fcoverage-istanbul 95ms (cache revalidated)
89 silly packumentCache full:https://registry.npmjs.org/@vitest%2fcoverage-istanbul set size:712743 disposed:false
90 silly fetch manifest @vitest/coverage-v8@4.1.11
91 silly packumentCache full:https://registry.npmjs.org/@vitest%2fcoverage-v8 cache-miss
92 http fetch GET 200 https://registry.npmjs.org/@vitest%2fcoverage-v8 88ms (cache revalidated)
93 silly packumentCache full:https://registry.npmjs.org/@vitest%2fcoverage-v8 set size:549117 disposed:false
94 silly fetch manifest @vitest/browser@4.1.11
95 silly packumentCache full:https://registry.npmjs.org/@vitest%2fbrowser cache-miss
96 http fetch GET 200 https://registry.npmjs.org/@vitest%2fbrowser 97ms (cache revalidated)
97 silly packumentCache full:https://registry.npmjs.org/@vitest%2fbrowser set size:812499 disposed:false
98 silly fetch manifest @vitest/ui@4.1.11
99 silly packumentCache full:https://registry.npmjs.org/@vitest%2fui cache-miss
100 http fetch GET 200 https://registry.npmjs.org/@vitest%2fui 108ms (cache revalidated)
101 silly packumentCache full:https://registry.npmjs.org/@vitest%2fui set size:1299272 disposed:false
102 silly fetch manifest happy-dom@*
103 silly packumentCache full:https://registry.npmjs.org/happy-dom cache-miss
104 http fetch GET 200 https://registry.npmjs.org/happy-dom 96ms (cache revalidated)
105 silly packumentCache full:https://registry.npmjs.org/happy-dom set size:2551937 disposed:false
106 silly fetch manifest jsdom@*
107 silly packumentCache full:https://registry.npmjs.org/jsdom cache-miss
108 http fetch GET 200 https://registry.npmjs.org/jsdom 99ms (cache revalidated)
109 silly packumentCache full:https://registry.npmjs.org/jsdom set size:1079166 disposed:false
110 silly fetch manifest canvas@^3.0.0
111 silly packumentCache full:https://registry.npmjs.org/canvas cache-miss
112 http fetch GET 200 https://registry.npmjs.org/canvas 117ms (cache revalidated)
113 silly packumentCache full:https://registry.npmjs.org/canvas set size:353371 disposed:false
114 silly fetch manifest esbuild@^0.27.0 || ^0.28.0
115 silly packumentCache full:https://registry.npmjs.org/esbuild cache-miss
116 http fetch GET 200 https://registry.npmjs.org/esbuild 92ms (cache revalidated)
117 silly packumentCache full:https://registry.npmjs.org/esbuild set size:1264676 disposed:false
118 silly fetch manifest jiti@>=1.21.0
119 silly packumentCache full:https://registry.npmjs.org/jiti cache-miss
120 http fetch GET 200 https://registry.npmjs.org/jiti 84ms (cache revalidated)
121 silly packumentCache full:https://registry.npmjs.org/jiti set size:387989 disposed:false
122 silly fetch manifest less@^4.0.0
123 silly packumentCache full:https://registry.npmjs.org/less cache-miss
124 http fetch GET 200 https://registry.npmjs.org/less 91ms (cache revalidated)
125 silly packumentCache full:https://registry.npmjs.org/less set size:544331 disposed:false
126 silly fetch manifest sass@^1.70.0
127 silly packumentCache full:https://registry.npmjs.org/sass cache-miss
128 http fetch GET 200 https://registry.npmjs.org/sass 117ms (cache revalidated)
129 silly packumentCache full:https://registry.npmjs.org/sass set size:752288 disposed:false
130 silly fetch manifest sass-embedded@^1.70.0
131 silly packumentCache full:https://registry.npmjs.org/sass-embedded cache-miss
132 http fetch GET 200 https://registry.npmjs.org/sass-embedded 105ms (cache revalidated)
133 silly packumentCache full:https://registry.npmjs.org/sass-embedded set size:437108 disposed:false
134 silly fetch manifest stylus@>=0.54.8
135 silly packumentCache full:https://registry.npmjs.org/stylus cache-miss
136 http fetch GET 200 https://registry.npmjs.org/stylus 77ms (cache revalidated)
137 silly packumentCache full:https://registry.npmjs.org/stylus set size:286766 disposed:false
138 silly fetch manifest sugarss@^5.0.0
139 silly packumentCache full:https://registry.npmjs.org/sugarss cache-miss
140 http fetch GET 200 https://registry.npmjs.org/sugarss 72ms (cache revalidated)
141 silly packumentCache full:https://registry.npmjs.org/sugarss set size:44975 disposed:false
142 silly fetch manifest postcss@^8.5.28
143 silly packumentCache full:https://registry.npmjs.org/postcss cache-miss
144 http fetch GET 200 https://registry.npmjs.org/postcss 86ms (cache revalidated)
145 silly packumentCache full:https://registry.npmjs.org/postcss set size:766699 disposed:false
146 silly fetch manifest terser@^5.16.0
147 silly packumentCache full:https://registry.npmjs.org/terser cache-miss
148 http fetch GET 200 https://registry.npmjs.org/terser 100ms (cache revalidated)
149 silly packumentCache full:https://registry.npmjs.org/terser set size:827672 disposed:false
150 silly fetch manifest tsx@^4.8.1
151 silly packumentCache full:https://registry.npmjs.org/tsx cache-miss
152 http fetch GET 200 https://registry.npmjs.org/tsx 93ms (cache revalidated)
153 silly packumentCache full:https://registry.npmjs.org/tsx set size:349770 disposed:false
154 silly fetch manifest yaml@^2.4.2
155 silly packumentCache full:https://registry.npmjs.org/yaml cache-miss
156 http fetch GET 200 https://registry.npmjs.org/yaml 79ms (cache revalidated)
157 silly packumentCache full:https://registry.npmjs.org/yaml set size:386415 disposed:false
158 silly placeDep ROOT vite-plugin-pwa@1.3.0 OK for: daymeet-v2@0.0.0 want: *
159 silly fetch manifest debug@^4.3.6
160 silly packumentCache full:https://registry.npmjs.org/debug cache-miss
161 silly fetch manifest pretty-bytes@^6.1.1
162 silly packumentCache full:https://registry.npmjs.org/pretty-bytes cache-miss
163 silly fetch manifest workbox-build@^7.4.1
164 silly packumentCache full:https://registry.npmjs.org/workbox-build cache-miss
165 silly fetch manifest workbox-window@^7.4.1
166 silly packumentCache full:https://registry.npmjs.org/workbox-window cache-miss
167 http fetch GET 200 https://registry.npmjs.org/pretty-bytes 105ms (cache miss)
168 silly packumentCache full:https://registry.npmjs.org/pretty-bytes set size:undefined disposed:false
169 http fetch GET 200 https://registry.npmjs.org/debug 287ms (cache revalidated)
170 silly packumentCache full:https://registry.npmjs.org/debug set size:195840 disposed:false
171 http fetch GET 200 https://registry.npmjs.org/workbox-window 304ms (cache miss)
172 silly packumentCache full:https://registry.npmjs.org/workbox-window set size:undefined disposed:false
173 http fetch GET 200 https://registry.npmjs.org/workbox-build 330ms (cache miss)
174 silly packumentCache full:https://registry.npmjs.org/workbox-build set size:undefined disposed:false
175 silly placeDep ROOT debug@4.4.3 OK for: vite-plugin-pwa@1.3.0 want: ^4.3.6
176 silly placeDep ROOT pretty-bytes@6.1.1 OK for: vite-plugin-pwa@1.3.0 want: ^6.1.1
177 silly placeDep ROOT workbox-build@7.4.1 OK for: vite-plugin-pwa@1.3.0 want: ^7.4.1
178 silly placeDep ROOT workbox-window@7.4.1 OK for: vite-plugin-pwa@1.3.0 want: ^7.4.1
179 silly fetch manifest ms@^2.1.3
180 silly packumentCache full:https://registry.npmjs.org/ms cache-miss
181 silly fetch manifest @apideck/better-ajv-errors@^0.3.1
182 silly packumentCache full:https://registry.npmjs.org/@apideck%2fbetter-ajv-errors cache-miss
183 silly fetch manifest @babel/core@^7.24.4
184 silly packumentCache full:https://registry.npmjs.org/@babel%2fcore cache-miss
185 silly fetch manifest @babel/preset-env@^7.11.0
186 silly packumentCache full:https://registry.npmjs.org/@babel%2fpreset-env cache-miss
187 silly fetch manifest @babel/runtime@^7.11.2
188 silly packumentCache full:https://registry.npmjs.org/@babel%2fruntime cache-miss
189 silly fetch manifest @rollup/plugin-babel@^6.1.0
190 silly packumentCache full:https://registry.npmjs.org/@rollup%2fplugin-babel cache-miss
191 silly fetch manifest @rollup/plugin-node-resolve@^16.0.3
192 silly packumentCache full:https://registry.npmjs.org/@rollup%2fplugin-node-resolve cache-miss
193 silly fetch manifest @rollup/plugin-replace@^6.0.3
194 silly packumentCache full:https://registry.npmjs.org/@rollup%2fplugin-replace cache-miss
195 silly fetch manifest @rollup/plugin-terser@^1.0.0
196 silly packumentCache full:https://registry.npmjs.org/@rollup%2fplugin-terser cache-miss
197 silly fetch manifest @trickfilm400/rollup-plugin-off-main-thread@^3.0.0-pre1
198 silly packumentCache full:https://registry.npmjs.org/@trickfilm400%2frollup-plugin-off-main-thread cache-miss
199 silly fetch manifest ajv@^8.6.0
200 silly packumentCache full:https://registry.npmjs.org/ajv cache-miss
201 silly fetch manifest common-tags@^1.8.0
202 silly packumentCache full:https://registry.npmjs.org/common-tags cache-miss
203 silly fetch manifest eta@^4.5.1
204 silly packumentCache full:https://registry.npmjs.org/eta cache-miss
205 silly fetch manifest fast-json-stable-stringify@^2.1.0
206 silly packumentCache full:https://registry.npmjs.org/fast-json-stable-stringify cache-miss
207 silly fetch manifest fs-extra@^9.0.1
208 silly packumentCache full:https://registry.npmjs.org/fs-extra cache-miss
209 http fetch GET 200 https://registry.npmjs.org/@apideck%2fbetter-ajv-errors 140ms (cache miss)
210 silly packumentCache full:https://registry.npmjs.org/@apideck%2fbetter-ajv-errors set size:undefined disposed:false
211 silly fetch manifest glob@^11.0.1
212 silly packumentCache full:https://registry.npmjs.org/glob cache-miss
213 http fetch GET 200 https://registry.npmjs.org/@rollup%2fplugin-node-resolve 236ms (cache miss)
214 silly packumentCache full:https://registry.npmjs.org/@rollup%2fplugin-node-resolve set size:undefined disposed:false
215 silly fetch manifest pretty-bytes@^5.3.0
216 silly packumentCache full:https://registry.npmjs.org/pretty-bytes cache-miss
217 http fetch GET 200 https://registry.npmjs.org/@rollup%2fplugin-babel 258ms (cache miss)
218 silly packumentCache full:https://registry.npmjs.org/@rollup%2fplugin-babel set size:undefined disposed:false
219 silly fetch manifest rollup@^4.53.3
220 silly packumentCache full:https://registry.npmjs.org/rollup cache-miss
221 http cache https://registry.npmjs.org/pretty-bytes 44ms (cache hit)
222 silly packumentCache full:https://registry.npmjs.org/pretty-bytes set size:70470 disposed:false
223 silly fetch manifest source-map@^0.8.0-beta.0
224 silly packumentCache full:https://registry.npmjs.org/source-map cache-miss
225 http fetch GET 200 https://registry.npmjs.org/eta 329ms (cache miss)
226 silly packumentCache full:https://registry.npmjs.org/eta set size:undefined disposed:false
227 silly fetch manifest stringify-object@^3.3.0
228 silly packumentCache full:https://registry.npmjs.org/stringify-object cache-miss
229 http fetch GET 200 https://registry.npmjs.org/@babel%2fpreset-env 366ms (cache miss)
230 silly packumentCache full:https://registry.npmjs.org/@babel%2fpreset-env set size:undefined disposed:false
231 silly fetch manifest strip-comments@^2.0.1
232 silly packumentCache full:https://registry.npmjs.org/strip-comments cache-miss
233 http fetch GET 200 https://registry.npmjs.org/common-tags 389ms (cache miss)
234 silly packumentCache full:https://registry.npmjs.org/common-tags set size:undefined disposed:false
235 silly fetch manifest tempy@^0.6.0
236 silly packumentCache full:https://registry.npmjs.org/tempy cache-miss
237 http fetch GET 200 https://registry.npmjs.org/@rollup%2fplugin-replace 404ms (cache miss)
238 silly packumentCache full:https://registry.npmjs.org/@rollup%2fplugin-replace set size:undefined disposed:false
239 silly fetch manifest upath@^1.2.0
240 silly packumentCache full:https://registry.npmjs.org/upath cache-miss
241 http fetch GET 200 https://registry.npmjs.org/ms 451ms (cache revalidated)
242 silly packumentCache full:https://registry.npmjs.org/ms set size:92208 disposed:false
243 silly fetch manifest workbox-background-sync@7.4.1
244 silly packumentCache full:https://registry.npmjs.org/workbox-background-sync cache-miss
245 http fetch GET 200 https://registry.npmjs.org/fs-extra 431ms (cache revalidated)
246 silly packumentCache full:https://registry.npmjs.org/fs-extra set size:239581 disposed:false
247 silly fetch manifest workbox-broadcast-update@7.4.1
248 silly packumentCache full:https://registry.npmjs.org/workbox-broadcast-update cache-miss
249 http fetch GET 200 https://registry.npmjs.org/glob 318ms (cache revalidated)
250 silly packumentCache full:https://registry.npmjs.org/glob set size:469465 disposed:false
251 silly fetch manifest workbox-cacheable-response@7.4.1
252 silly packumentCache full:https://registry.npmjs.org/workbox-cacheable-response cache-miss
253 http fetch GET 200 https://registry.npmjs.org/@babel%2fcore 501ms (cache revalidated)
254 silly packumentCache full:https://registry.npmjs.org/@babel%2fcore set size:797193 disposed:false
255 silly fetch manifest workbox-core@7.4.1
256 silly packumentCache full:https://registry.npmjs.org/workbox-core cache-miss
257 http fetch GET 200 https://registry.npmjs.org/@babel%2fruntime 520ms (cache revalidated)
258 silly packumentCache full:https://registry.npmjs.org/@babel%2fruntime set size:3488363 disposed:false
259 silly fetch manifest workbox-expiration@7.4.1
260 silly packumentCache full:https://registry.npmjs.org/workbox-expiration cache-miss
261 http fetch GET 200 https://registry.npmjs.org/fast-json-stable-stringify 553ms (cache miss)
262 silly packumentCache full:https://registry.npmjs.org/fast-json-stable-stringify set size:undefined disposed:false
263 silly fetch manifest workbox-google-analytics@7.4.1
264 silly packumentCache full:https://registry.npmjs.org/workbox-google-analytics cache-miss
265 http fetch GET 200 https://registry.npmjs.org/source-map 296ms (cache miss)
266 silly packumentCache full:https://registry.npmjs.org/source-map set size:undefined disposed:false
267 silly fetch manifest workbox-navigation-preload@7.4.1
268 silly packumentCache full:https://registry.npmjs.org/workbox-navigation-preload cache-miss
269 http fetch GET 200 https://registry.npmjs.org/stringify-object 261ms (cache miss)
270 silly packumentCache full:https://registry.npmjs.org/stringify-object set size:undefined disposed:false
271 silly fetch manifest workbox-precaching@7.4.1
272 silly packumentCache full:https://registry.npmjs.org/workbox-precaching cache-miss
273 http fetch GET 200 https://registry.npmjs.org/strip-comments 289ms (cache miss)
274 silly packumentCache full:https://registry.npmjs.org/strip-comments set size:undefined disposed:false
275 silly fetch manifest workbox-range-requests@7.4.1
276 silly packumentCache full:https://registry.npmjs.org/workbox-range-requests cache-miss
277 http fetch GET 200 https://registry.npmjs.org/upath 318ms (cache miss)
278 silly packumentCache full:https://registry.npmjs.org/upath set size:undefined disposed:false
279 silly fetch manifest workbox-recipes@7.4.1
280 silly packumentCache full:https://registry.npmjs.org/workbox-recipes cache-miss
281 http fetch GET 200 https://registry.npmjs.org/tempy 338ms (cache miss)
282 silly packumentCache full:https://registry.npmjs.org/tempy set size:undefined disposed:false
283 silly fetch manifest workbox-routing@7.4.1
284 silly packumentCache full:https://registry.npmjs.org/workbox-routing cache-miss
285 http fetch GET 200 https://registry.npmjs.org/workbox-broadcast-update 549ms (cache miss)
286 silly packumentCache full:https://registry.npmjs.org/workbox-broadcast-update set size:undefined disposed:false
287 silly fetch manifest workbox-strategies@7.4.1
288 silly packumentCache full:https://registry.npmjs.org/workbox-strategies cache-miss
289 http fetch GET 200 https://registry.npmjs.org/ajv 1017ms (cache miss)
290 silly packumentCache full:https://registry.npmjs.org/ajv set size:undefined disposed:false
291 silly fetch manifest workbox-streams@7.4.1
292 silly packumentCache full:https://registry.npmjs.org/workbox-streams cache-miss
293 http fetch GET 200 https://registry.npmjs.org/workbox-expiration 503ms (cache miss)
294 silly packumentCache full:https://registry.npmjs.org/workbox-expiration set size:undefined disposed:false
295 silly fetch manifest workbox-sw@7.4.1
296 silly packumentCache full:https://registry.npmjs.org/workbox-sw cache-miss
297 http fetch GET 200 https://registry.npmjs.org/workbox-precaching 445ms (cache miss)
298 silly packumentCache full:https://registry.npmjs.org/workbox-precaching set size:undefined disposed:false
299 silly fetch manifest workbox-window@7.4.1
300 silly packumentCache full:https://registry.npmjs.org/workbox-window cache-miss
301 http cache https://registry.npmjs.org/workbox-window 11ms (cache hit)
302 silly packumentCache full:https://registry.npmjs.org/workbox-window set size:174266 disposed:false
303 silly fetch manifest @types/trusted-types@^2.0.2
304 silly packumentCache full:https://registry.npmjs.org/@types%2ftrusted-types cache-miss
305 http fetch GET 200 https://registry.npmjs.org/workbox-background-sync 715ms (cache miss)
306 silly packumentCache full:https://registry.npmjs.org/workbox-background-sync set size:undefined disposed:false
307 silly fetch manifest workbox-core@7.4.1
308 silly packumentCache full:https://registry.npmjs.org/workbox-core cache-miss
309 http fetch GET 200 https://registry.npmjs.org/workbox-cacheable-response 712ms (cache miss)
310 silly packumentCache full:https://registry.npmjs.org/workbox-cacheable-response set size:undefined disposed:false
311 http fetch GET 200 https://registry.npmjs.org/workbox-recipes 454ms (cache miss)
312 silly packumentCache full:https://registry.npmjs.org/workbox-recipes set size:undefined disposed:false
313 http fetch GET 200 https://registry.npmjs.org/@rollup%2fplugin-terser 1240ms (cache miss)
314 silly packumentCache full:https://registry.npmjs.org/@rollup%2fplugin-terser set size:undefined disposed:false
315 http fetch GET 200 https://registry.npmjs.org/workbox-navigation-preload 731ms (cache miss)
316 silly packumentCache full:https://registry.npmjs.org/workbox-navigation-preload set size:undefined disposed:false
317 http fetch GET 200 https://registry.npmjs.org/@trickfilm400%2frollup-plugin-off-main-thread 1340ms (cache miss)
318 silly packumentCache full:https://registry.npmjs.org/@trickfilm400%2frollup-plugin-off-main-thread set size:undefined disposed:false
319 http fetch GET 200 https://registry.npmjs.org/workbox-core 845ms (cache miss)
320 silly packumentCache full:https://registry.npmjs.org/workbox-core set size:undefined disposed:false
321 http fetch GET 200 https://registry.npmjs.org/workbox-google-analytics 801ms (cache miss)
322 silly packumentCache full:https://registry.npmjs.org/workbox-google-analytics set size:undefined disposed:false
323 http fetch GET 200 https://registry.npmjs.org/workbox-strategies 418ms (cache miss)
324 silly packumentCache full:https://registry.npmjs.org/workbox-strategies set size:undefined disposed:false
325 http fetch GET 200 https://registry.npmjs.org/@types%2ftrusted-types 408ms (cache miss)
326 silly packumentCache full:https://registry.npmjs.org/@types%2ftrusted-types set size:undefined disposed:false
327 http fetch GET 200 https://registry.npmjs.org/workbox-range-requests 835ms (cache miss)
328 silly packumentCache full:https://registry.npmjs.org/workbox-range-requests set size:undefined disposed:false
329 http fetch GET 200 https://registry.npmjs.org/workbox-routing 780ms (cache miss)
330 silly packumentCache full:https://registry.npmjs.org/workbox-routing set size:undefined disposed:false
331 http fetch GET 200 https://registry.npmjs.org/workbox-core 422ms (cache miss)
332 silly packumentCache full:https://registry.npmjs.org/workbox-core set size:undefined disposed:false
333 http fetch GET 200 https://registry.npmjs.org/workbox-streams 568ms (cache miss)
334 silly packumentCache full:https://registry.npmjs.org/workbox-streams set size:undefined disposed:false
335 http fetch GET 200 https://registry.npmjs.org/workbox-sw 578ms (cache miss)
336 silly packumentCache full:https://registry.npmjs.org/workbox-sw set size:undefined disposed:false
337 http fetch GET 200 https://registry.npmjs.org/rollup 1388ms (cache miss)
338 silly packumentCache full:https://registry.npmjs.org/rollup set size:undefined disposed:false
339 silly placeDep ROOT ms@2.1.3 OK for: debug@4.4.3 want: ^2.1.3
340 silly fetch manifest @types/babel__core@^7.1.9
341 silly packumentCache full:https://registry.npmjs.org/@types%2fbabel__core cache-miss
342 http fetch GET 200 https://registry.npmjs.org/@types%2fbabel__core 117ms (cache miss)
343 silly packumentCache full:https://registry.npmjs.org/@types%2fbabel__core set size:undefined disposed:false
344 silly placeDep ROOT @apideck/better-ajv-errors@0.3.7 OK for: workbox-build@7.4.1 want: ^0.3.1
345 silly placeDep ROOT ajv@8.20.0 OK for: @apideck/better-ajv-errors@0.3.7 want: >=8
346 silly placeDep ROOT @babel/core@7.29.7 OK for: workbox-build@7.4.1 want: ^7.24.4
347 silly placeDep ROOT @babel/preset-env@7.29.7 OK for: workbox-build@7.4.1 want: ^7.11.0
348 silly placeDep ROOT @babel/runtime@7.29.7 OK for: workbox-build@7.4.1 want: ^7.11.2
349 silly placeDep ROOT @rollup/plugin-babel@6.1.0 OK for: workbox-build@7.4.1 want: ^6.1.0
350 silly placeDep ROOT @rollup/plugin-node-resolve@16.0.3 OK for: workbox-build@7.4.1 want: ^16.0.3
351 silly placeDep ROOT @rollup/plugin-replace@6.0.3 OK for: workbox-build@7.4.1 want: ^6.0.3
352 silly placeDep ROOT @rollup/plugin-terser@1.0.0 OK for: workbox-build@7.4.1 want: ^1.0.0
353 silly placeDep ROOT @trickfilm400/rollup-plugin-off-main-thread@3.0.0-pre1 OK for: workbox-build@7.4.1 want: ^3.0.0-pre1
354 silly placeDep ROOT common-tags@1.8.2 OK for: workbox-build@7.4.1 want: ^1.8.0
355 silly placeDep ROOT eta@4.6.0 OK for: workbox-build@7.4.1 want: ^4.5.1
356 silly placeDep ROOT fast-json-stable-stringify@2.1.0 OK for: workbox-build@7.4.1 want: ^2.1.0
357 silly placeDep ROOT fs-extra@9.1.0 OK for: workbox-build@7.4.1 want: ^9.0.1
358 silly placeDep ROOT glob@11.1.0 OK for: workbox-build@7.4.1 want: ^11.0.1
359 silly placeDep node_modules/workbox-build pretty-bytes@5.6.0 OK for: workbox-build@7.4.1 want: ^5.3.0
360 silly placeDep ROOT rollup@4.63.4 OK for: workbox-build@7.4.1 want: ^4.53.3
361 silly placeDep ROOT source-map@0.8.0 OK for: workbox-build@7.4.1 want: ^0.8.0-beta.0
362 silly placeDep ROOT stringify-object@3.3.0 OK for: workbox-build@7.4.1 want: ^3.3.0
363 silly placeDep ROOT strip-comments@2.0.1 OK for: workbox-build@7.4.1 want: ^2.0.1
364 silly placeDep ROOT tempy@0.6.0 OK for: workbox-build@7.4.1 want: ^0.6.0
365 silly placeDep ROOT upath@1.2.0 OK for: workbox-build@7.4.1 want: ^1.2.0
366 silly placeDep ROOT workbox-background-sync@7.4.1 OK for: workbox-build@7.4.1 want: 7.4.1
367 silly placeDep ROOT workbox-broadcast-update@7.4.1 OK for: workbox-build@7.4.1 want: 7.4.1
368 silly placeDep ROOT workbox-cacheable-response@7.4.1 OK for: workbox-build@7.4.1 want: 7.4.1
369 silly placeDep ROOT workbox-core@7.4.1 OK for: workbox-build@7.4.1 want: 7.4.1
370 silly placeDep ROOT workbox-expiration@7.4.1 OK for: workbox-build@7.4.1 want: 7.4.1
371 silly placeDep ROOT workbox-google-analytics@7.4.1 OK for: workbox-build@7.4.1 want: 7.4.1
372 silly placeDep ROOT workbox-navigation-preload@7.4.1 OK for: workbox-build@7.4.1 want: 7.4.1
373 silly placeDep ROOT workbox-precaching@7.4.1 OK for: workbox-build@7.4.1 want: 7.4.1
374 silly placeDep ROOT workbox-range-requests@7.4.1 OK for: workbox-build@7.4.1 want: 7.4.1
375 silly placeDep ROOT workbox-recipes@7.4.1 OK for: workbox-build@7.4.1 want: 7.4.1
376 silly placeDep ROOT workbox-routing@7.4.1 OK for: workbox-build@7.4.1 want: 7.4.1
377 silly placeDep ROOT workbox-strategies@7.4.1 OK for: workbox-build@7.4.1 want: 7.4.1
378 silly placeDep ROOT workbox-streams@7.4.1 OK for: workbox-build@7.4.1 want: 7.4.1
379 silly placeDep ROOT workbox-sw@7.4.1 OK for: workbox-build@7.4.1 want: 7.4.1
380 silly fetch manifest leven@^3.1.0
381 silly packumentCache full:https://registry.npmjs.org/leven cache-miss
382 silly fetch manifest jsonpointer@^5.0.1
383 silly packumentCache full:https://registry.npmjs.org/jsonpointer cache-miss
384 silly fetch manifest fast-deep-equal@^3.1.3
385 silly packumentCache full:https://registry.npmjs.org/fast-deep-equal cache-miss
386 silly fetch manifest fast-uri@^3.0.1
387 silly packumentCache full:https://registry.npmjs.org/fast-uri cache-miss
388 silly fetch manifest json-schema-traverse@^1.0.0
389 silly packumentCache full:https://registry.npmjs.org/json-schema-traverse cache-miss
390 silly fetch manifest require-from-string@^2.0.2
391 silly packumentCache full:https://registry.npmjs.org/require-from-string cache-miss
392 silly fetch manifest json5@^2.2.3
393 silly packumentCache full:https://registry.npmjs.org/json5 cache-miss
394 silly fetch manifest semver@^6.3.1
395 silly packumentCache full:https://registry.npmjs.org/semver cache-miss
396 silly fetch manifest gensync@^1.0.0-beta.2
397 silly packumentCache full:https://registry.npmjs.org/gensync cache-miss
398 silly fetch manifest @babel/types@^7.29.7
399 silly packumentCache full:https://registry.npmjs.org/@babel%2ftypes cache-miss
400 silly fetch manifest @babel/parser@^7.29.7
401 silly packumentCache full:https://registry.npmjs.org/@babel%2fparser cache-miss
402 silly fetch manifest @babel/helpers@^7.29.7
403 silly packumentCache full:https://registry.npmjs.org/@babel%2fhelpers cache-miss
404 silly fetch manifest @babel/template@^7.29.7
405 silly packumentCache full:https://registry.npmjs.org/@babel%2ftemplate cache-miss
406 silly fetch manifest @babel/traverse@^7.29.7
407 silly packumentCache full:https://registry.npmjs.org/@babel%2ftraverse cache-miss
408 silly fetch manifest @babel/generator@^7.29.7
409 silly packumentCache full:https://registry.npmjs.org/@babel%2fgenerator cache-miss
410 http fetch GET 200 https://registry.npmjs.org/semver 288ms (cache revalidated)
411 silly packumentCache full:https://registry.npmjs.org/semver set size:246128 disposed:false
412 silly fetch manifest @babel/code-frame@^7.29.7
413 silly packumentCache full:https://registry.npmjs.org/@babel%2fcode-frame cache-miss
414 http fetch GET 200 https://registry.npmjs.org/jsonpointer 323ms (cache miss)
415 silly packumentCache full:https://registry.npmjs.org/jsonpointer set size:undefined disposed:false
416 silly fetch manifest convert-source-map@^2.0.0
417 silly packumentCache full:https://registry.npmjs.org/convert-source-map cache-miss
418 http fetch GET 200 https://registry.npmjs.org/json-schema-traverse 343ms (cache miss)
419 silly packumentCache full:https://registry.npmjs.org/json-schema-traverse set size:undefined disposed:false
420 silly fetch manifest @jridgewell/remapping@^2.3.5
421 silly packumentCache full:https://registry.npmjs.org/@jridgewell%2fremapping cache-miss
422 http fetch GET 200 https://registry.npmjs.org/gensync 353ms (cache miss)
423 silly packumentCache full:https://registry.npmjs.org/gensync set size:undefined disposed:false
424 silly fetch manifest @babel/helper-module-transforms@^7.29.7
425 silly packumentCache full:https://registry.npmjs.org/@babel%2fhelper-module-transforms cache-miss
426 http fetch GET 200 https://registry.npmjs.org/require-from-string 362ms (cache miss)
427 silly packumentCache full:https://registry.npmjs.org/require-from-string set size:undefined disposed:false
428 silly fetch manifest @babel/helper-compilation-targets@^7.29.7
429 silly packumentCache full:https://registry.npmjs.org/@babel%2fhelper-compilation-targets cache-miss
430 http fetch GET 200 https://registry.npmjs.org/leven 376ms (cache miss)
431 silly packumentCache full:https://registry.npmjs.org/leven set size:undefined disposed:false
432 silly fetch manifest core-js-compat@^3.48.0
433 silly packumentCache full:https://registry.npmjs.org/core-js-compat cache-miss
434 http fetch GET 200 https://registry.npmjs.org/json5 373ms (cache miss)
435 silly packumentCache full:https://registry.npmjs.org/json5 set size:undefined disposed:false
436 silly fetch manifest @babel/compat-data@^7.29.7
437 silly packumentCache full:https://registry.npmjs.org/@babel%2fcompat-data cache-miss
438 http fetch GET 200 https://registry.npmjs.org/fast-deep-equal 388ms (cache miss)
439 silly packumentCache full:https://registry.npmjs.org/fast-deep-equal set size:undefined disposed:false
440 silly fetch manifest @babel/preset-modules@0.1.6-no-external-plugins
441 silly packumentCache full:https://registry.npmjs.org/@babel%2fpreset-modules cache-miss
442 http fetch GET 200 https://registry.npmjs.org/@babel%2ftemplate 389ms (cache miss)
443 silly packumentCache full:https://registry.npmjs.org/@babel%2ftemplate set size:undefined disposed:false
444 silly fetch manifest @babel/helper-plugin-utils@^7.29.7
445 silly packumentCache full:https://registry.npmjs.org/@babel%2fhelper-plugin-utils cache-miss
446 http fetch GET 200 https://registry.npmjs.org/fast-uri 409ms (cache miss)
447 silly packumentCache full:https://registry.npmjs.org/fast-uri set size:undefined disposed:false
448 silly fetch manifest babel-plugin-polyfill-corejs2@^0.4.15
449 silly packumentCache full:https://registry.npmjs.org/babel-plugin-polyfill-corejs2 cache-miss
450 http fetch GET 200 https://registry.npmjs.org/@babel%2ftypes 424ms (cache miss)
451 silly packumentCache full:https://registry.npmjs.org/@babel%2ftypes set size:undefined disposed:false
452 silly fetch manifest babel-plugin-polyfill-corejs3@^0.14.0
453 silly packumentCache full:https://registry.npmjs.org/babel-plugin-polyfill-corejs3 cache-miss
454 http fetch GET 200 https://registry.npmjs.org/@babel%2fgenerator 430ms (cache miss)
455 silly packumentCache full:https://registry.npmjs.org/@babel%2fgenerator set size:undefined disposed:false
456 silly fetch manifest @babel/helper-validator-option@^7.29.7
457 silly packumentCache full:https://registry.npmjs.org/@babel%2fhelper-validator-option cache-miss
458 http fetch GET 200 https://registry.npmjs.org/@babel%2fhelpers 461ms (cache miss)
459 silly packumentCache full:https://registry.npmjs.org/@babel%2fhelpers set size:undefined disposed:false
460 silly fetch manifest @babel/plugin-transform-for-of@^7.29.7
461 silly packumentCache full:https://registry.npmjs.org/@babel%2fplugin-transform-for-of cache-miss
462 http fetch GET 200 https://registry.npmjs.org/@babel%2ftraverse 482ms (cache miss)
463 silly packumentCache full:https://registry.npmjs.org/@babel%2ftraverse set size:undefined disposed:false
464 silly fetch manifest @babel/plugin-transform-spread@^7.29.7
465 silly packumentCache full:https://registry.npmjs.org/@babel%2fplugin-transform-spread cache-miss
466 http fetch GET 200 https://registry.npmjs.org/@babel%2fparser 517ms (cache miss)
467 silly packumentCache full:https://registry.npmjs.org/@babel%2fparser set size:undefined disposed:false
468 silly fetch manifest @babel/plugin-transform-classes@^7.29.7
469 silly packumentCache full:https://registry.npmjs.org/@babel%2fplugin-transform-classes cache-miss
470 http fetch GET 200 https://registry.npmjs.org/convert-source-map 838ms (cache miss)
471 silly packumentCache full:https://registry.npmjs.org/convert-source-map set size:undefined disposed:false
472 silly fetch manifest @babel/plugin-transform-literals@^7.29.7
473 silly packumentCache full:https://registry.npmjs.org/@babel%2fplugin-transform-literals cache-miss
474 http fetch GET 200 https://registry.npmjs.org/@jridgewell%2fremapping 828ms (cache miss)
475 silly packumentCache full:https://registry.npmjs.org/@jridgewell%2fremapping set size:undefined disposed:false
476 silly fetch manifest @babel/helper-compilation-targets@^7.29.7
477 silly packumentCache full:https://registry.npmjs.org/@babel%2fhelper-compilation-targets cache-miss
478 http fetch GET 200 https://registry.npmjs.org/@babel%2fcode-frame 920ms (cache miss)
479 silly packumentCache full:https://registry.npmjs.org/@babel%2fcode-frame set size:undefined disposed:false
480 silly fetch manifest babel-plugin-polyfill-regenerator@^0.6.6
481 silly packumentCache full:https://registry.npmjs.org/babel-plugin-polyfill-regenerator cache-miss
482 http fetch GET 200 https://registry.npmjs.org/@babel%2fhelper-compilation-targets 873ms (cache miss)
483 silly packumentCache full:https://registry.npmjs.org/@babel%2fhelper-compilation-targets set size:undefined disposed:false
484 silly fetch manifest @babel/plugin-transform-new-target@^7.29.7
485 silly packumentCache full:https://registry.npmjs.org/@babel%2fplugin-transform-new-target cache-miss
486 http fetch GET 200 https://registry.npmjs.org/@babel%2fpreset-modules 861ms (cache miss)
487 silly packumentCache full:https://registry.npmjs.org/@babel%2fpreset-modules set size:undefined disposed:false
488 silly fetch manifest @babel/plugin-transform-parameters@^7.29.7
489 silly packumentCache full:https://registry.npmjs.org/@babel%2fplugin-transform-parameters cache-miss
490 http fetch GET 200 https://registry.npmjs.org/@babel%2fhelper-module-transforms 939ms (cache miss)
491 silly packumentCache full:https://registry.npmjs.org/@babel%2fhelper-module-transforms set size:undefined disposed:false
492 silly fetch manifest @babel/plugin-transform-modules-amd@^7.29.7
493 silly packumentCache full:https://registry.npmjs.org/@babel%2fplugin-transform-modules-amd cache-miss
494 http fetch GET 200 https://registry.npmjs.org/babel-plugin-polyfill-corejs3 895ms (cache miss)
495 silly packumentCache full:https://registry.npmjs.org/babel-plugin-polyfill-corejs3 set size:undefined disposed:false
496 silly fetch manifest @babel/plugin-transform-modules-umd@^7.29.7
497 silly packumentCache full:https://registry.npmjs.org/@babel%2fplugin-transform-modules-umd cache-miss
498 http fetch GET 200 https://registry.npmjs.org/babel-plugin-polyfill-corejs2 943ms (cache miss)
499 silly packumentCache full:https://registry.npmjs.org/babel-plugin-polyfill-corejs2 set size:undefined disposed:false
500 silly fetch manifest @babel/plugin-transform-regenerator@^7.29.7
501 silly packumentCache full:https://registry.npmjs.org/@babel%2fplugin-transform-regenerator cache-miss
502 http fetch GET 200 https://registry.npmjs.org/@babel%2fhelper-validator-option 918ms (cache miss)
503 silly packumentCache full:https://registry.npmjs.org/@babel%2fhelper-validator-option set size:undefined disposed:false
504 silly fetch manifest @babel/plugin-transform-dotall-regex@^7.29.7
505 silly packumentCache full:https://registry.npmjs.org/@babel%2fplugin-transform-dotall-regex cache-miss
506 http fetch GET 200 https://registry.npmjs.org/@babel%2fcompat-data 1010ms (cache miss)
507 silly packumentCache full:https://registry.npmjs.org/@babel%2fcompat-data set size:undefined disposed:false
508 silly fetch manifest @babel/plugin-transform-json-strings@^7.29.7
509 silly packumentCache full:https://registry.npmjs.org/@babel%2fplugin-transform-json-strings cache-miss
510 http fetch GET 200 https://registry.npmjs.org/@babel%2fhelper-plugin-utils 999ms (cache miss)
511 silly packumentCache full:https://registry.npmjs.org/@babel%2fhelper-plugin-utils set size:undefined disposed:false
512 silly fetch manifest @babel/plugin-transform-object-super@^7.29.7
513 silly packumentCache full:https://registry.npmjs.org/@babel%2fplugin-transform-object-super cache-miss
514 http fetch GET 200 https://registry.npmjs.org/@babel%2fplugin-transform-for-of 946ms (cache miss)
515 silly packumentCache full:https://registry.npmjs.org/@babel%2fplugin-transform-for-of set size:undefined disposed:false
516 silly fetch manifest @babel/plugin-transform-sticky-regex@^7.29.7
517 silly packumentCache full:https://registry.npmjs.org/@babel%2fplugin-transform-sticky-regex cache-miss
518 http fetch GET 200 https://registry.npmjs.org/core-js-compat 1226ms (cache miss)
519 silly packumentCache full:https://registry.npmjs.org/core-js-compat set size:undefined disposed:false
520 silly fetch manifest @babel/plugin-transform-block-scoping@^7.29.7
521 silly packumentCache full:https://registry.npmjs.org/@babel%2fplugin-transform-block-scoping cache-miss
522 http fetch GET 200 https://registry.npmjs.org/@babel%2fplugin-transform-spread 1133ms (cache miss)
523 silly packumentCache full:https://registry.npmjs.org/@babel%2fplugin-transform-spread set size:undefined disposed:false
524 silly fetch manifest @babel/plugin-transform-destructuring@^7.29.7
525 silly packumentCache full:https://registry.npmjs.org/@babel%2fplugin-transform-destructuring cache-miss
526 http fetch GET 200 https://registry.npmjs.org/babel-plugin-polyfill-regenerator 417ms (cache miss)
527 silly packumentCache full:https://registry.npmjs.org/babel-plugin-polyfill-regenerator set size:undefined disposed:false
528 silly fetch manifest @babel/plugin-transform-function-name@^7.29.7
529 silly packumentCache full:https://registry.npmjs.org/@babel%2fplugin-transform-function-name cache-miss
530 http fetch GET 200 https://registry.npmjs.org/@babel%2fplugin-transform-literals 490ms (cache miss)
531 silly packumentCache full:https://registry.npmjs.org/@babel%2fplugin-transform-literals set size:undefined disposed:false
532 silly fetch manifest @babel/plugin-transform-typeof-symbol@^7.29.7
533 silly packumentCache full:https://registry.npmjs.org/@babel%2fplugin-transform-typeof-symbol cache-miss
534 http fetch GET 200 https://registry.npmjs.org/@babel%2fhelper-compilation-targets 496ms (cache miss)
535 silly packumentCache full:https://registry.npmjs.org/@babel%2fhelper-compilation-targets set size:undefined disposed:false
536 silly fetch manifest @babel/plugin-transform-unicode-regex@^7.29.7
537 silly packumentCache full:https://registry.npmjs.org/@babel%2fplugin-transform-unicode-regex cache-miss
538 http fetch GET 200 https://registry.npmjs.org/@babel%2fplugin-transform-new-target 435ms (cache miss)
539 silly packumentCache full:https://registry.npmjs.org/@babel%2fplugin-transform-new-target set size:undefined disposed:false
540 silly fetch manifest @babel/plugin-syntax-import-assertions@^7.29.7
541 silly packumentCache full:https://registry.npmjs.org/@babel%2fplugin-syntax-import-assertions cache-miss
542 http fetch GET 200 https://registry.npmjs.org/@babel%2fplugin-transform-classes 1163ms (cache miss)
543 silly packumentCache full:https://registry.npmjs.org/@babel%2fplugin-transform-classes set size:undefined disposed:false
544 silly fetch manifest @babel/plugin-syntax-import-attributes@^7.29.7
545 silly packumentCache full:https://registry.npmjs.org/@babel%2fplugin-syntax-import-attributes cache-miss
546 http fetch GET 200 https://registry.npmjs.org/@babel%2fplugin-transform-modules-amd 408ms (cache miss)
547 silly packumentCache full:https://registry.npmjs.org/@babel%2fplugin-transform-modules-amd set size:undefined disposed:false
548 silly fetch manifest @babel/plugin-transform-duplicate-keys@^7.29.7
549 silly packumentCache full:https://registry.npmjs.org/@babel%2fplugin-transform-duplicate-keys cache-miss
550 http fetch GET 200 https://registry.npmjs.org/@babel%2fplugin-transform-parameters 481ms (cache miss)
551 silly packumentCache full:https://registry.npmjs.org/@babel%2fplugin-transform-parameters set size:undefined disposed:false
552 silly fetch manifest @babel/plugin-transform-dynamic-import@^7.29.7
553 silly packumentCache full:https://registry.npmjs.org/@babel%2fplugin-transform-dynamic-import cache-miss
554 http fetch GET 200 https://registry.npmjs.org/@babel%2fplugin-transform-modules-umd 409ms (cache miss)
555 silly packumentCache full:https://registry.npmjs.org/@babel%2fplugin-transform-modules-umd set size:undefined disposed:false
556 silly fetch manifest @babel/plugin-transform-reserved-words@^7.29.7
557 silly packumentCache full:https://registry.npmjs.org/@babel%2fplugin-transform-reserved-words cache-miss
558 http fetch GET 200 https://registry.npmjs.org/@babel%2fplugin-transform-json-strings 358ms (cache miss)
559 silly packumentCache full:https://registry.npmjs.org/@babel%2fplugin-transform-json-strings set size:undefined disposed:false
560 silly fetch manifest @babel/plugin-syntax-unicode-sets-regex@^7.18.6
561 silly packumentCache full:https://registry.npmjs.org/@babel%2fplugin-syntax-unicode-sets-regex cache-miss
562 http fetch GET 200 https://registry.npmjs.org/@babel%2fplugin-transform-regenerator 419ms (cache miss)
563 silly packumentCache full:https://registry.npmjs.org/@babel%2fplugin-transform-regenerator set size:undefined disposed:false
564 silly fetch manifest @babel/plugin-transform-arrow-functions@^7.29.7
565 silly packumentCache full:https://registry.npmjs.org/@babel%2fplugin-transform-arrow-functions cache-miss
566 http fetch GET 200 https://registry.npmjs.org/@babel%2fplugin-transform-dotall-regex 417ms (cache miss)
567 silly packumentCache full:https://registry.npmjs.org/@babel%2fplugin-transform-dotall-regex set size:undefined disposed:false
568 silly fetch manifest @babel/plugin-transform-private-methods@^7.29.7
569 silly packumentCache full:https://registry.npmjs.org/@babel%2fplugin-transform-private-methods cache-miss
570 http fetch GET 200 https://registry.npmjs.org/@babel%2fplugin-transform-object-super 402ms (cache miss)
571 silly packumentCache full:https://registry.npmjs.org/@babel%2fplugin-transform-object-super set size:undefined disposed:false
572 silly fetch manifest @babel/plugin-transform-unicode-escapes@^7.29.7
573 silly packumentCache full:https://registry.npmjs.org/@babel%2fplugin-transform-unicode-escapes cache-miss
574 http fetch GET 200 https://registry.npmjs.org/@babel%2fplugin-transform-sticky-regex 394ms (cache miss)
575 silly packumentCache full:https://registry.npmjs.org/@babel%2fplugin-transform-sticky-regex set size:undefined disposed:false
576 silly fetch manifest @babel/plugin-transform-class-properties@^7.29.7
577 silly packumentCache full:https://registry.npmjs.org/@babel%2fplugin-transform-class-properties cache-miss
578 http fetch GET 200 https://registry.npmjs.org/@babel%2fplugin-transform-block-scoping 257ms (cache miss)
579 silly packumentCache full:https://registry.npmjs.org/@babel%2fplugin-transform-block-scoping set size:undefined disposed:false
580 silly fetch manifest @babel/plugin-transform-modules-commonjs@^7.29.7
581 silly packumentCache full:https://registry.npmjs.org/@babel%2fplugin-transform-modules-commonjs cache-miss
582 http fetch GET 200 https://registry.npmjs.org/@babel%2fplugin-syntax-import-attributes 175ms (cache miss)
583 silly packumentCache full:https://registry.npmjs.org/@babel%2fplugin-syntax-import-attributes set size:undefined disposed:false
584 silly fetch manifest @babel/plugin-transform-modules-systemjs@^7.29.7
585 silly packumentCache full:https://registry.npmjs.org/@babel%2fplugin-transform-modules-systemjs cache-miss
586 http fetch GET 200 https://registry.npmjs.org/@babel%2fplugin-syntax-import-assertions 214ms (cache miss)
587 silly packumentCache full:https://registry.npmjs.org/@babel%2fplugin-syntax-import-assertions set size:undefined disposed:false
588 silly fetch manifest @babel/plugin-transform-regexp-modifiers@^7.29.7
589 silly packumentCache full:https://registry.npmjs.org/@babel%2fplugin-transform-regexp-modifiers cache-miss
590 http fetch GET 200 https://registry.npmjs.org/@babel%2fplugin-transform-dynamic-import 166ms (cache miss)
591 silly packumentCache full:https://registry.npmjs.org/@babel%2fplugin-transform-dynamic-import set size:undefined disposed:false
592 silly fetch manifest @babel/plugin-transform-numeric-separator@^7.29.7
593 silly packumentCache full:https://registry.npmjs.org/@babel%2fplugin-transform-numeric-separator cache-miss
594 http fetch GET 200 https://registry.npmjs.org/@babel%2fplugin-syntax-unicode-sets-regex 158ms (cache miss)
595 silly packumentCache full:https://registry.npmjs.org/@babel%2fplugin-syntax-unicode-sets-regex set size:undefined disposed:false
596 silly fetch manifest @babel/plugin-transform-optional-chaining@^7.29.7
597 silly packumentCache full:https://registry.npmjs.org/@babel%2fplugin-transform-optional-chaining cache-miss
598 http fetch GET 200 https://registry.npmjs.org/@babel%2fplugin-transform-typeof-symbol 272ms (cache miss)
599 silly packumentCache full:https://registry.npmjs.org/@babel%2fplugin-transform-typeof-symbol set size:undefined disposed:false
600 silly fetch manifest @babel/plugin-transform-property-literals@^7.29.7
601 silly packumentCache full:https://registry.npmjs.org/@babel%2fplugin-transform-property-literals cache-miss
602 http fetch GET 200 https://registry.npmjs.org/@babel%2fplugin-transform-destructuring 306ms (cache miss)
603 silly packumentCache full:https://registry.npmjs.org/@babel%2fplugin-transform-destructuring set size:undefined disposed:false
604 silly fetch manifest @babel/plugin-transform-template-literals@^7.29.7
605 silly packumentCache full:https://registry.npmjs.org/@babel%2fplugin-transform-template-literals cache-miss
606 http fetch GET 200 https://registry.npmjs.org/@babel%2fplugin-transform-unicode-regex 284ms (cache miss)
607 silly packumentCache full:https://registry.npmjs.org/@babel%2fplugin-transform-unicode-regex set size:undefined disposed:false
608 silly fetch manifest @babel/plugin-transform-async-to-generator@^7.29.7
609 silly packumentCache full:https://registry.npmjs.org/@babel%2fplugin-transform-async-to-generator cache-miss
610 http fetch GET 200 https://registry.npmjs.org/@babel%2fplugin-transform-function-name 320ms (cache miss)
611 silly packumentCache full:https://registry.npmjs.org/@babel%2fplugin-transform-function-name set size:undefined disposed:false
612 silly fetch manifest @babel/plugin-transform-class-static-block@^7.29.7
613 silly packumentCache full:https://registry.npmjs.org/@babel%2fplugin-transform-class-static-block cache-miss
614 http fetch GET 200 https://registry.npmjs.org/@babel%2fplugin-transform-duplicate-keys 258ms (cache miss)
615 silly packumentCache full:https://registry.npmjs.org/@babel%2fplugin-transform-duplicate-keys set size:undefined disposed:false
616 silly fetch manifest @babel/plugin-transform-object-rest-spread@^7.29.7
617 silly packumentCache full:https://registry.npmjs.org/@babel%2fplugin-transform-object-rest-spread cache-miss
618 http fetch GET 200 https://registry.npmjs.org/@babel%2fplugin-transform-reserved-words 243ms (cache miss)
619 silly packumentCache full:https://registry.npmjs.org/@babel%2fplugin-transform-reserved-words set size:undefined disposed:false
620 silly fetch manifest @babel/plugin-transform-unicode-sets-regex@^7.29.7
621 silly packumentCache full:https://registry.npmjs.org/@babel%2fplugin-transform-unicode-sets-regex cache-miss
622 http fetch GET 200 https://registry.npmjs.org/@babel%2fplugin-transform-private-methods 216ms (cache miss)
623 silly packumentCache full:https://registry.npmjs.org/@babel%2fplugin-transform-private-methods set size:undefined disposed:false
624 silly fetch manifest @babel/plugin-transform-computed-properties@^7.29.7
625 silly packumentCache full:https://registry.npmjs.org/@babel%2fplugin-transform-computed-properties cache-miss
626 http fetch GET 200 https://registry.npmjs.org/@babel%2fplugin-transform-unicode-escapes 218ms (cache miss)
627 silly packumentCache full:https://registry.npmjs.org/@babel%2fplugin-transform-unicode-escapes set size:undefined disposed:false
628 silly fetch manifest @babel/plugin-transform-shorthand-properties@^7.29.7
629 silly packumentCache full:https://registry.npmjs.org/@babel%2fplugin-transform-shorthand-properties cache-miss
630 http fetch GET 200 https://registry.npmjs.org/@babel%2fplugin-transform-arrow-functions 264ms (cache miss)
631 silly packumentCache full:https://registry.npmjs.org/@babel%2fplugin-transform-arrow-functions set size:undefined disposed:false
632 silly fetch manifest @babel/plugin-transform-export-namespace-from@^7.29.7
633 silly packumentCache full:https://registry.npmjs.org/@babel%2fplugin-transform-export-namespace-from cache-miss
634 http fetch GET 200 https://registry.npmjs.org/@babel%2fplugin-transform-class-properties 236ms (cache miss)
635 silly packumentCache full:https://registry.npmjs.org/@babel%2fplugin-transform-class-properties set size:undefined disposed:false
636 silly fetch manifest @babel/plugin-transform-block-scoped-functions@^7.29.7
637 silly packumentCache full:https://registry.npmjs.org/@babel%2fplugin-transform-block-scoped-functions cache-miss
638 http fetch GET 200 https://registry.npmjs.org/@babel%2fplugin-transform-regexp-modifiers 198ms (cache miss)
639 silly packumentCache full:https://registry.npmjs.org/@babel%2fplugin-transform-regexp-modifiers set size:undefined disposed:false
640 silly fetch manifest @babel/plugin-transform-optional-catch-binding@^7.29.7
641 silly packumentCache full:https://registry.npmjs.org/@babel%2fplugin-transform-optional-catch-binding cache-miss
642 http fetch GET 200 https://registry.npmjs.org/@babel%2fplugin-transform-numeric-separator 198ms (cache miss)
643 silly packumentCache full:https://registry.npmjs.org/@babel%2fplugin-transform-numeric-separator set size:undefined disposed:false
644 silly fetch manifest @babel/plugin-transform-unicode-property-regex@^7.29.7
645 silly packumentCache full:https://registry.npmjs.org/@babel%2fplugin-transform-unicode-property-regex cache-miss
646 http fetch GET 200 https://registry.npmjs.org/@babel%2fplugin-transform-modules-commonjs 254ms (cache miss)
647 silly packumentCache full:https://registry.npmjs.org/@babel%2fplugin-transform-modules-commonjs set size:undefined disposed:false
648 silly fetch manifest @babel/plugin-transform-exponentiation-operator@^7.29.7
649 silly packumentCache full:https://registry.npmjs.org/@babel%2fplugin-transform-exponentiation-operator cache-miss
650 http fetch GET 200 https://registry.npmjs.org/@babel%2fplugin-transform-modules-systemjs 245ms (cache miss)
651 silly packumentCache full:https://registry.npmjs.org/@babel%2fplugin-transform-modules-systemjs set size:undefined disposed:false
652 silly fetch manifest @babel/plugin-proposal-private-property-in-object@7.21.0-placeholder-for-preset-env.2
653 silly packumentCache full:https://registry.npmjs.org/@babel%2fplugin-proposal-private-property-in-object cache-miss
654 http fetch GET 200 https://registry.npmjs.org/@babel%2fplugin-transform-optional-chaining 226ms (cache miss)
655 silly packumentCache full:https://registry.npmjs.org/@babel%2fplugin-transform-optional-chaining set size:undefined disposed:false
656 silly fetch manifest @babel/plugin-transform-async-generator-functions@^7.29.7
657 silly packumentCache full:https://registry.npmjs.org/@babel%2fplugin-transform-async-generator-functions cache-miss
658 http fetch GET 200 https://registry.npmjs.org/@babel%2fplugin-transform-object-rest-spread 174ms (cache miss)
659 silly packumentCache full:https://registry.npmjs.org/@babel%2fplugin-transform-object-rest-spread set size:undefined disposed:false
660 silly fetch manifest @babel/plugin-transform-member-expression-literals@^7.29.7
661 silly packumentCache full:https://registry.npmjs.org/@babel%2fplugin-transform-member-expression-literals cache-miss
662 http fetch GET 200 https://registry.npmjs.org/@babel%2fplugin-transform-class-static-block 187ms (cache miss)
663 silly packumentCache full:https://registry.npmjs.org/@babel%2fplugin-transform-class-static-block set size:undefined disposed:false
664 silly fetch manifest @babel/plugin-transform-private-property-in-object@^7.29.7
665 silly packumentCache full:https://registry.npmjs.org/@babel%2fplugin-transform-private-property-in-object cache-miss
666 http fetch GET 200 https://registry.npmjs.org/@babel%2fplugin-transform-template-literals 220ms (cache miss)
667 silly packumentCache full:https://registry.npmjs.org/@babel%2fplugin-transform-template-literals set size:undefined disposed:false
668 silly fetch manifest @babel/plugin-transform-nullish-coalescing-operator@^7.29.7
669 silly packumentCache full:https://registry.npmjs.org/@babel%2fplugin-transform-nullish-coalescing-operator cache-miss
670 http fetch GET 200 https://registry.npmjs.org/@babel%2fplugin-transform-property-literals 235ms (cache miss)
671 silly packumentCache full:https://registry.npmjs.org/@babel%2fplugin-transform-property-literals set size:undefined disposed:false
672 silly fetch manifest @babel/plugin-transform-explicit-resource-management@^7.29.7
673 silly packumentCache full:https://registry.npmjs.org/@babel%2fplugin-transform-explicit-resource-management cache-miss
674 http fetch GET 200 https://registry.npmjs.org/@babel%2fplugin-transform-async-to-generator 220ms (cache miss)
675 silly packumentCache full:https://registry.npmjs.org/@babel%2fplugin-transform-async-to-generator set size:undefined disposed:false
676 silly fetch manifest @babel/plugin-transform-logical-assignment-operators@^7.29.7
677 silly packumentCache full:https://registry.npmjs.org/@babel%2fplugin-transform-logical-assignment-operators cache-miss
678 http fetch GET 200 https://registry.npmjs.org/@babel%2fplugin-transform-export-namespace-from 944ms (cache miss)
679 silly packumentCache full:https://registry.npmjs.org/@babel%2fplugin-transform-export-namespace-from set size:undefined disposed:false
680 silly fetch manifest @babel/plugin-transform-named-capturing-groups-regex@^7.29.7
681 silly packumentCache full:https://registry.npmjs.org/@babel%2fplugin-transform-named-capturing-groups-regex cache-miss
682 http fetch GET 200 https://registry.npmjs.org/@babel%2fplugin-transform-explicit-resource-management 866ms (cache miss)
683 silly packumentCache full:https://registry.npmjs.org/@babel%2fplugin-transform-explicit-resource-management set size:undefined disposed:false
684 silly fetch manifest @babel/plugin-bugfix-firefox-class-in-computed-class-key@^7.29.7
685 silly packumentCache full:https://registry.npmjs.org/@babel%2fplugin-bugfix-firefox-class-in-computed-class-key cache-miss
686 http fetch GET 200 https://registry.npmjs.org/@babel%2fplugin-proposal-private-property-in-object 932ms (cache miss)
687 silly packumentCache full:https://registry.npmjs.org/@babel%2fplugin-proposal-private-property-in-object set size:undefined disposed:false
688 silly fetch manifest @babel/plugin-bugfix-safari-rest-destructuring-rhs-array@^7.29.7
689 silly packumentCache full:https://registry.npmjs.org/@babel%2fplugin-bugfix-safari-rest-destructuring-rhs-array cache-miss
690 http fetch GET 200 https://registry.npmjs.org/@babel%2fplugin-transform-private-property-in-object 910ms (cache miss)
691 silly packumentCache full:https://registry.npmjs.org/@babel%2fplugin-transform-private-property-in-object set size:undefined disposed:false
692 silly fetch manifest @babel/plugin-bugfix-safari-class-field-initializer-scope@^7.29.7
693 silly packumentCache full:https://registry.npmjs.org/@babel%2fplugin-bugfix-safari-class-field-initializer-scope cache-miss
694 http fetch GET 200 https://registry.npmjs.org/@babel%2fplugin-transform-optional-catch-binding 984ms (cache miss)
695 silly packumentCache full:https://registry.npmjs.org/@babel%2fplugin-transform-optional-catch-binding set size:undefined disposed:false
696 silly fetch manifest @babel/plugin-bugfix-v8-static-class-fields-redefine-readonly@^7.29.7
697 silly packumentCache full:https://registry.npmjs.org/@babel%2fplugin-bugfix-v8-static-class-fields-redefine-readonly cache-miss
698 http fetch GET 200 https://registry.npmjs.org/@babel%2fplugin-transform-unicode-sets-regex 1106ms (cache miss)
699 silly packumentCache full:https://registry.npmjs.org/@babel%2fplugin-transform-unicode-sets-regex set size:undefined disposed:false
700 silly fetch manifest @babel/plugin-bugfix-v8-spread-parameters-in-optional-chaining@^7.29.7
701 silly packumentCache full:https://registry.npmjs.org/@babel%2fplugin-bugfix-v8-spread-parameters-in-optional-chaining cache-miss
702 http fetch GET 200 https://registry.npmjs.org/@babel%2fplugin-transform-unicode-property-regex 993ms (cache miss)
703 silly packumentCache full:https://registry.npmjs.org/@babel%2fplugin-transform-unicode-property-regex set size:undefined disposed:false
704 silly fetch manifest @babel/plugin-transform-duplicate-named-capturing-groups-regex@^7.29.7
705 silly packumentCache full:https://registry.npmjs.org/@babel%2fplugin-transform-duplicate-named-capturing-groups-regex cache-miss
706 http fetch GET 200 https://registry.npmjs.org/@babel%2fplugin-transform-nullish-coalescing-operator 942ms (cache miss)
707 silly packumentCache full:https://registry.npmjs.org/@babel%2fplugin-transform-nullish-coalescing-operator set size:undefined disposed:false
708 silly fetch manifest @babel/plugin-bugfix-safari-id-destructuring-collision-in-function-expression@^7.29.7
709 silly packumentCache full:https://registry.npmjs.org/@babel%2fplugin-bugfix-safari-id-destructuring-collision-in-function-expression cache-miss
710 http fetch GET 200 https://registry.npmjs.org/@babel%2fplugin-transform-async-generator-functions 973ms (cache miss)
711 silly packumentCache full:https://registry.npmjs.org/@babel%2fplugin-transform-async-generator-functions set size:undefined disposed:false
712 silly fetch manifest @rollup/pluginutils@^5.0.1
713 silly packumentCache full:https://registry.npmjs.org/@rollup%2fpluginutils cache-miss
714 http fetch GET 200 https://registry.npmjs.org/@babel%2fplugin-transform-member-expression-literals 976ms (cache miss)
715 silly packumentCache full:https://registry.npmjs.org/@babel%2fplugin-transform-member-expression-literals set size:undefined disposed:false
716 silly fetch manifest @babel/helper-module-imports@^7.18.6
717 silly packumentCache full:https://registry.npmjs.org/@babel%2fhelper-module-imports cache-miss
718 http fetch GET 200 https://registry.npmjs.org/@babel%2fplugin-transform-shorthand-properties 1115ms (cache miss)
719 silly packumentCache full:https://registry.npmjs.org/@babel%2fplugin-transform-shorthand-properties set size:undefined disposed:false
720 silly fetch manifest @rollup/pluginutils@^5.0.1
721 silly packumentCache full:https://registry.npmjs.org/@rollup%2fpluginutils cache-miss
722 http fetch GET 200 https://registry.npmjs.org/@babel%2fplugin-transform-block-scoped-functions 1099ms (cache miss)
723 silly packumentCache full:https://registry.npmjs.org/@babel%2fplugin-transform-block-scoped-functions set size:undefined disposed:false
724 silly fetch manifest @types/resolve@1.20.2
725 silly packumentCache full:https://registry.npmjs.org/@types%2fresolve cache-miss
726 http fetch GET 200 https://registry.npmjs.org/@babel%2fplugin-transform-logical-assignment-operators 985ms (cache miss)
727 silly packumentCache full:https://registry.npmjs.org/@babel%2fplugin-transform-logical-assignment-operators set size:undefined disposed:false
728 silly fetch manifest deepmerge@^4.2.2
729 silly packumentCache full:https://registry.npmjs.org/deepmerge cache-miss
730 http fetch GET 200 https://registry.npmjs.org/@babel%2fplugin-transform-computed-properties 1170ms (cache miss)
731 silly packumentCache full:https://registry.npmjs.org/@babel%2fplugin-transform-computed-properties set size:undefined disposed:false
732 silly fetch manifest is-module@^1.0.0
733 silly packumentCache full:https://registry.npmjs.org/is-module cache-miss
734 http fetch GET 200 https://registry.npmjs.org/@babel%2fplugin-transform-exponentiation-operator 1087ms (cache miss)
735 silly packumentCache full:https://registry.npmjs.org/@babel%2fplugin-transform-exponentiation-operator set size:undefined disposed:false
736 silly fetch manifest resolve@^1.22.1
737 silly packumentCache full:https://registry.npmjs.org/resolve cache-miss
738 http fetch GET 200 https://registry.npmjs.org/@babel%2fplugin-bugfix-firefox-class-in-computed-class-key 211ms (cache miss)
739 silly packumentCache full:https://registry.npmjs.org/@babel%2fplugin-bugfix-firefox-class-in-computed-class-key set size:undefined disposed:false
740 silly fetch manifest @rollup/pluginutils@^5.0.1
741 silly packumentCache full:https://registry.npmjs.org/@rollup%2fpluginutils cache-miss
742 http fetch GET 200 https://registry.npmjs.org/@babel%2fplugin-transform-named-capturing-groups-regex 278ms (cache miss)
743 silly packumentCache full:https://registry.npmjs.org/@babel%2fplugin-transform-named-capturing-groups-regex set size:undefined disposed:false
744 silly fetch manifest magic-string@^0.30.3
745 silly packumentCache full:https://registry.npmjs.org/magic-string cache-miss
746 http fetch GET 200 https://registry.npmjs.org/@babel%2fplugin-bugfix-safari-class-field-initializer-scope 214ms (cache miss)
747 silly packumentCache full:https://registry.npmjs.org/@babel%2fplugin-bugfix-safari-class-field-initializer-scope set size:undefined disposed:false
748 silly fetch manifest serialize-javascript@^7.0.3
749 silly packumentCache full:https://registry.npmjs.org/serialize-javascript cache-miss
750 http fetch GET 200 https://registry.npmjs.org/@babel%2fplugin-bugfix-safari-rest-destructuring-rhs-array 229ms (cache miss)
751 silly packumentCache full:https://registry.npmjs.org/@babel%2fplugin-bugfix-safari-rest-destructuring-rhs-array set size:undefined disposed:false
752 silly fetch manifest smob@^1.0.0
753 silly packumentCache full:https://registry.npmjs.org/smob cache-miss
754 http fetch GET 200 https://registry.npmjs.org/@babel%2fplugin-transform-duplicate-named-capturing-groups-regex 205ms (cache miss)
755 silly packumentCache full:https://registry.npmjs.org/@babel%2fplugin-transform-duplicate-named-capturing-groups-regex set size:undefined disposed:false
756 silly fetch manifest terser@^5.17.4
757 silly packumentCache full:https://registry.npmjs.org/terser cache-hit
758 silly fetch manifest ejs@^3.1.10
759 silly packumentCache full:https://registry.npmjs.org/ejs cache-miss
760 http fetch GET 200 https://registry.npmjs.org/@babel%2fplugin-bugfix-v8-static-class-fields-redefine-readonly 228ms (cache miss)
761 silly packumentCache full:https://registry.npmjs.org/@babel%2fplugin-bugfix-v8-static-class-fields-redefine-readonly set size:undefined disposed:false
762 silly fetch manifest magic-string@^0.30.21
763 silly packumentCache full:https://registry.npmjs.org/magic-string cache-miss
764 http fetch GET 200 https://registry.npmjs.org/@babel%2fplugin-bugfix-safari-id-destructuring-collision-in-function-expression 220ms (cache miss)
765 silly packumentCache full:https://registry.npmjs.org/@babel%2fplugin-bugfix-safari-id-destructuring-collision-in-function-expression set size:undefined disposed:false
766 silly fetch manifest string.prototype.matchall@^4.0.12
767 silly packumentCache full:https://registry.npmjs.org/string.prototype.matchall cache-miss
768 http fetch GET 200 https://registry.npmjs.org/@babel%2fplugin-bugfix-v8-spread-parameters-in-optional-chaining 239ms (cache miss)
769 silly packumentCache full:https://registry.npmjs.org/@babel%2fplugin-bugfix-v8-spread-parameters-in-optional-chaining set size:undefined disposed:false
770 silly fetch manifest jsonfile@^6.0.1
771 silly packumentCache full:https://registry.npmjs.org/jsonfile cache-miss
772 http fetch GET 200 https://registry.npmjs.org/@babel%2fhelper-module-imports 225ms (cache miss)
773 silly packumentCache full:https://registry.npmjs.org/@babel%2fhelper-module-imports set size:undefined disposed:false
774 silly fetch manifest graceful-fs@^4.2.0
775 silly packumentCache full:https://registry.npmjs.org/graceful-fs cache-miss
776 http fetch GET 200 https://registry.npmjs.org/@types%2fresolve 200ms (cache miss)
777 silly packumentCache full:https://registry.npmjs.org/@types%2fresolve set size:undefined disposed:false
778 silly fetch manifest universalify@^2.0.0
779 silly packumentCache full:https://registry.npmjs.org/universalify cache-miss
780 http fetch GET 200 https://registry.npmjs.org/is-module 187ms (cache miss)
781 silly packumentCache full:https://registry.npmjs.org/is-module set size:undefined disposed:false
782 silly fetch manifest at-least-node@^1.0.0
783 silly packumentCache full:https://registry.npmjs.org/at-least-node cache-miss
784 http fetch GET 200 https://registry.npmjs.org/deepmerge 206ms (cache miss)
785 silly packumentCache full:https://registry.npmjs.org/deepmerge set size:undefined disposed:false
786 silly fetch manifest minipass@^7.1.2
787 silly packumentCache full:https://registry.npmjs.org/minipass cache-miss
788 http fetch GET 200 https://registry.npmjs.org/resolve 219ms (cache miss)
789 silly packumentCache full:https://registry.npmjs.org/resolve set size:undefined disposed:false
790 silly fetch manifest jackspeak@^4.1.1
791 silly packumentCache full:https://registry.npmjs.org/jackspeak cache-miss
792 http fetch GET 200 https://registry.npmjs.org/serialize-javascript 168ms (cache miss)
793 silly packumentCache full:https://registry.npmjs.org/serialize-javascript set size:undefined disposed:false
794 silly fetch manifest minimatch@^10.1.1
795 silly packumentCache full:https://registry.npmjs.org/minimatch cache-miss
796 http fetch GET 200 https://registry.npmjs.org/string.prototype.matchall 135ms (cache miss)
797 silly packumentCache full:https://registry.npmjs.org/string.prototype.matchall set size:undefined disposed:false
798 silly fetch manifest path-scurry@^2.0.0
799 silly packumentCache full:https://registry.npmjs.org/path-scurry cache-miss
800 http fetch GET 200 https://registry.npmjs.org/ejs 163ms (cache miss)
801 silly packumentCache full:https://registry.npmjs.org/ejs set size:undefined disposed:false
802 silly fetch manifest foreground-child@^3.3.1
803 silly packumentCache full:https://registry.npmjs.org/foreground-child cache-miss
804 http fetch GET 200 https://registry.npmjs.org/@rollup%2fpluginutils 377ms (cache miss)
805 silly packumentCache full:https://registry.npmjs.org/@rollup%2fpluginutils set size:undefined disposed:false
806 silly fetch manifest package-json-from-dist@^1.0.0
807 silly packumentCache full:https://registry.npmjs.org/package-json-from-dist cache-miss
808 http fetch GET 200 https://registry.npmjs.org/@rollup%2fpluginutils 239ms (cache miss)
809 silly packumentCache full:https://registry.npmjs.org/@rollup%2fpluginutils set size:undefined disposed:false
810 silly fetch manifest @types/estree@1.0.9
811 silly packumentCache full:https://registry.npmjs.org/@types%2festree cache-miss
812 http fetch GET 200 https://registry.npmjs.org/@rollup%2fpluginutils 369ms (cache miss)
813 silly packumentCache full:https://registry.npmjs.org/@rollup%2fpluginutils set size:undefined disposed:false
814 silly fetch manifest @rollup/rollup-darwin-x64@4.63.4
815 silly packumentCache full:https://registry.npmjs.org/@rollup%2frollup-darwin-x64 cache-miss
816 http fetch GET 200 https://registry.npmjs.org/magic-string 212ms (cache miss)
817 silly packumentCache full:https://registry.npmjs.org/magic-string set size:undefined disposed:false
818 silly fetch manifest @rollup/rollup-freebsd-x64@4.63.4
819 silly packumentCache full:https://registry.npmjs.org/@rollup%2frollup-freebsd-x64 cache-miss
820 http fetch GET 200 https://registry.npmjs.org/universalify 179ms (cache revalidated)
821 silly packumentCache full:https://registry.npmjs.org/universalify set size:19431 disposed:false
822 silly fetch manifest @rollup/rollup-openbsd-x64@4.63.4
823 silly packumentCache full:https://registry.npmjs.org/@rollup%2frollup-openbsd-x64 cache-miss
824 http fetch GET 200 https://registry.npmjs.org/jsonfile 208ms (cache revalidated)
825 silly packumentCache full:https://registry.npmjs.org/jsonfile set size:53210 disposed:false
826 silly fetch manifest @napi-rs/lzma-linux-x64-gnu@1.5.1
827 silly packumentCache full:https://registry.npmjs.org/@napi-rs%2flzma-linux-x64-gnu cache-miss
828 http fetch GET 200 https://registry.npmjs.org/graceful-fs 195ms (cache revalidated)
829 silly packumentCache full:https://registry.npmjs.org/graceful-fs set size:124285 disposed:false
830 silly fetch manifest @rollup/rollup-darwin-arm64@4.63.4
831 silly packumentCache full:https://registry.npmjs.org/@rollup%2frollup-darwin-arm64 cache-miss
832 http fetch GET 200 https://registry.npmjs.org/magic-string 288ms (cache miss)
833 silly packumentCache full:https://registry.npmjs.org/magic-string set size:undefined disposed:false
834 silly fetch manifest @rollup/rollup-android-arm64@4.63.4
835 silly packumentCache full:https://registry.npmjs.org/@rollup%2frollup-android-arm64 cache-miss
836 http fetch GET 200 https://registry.npmjs.org/minipass 199ms (cache revalidated)
837 silly packumentCache full:https://registry.npmjs.org/minipass set size:276925 disposed:false
838 silly fetch manifest @rollup/rollup-freebsd-arm64@4.63.4
839 silly packumentCache full:https://registry.npmjs.org/@rollup%2frollup-freebsd-arm64 cache-miss
840 http fetch GET 200 https://registry.npmjs.org/jackspeak 184ms (cache miss)
841 silly packumentCache full:https://registry.npmjs.org/jackspeak set size:undefined disposed:false
842 silly fetch manifest @rollup/rollup-linux-x64-gnu@4.63.4
843 silly packumentCache full:https://registry.npmjs.org/@rollup%2frollup-linux-x64-gnu cache-miss
844 http fetch GET 200 https://registry.npmjs.org/minimatch 170ms (cache revalidated)
845 silly packumentCache full:https://registry.npmjs.org/minimatch set size:377924 disposed:false
846 silly fetch manifest @rollup/rollup-win32-x64-gnu@4.63.4
847 silly packumentCache full:https://registry.npmjs.org/@rollup%2frollup-win32-x64-gnu cache-miss
848 http fetch GET 200 https://registry.npmjs.org/path-scurry 184ms (cache revalidated)
849 silly packumentCache full:https://registry.npmjs.org/path-scurry set size:117612 disposed:false
850 silly fetch manifest @rollup/rollup-linux-x64-musl@4.63.4
851 silly packumentCache full:https://registry.npmjs.org/@rollup%2frollup-linux-x64-musl cache-miss
852 http fetch GET 200 https://registry.npmjs.org/@types%2festree 160ms (cache miss)
853 silly packumentCache full:https://registry.npmjs.org/@types%2festree set size:undefined disposed:false
854 silly fetch manifest @rollup/rollup-win32-x64-msvc@4.63.4
855 silly packumentCache full:https://registry.npmjs.org/@rollup%2frollup-win32-x64-msvc cache-miss
856 http fetch GET 200 https://registry.npmjs.org/smob 381ms (cache miss)
857 silly packumentCache full:https://registry.npmjs.org/smob set size:undefined disposed:false
858 silly fetch manifest @rollup/rollup-linux-arm64-gnu@4.63.4
859 silly packumentCache full:https://registry.npmjs.org/@rollup%2frollup-linux-arm64-gnu cache-miss
860 http fetch GET 200 https://registry.npmjs.org/package-json-from-dist 205ms (cache revalidated)
861 silly packumentCache full:https://registry.npmjs.org/package-json-from-dist set size:8854 disposed:false
862 silly fetch manifest @rollup/rollup-linux-ppc64-gnu@4.63.4
863 silly packumentCache full:https://registry.npmjs.org/@rollup%2frollup-linux-ppc64-gnu cache-miss
864 http fetch GET 200 https://registry.npmjs.org/@napi-rs%2flzma-linux-x64-gnu 157ms (cache miss)
865 silly packumentCache full:https://registry.npmjs.org/@napi-rs%2flzma-linux-x64-gnu set size:undefined disposed:false
866 silly fetch manifest @rollup/rollup-linux-s390x-gnu@4.63.4
867 silly packumentCache full:https://registry.npmjs.org/@rollup%2frollup-linux-s390x-gnu cache-miss
868 http fetch GET 200 https://registry.npmjs.org/@rollup%2frollup-openbsd-x64 166ms (cache miss)
869 silly packumentCache full:https://registry.npmjs.org/@rollup%2frollup-openbsd-x64 set size:undefined disposed:false
870 silly fetch manifest @rollup/rollup-win32-ia32-msvc@4.63.4
871 silly packumentCache full:https://registry.npmjs.org/@rollup%2frollup-win32-ia32-msvc cache-miss
872 http fetch GET 200 https://registry.npmjs.org/at-least-node 354ms (cache revalidated)
873 silly packumentCache full:https://registry.npmjs.org/at-least-node set size:4075 disposed:false
874 silly fetch manifest @rollup/rollup-android-arm-eabi@4.63.4
875 silly packumentCache full:https://registry.npmjs.org/@rollup%2frollup-android-arm-eabi cache-miss
876 http fetch GET 200 https://registry.npmjs.org/@rollup%2frollup-freebsd-x64 190ms (cache miss)
877 silly packumentCache full:https://registry.npmjs.org/@rollup%2frollup-freebsd-x64 set size:undefined disposed:false
878 silly fetch manifest @rollup/rollup-linux-arm64-musl@4.63.4
879 silly packumentCache full:https://registry.npmjs.org/@rollup%2frollup-linux-arm64-musl cache-miss
880 http fetch GET 200 https://registry.npmjs.org/@rollup%2frollup-darwin-x64 224ms (cache miss)
881 silly packumentCache full:https://registry.npmjs.org/@rollup%2frollup-darwin-x64 set size:undefined disposed:false
882 silly fetch manifest @rollup/rollup-linux-ppc64-musl@4.63.4
883 silly packumentCache full:https://registry.npmjs.org/@rollup%2frollup-linux-ppc64-musl cache-miss
884 http fetch GET 200 https://registry.npmjs.org/@rollup%2frollup-freebsd-arm64 181ms (cache miss)
885 silly packumentCache full:https://registry.npmjs.org/@rollup%2frollup-freebsd-arm64 set size:undefined disposed:false
886 silly fetch manifest @rollup/rollup-win32-arm64-msvc@4.63.4
887 silly packumentCache full:https://registry.npmjs.org/@rollup%2frollup-win32-arm64-msvc cache-miss
888 http fetch GET 200 https://registry.npmjs.org/@rollup%2frollup-android-arm64 207ms (cache miss)
889 silly packumentCache full:https://registry.npmjs.org/@rollup%2frollup-android-arm64 set size:undefined disposed:false
890 silly fetch manifest @rollup/rollup-linux-loong64-gnu@4.63.4
891 silly packumentCache full:https://registry.npmjs.org/@rollup%2frollup-linux-loong64-gnu cache-miss
892 http fetch GET 200 https://registry.npmjs.org/@rollup%2frollup-win32-x64-gnu 158ms (cache miss)
893 silly packumentCache full:https://registry.npmjs.org/@rollup%2frollup-win32-x64-gnu set size:undefined disposed:false
894 silly fetch manifest @rollup/rollup-linux-riscv64-gnu@4.63.4
895 silly packumentCache full:https://registry.npmjs.org/@rollup%2frollup-linux-riscv64-gnu cache-miss
896 http fetch GET 200 https://registry.npmjs.org/@rollup%2frollup-linux-x64-gnu 188ms (cache miss)
897 silly packumentCache full:https://registry.npmjs.org/@rollup%2frollup-linux-x64-gnu set size:undefined disposed:false
898 silly fetch manifest @rollup/rollup-openharmony-arm64@4.63.4
899 silly packumentCache full:https://registry.npmjs.org/@rollup%2frollup-openharmony-arm64 cache-miss
900 http fetch GET 200 https://registry.npmjs.org/foreground-child 342ms (cache miss)
901 silly packumentCache full:https://registry.npmjs.org/foreground-child set size:undefined disposed:false
902 silly fetch manifest @rollup/rollup-linux-loong64-musl@4.63.4
903 silly packumentCache full:https://registry.npmjs.org/@rollup%2frollup-linux-loong64-musl cache-miss
904 http fetch GET 200 https://registry.npmjs.org/@rollup%2frollup-linux-x64-musl 173ms (cache miss)
905 silly packumentCache full:https://registry.npmjs.org/@rollup%2frollup-linux-x64-musl set size:undefined disposed:false
906 silly fetch manifest @rollup/rollup-linux-riscv64-musl@4.63.4
907 silly packumentCache full:https://registry.npmjs.org/@rollup%2frollup-linux-riscv64-musl cache-miss
908 http fetch GET 200 https://registry.npmjs.org/@rollup%2frollup-win32-x64-msvc 188ms (cache miss)
909 silly packumentCache full:https://registry.npmjs.org/@rollup%2frollup-win32-x64-msvc set size:undefined disposed:false
910 silly fetch manifest @rollup/rollup-linux-arm-gnueabihf@4.63.4
911 silly packumentCache full:https://registry.npmjs.org/@rollup%2frollup-linux-arm-gnueabihf cache-miss
912 http fetch GET 200 https://registry.npmjs.org/@rollup%2frollup-linux-arm64-gnu 191ms (cache miss)
913 silly packumentCache full:https://registry.npmjs.org/@rollup%2frollup-linux-arm64-gnu set size:undefined disposed:false
914 silly fetch manifest @rollup/rollup-linux-arm-musleabihf@4.63.4
915 silly packumentCache full:https://registry.npmjs.org/@rollup%2frollup-linux-arm-musleabihf cache-miss
916 http fetch GET 200 https://registry.npmjs.org/@rollup%2frollup-linux-s390x-gnu 173ms (cache miss)
917 silly packumentCache full:https://registry.npmjs.org/@rollup%2frollup-linux-s390x-gnu set size:undefined disposed:false
918 silly fetch manifest is-obj@^1.0.1
919 silly packumentCache full:https://registry.npmjs.org/is-obj cache-miss
920 http fetch GET 200 https://registry.npmjs.org/@rollup%2frollup-linux-ppc64-musl 157ms (cache miss)
921 silly packumentCache full:https://registry.npmjs.org/@rollup%2frollup-linux-ppc64-musl set size:undefined disposed:false
922 silly fetch manifest is-regexp@^1.0.0
923 silly packumentCache full:https://registry.npmjs.org/is-regexp cache-miss
924 http fetch GET 200 https://registry.npmjs.org/@rollup%2frollup-darwin-arm64 379ms (cache miss)
925 silly packumentCache full:https://registry.npmjs.org/@rollup%2frollup-darwin-arm64 set size:undefined disposed:false
926 silly fetch manifest get-own-enumerable-property-symbols@^3.0.0
927 silly packumentCache full:https://registry.npmjs.org/get-own-enumerable-property-symbols cache-miss
928 http fetch GET 200 https://registry.npmjs.org/@rollup%2frollup-linux-arm64-musl 210ms (cache miss)
929 silly packumentCache full:https://registry.npmjs.org/@rollup%2frollup-linux-arm64-musl set size:undefined disposed:false
930 silly fetch manifest temp-dir@^2.0.0
931 silly packumentCache full:https://registry.npmjs.org/temp-dir cache-miss
932 http fetch GET 200 https://registry.npmjs.org/@rollup%2frollup-win32-arm64-msvc 186ms (cache miss)
933 silly packumentCache full:https://registry.npmjs.org/@rollup%2frollup-win32-arm64-msvc set size:undefined disposed:false
934 silly fetch manifest is-stream@^2.0.0
935 silly packumentCache full:https://registry.npmjs.org/is-stream cache-miss
936 http fetch GET 200 https://registry.npmjs.org/@rollup%2frollup-linux-loong64-gnu 203ms (cache miss)
937 silly packumentCache full:https://registry.npmjs.org/@rollup%2frollup-linux-loong64-gnu set size:undefined disposed:false
938 silly fetch manifest type-fest@^0.16.0
939 silly packumentCache full:https://registry.npmjs.org/type-fest cache-miss
940 http fetch GET 200 https://registry.npmjs.org/is-regexp 306ms (cache miss)
941 silly packumentCache full:https://registry.npmjs.org/is-regexp set size:undefined disposed:false
942 silly fetch manifest unique-string@^2.0.0
943 silly packumentCache full:https://registry.npmjs.org/unique-string cache-miss
944 http fetch GET 200 https://registry.npmjs.org/is-obj 328ms (cache miss)
945 silly packumentCache full:https://registry.npmjs.org/is-obj set size:undefined disposed:false
946 silly fetch manifest idb@^7.0.1
947 silly packumentCache full:https://registry.npmjs.org/idb cache-miss
948 http fetch GET 200 https://registry.npmjs.org/is-stream 265ms (cache miss)
949 silly packumentCache full:https://registry.npmjs.org/is-stream set size:undefined disposed:false
950 silly fetch manifest idb@^7.0.1
951 silly packumentCache full:https://registry.npmjs.org/idb cache-miss
952 http fetch GET 200 https://registry.npmjs.org/temp-dir 291ms (cache miss)
953 silly packumentCache full:https://registry.npmjs.org/temp-dir set size:undefined disposed:false
954 http fetch GET 200 https://registry.npmjs.org/get-own-enumerable-property-symbols 305ms (cache miss)
955 silly packumentCache full:https://registry.npmjs.org/get-own-enumerable-property-symbols set size:undefined disposed:false
956 http fetch GET 200 https://registry.npmjs.org/@rollup%2frollup-linux-ppc64-gnu 549ms (cache miss)
957 silly packumentCache full:https://registry.npmjs.org/@rollup%2frollup-linux-ppc64-gnu set size:undefined disposed:false
958 http fetch GET 200 https://registry.npmjs.org/@rollup%2frollup-linux-riscv64-musl 416ms (cache miss)
959 silly packumentCache full:https://registry.npmjs.org/@rollup%2frollup-linux-riscv64-musl set size:undefined disposed:false
960 http fetch GET 200 https://registry.npmjs.org/@rollup%2frollup-linux-loong64-musl 429ms (cache miss)
961 silly packumentCache full:https://registry.npmjs.org/@rollup%2frollup-linux-loong64-musl set size:undefined disposed:false
962 http fetch GET 200 https://registry.npmjs.org/@rollup%2frollup-openharmony-arm64 445ms (cache miss)
963 silly packumentCache full:https://registry.npmjs.org/@rollup%2frollup-openharmony-arm64 set size:undefined disposed:false
964 http fetch GET 200 https://registry.npmjs.org/@rollup%2frollup-linux-arm-musleabihf 405ms (cache miss)
965 silly packumentCache full:https://registry.npmjs.org/@rollup%2frollup-linux-arm-musleabihf set size:undefined disposed:false
966 http fetch GET 200 https://registry.npmjs.org/@rollup%2frollup-linux-riscv64-gnu 494ms (cache miss)
967 silly packumentCache full:https://registry.npmjs.org/@rollup%2frollup-linux-riscv64-gnu set size:undefined disposed:false
968 http fetch GET 200 https://registry.npmjs.org/@rollup%2frollup-linux-arm-gnueabihf 432ms (cache miss)
969 silly packumentCache full:https://registry.npmjs.org/@rollup%2frollup-linux-arm-gnueabihf set size:undefined disposed:false
970 http fetch GET 200 https://registry.npmjs.org/@rollup%2frollup-win32-ia32-msvc 593ms (cache miss)
971 silly packumentCache full:https://registry.npmjs.org/@rollup%2frollup-win32-ia32-msvc set size:undefined disposed:false
972 http fetch GET 200 https://registry.npmjs.org/@rollup%2frollup-android-arm-eabi 591ms (cache miss)
973 silly packumentCache full:https://registry.npmjs.org/@rollup%2frollup-android-arm-eabi set size:undefined disposed:false
974 http fetch GET 200 https://registry.npmjs.org/unique-string 117ms (cache miss)
975 silly packumentCache full:https://registry.npmjs.org/unique-string set size:undefined disposed:false
976 http fetch GET 200 https://registry.npmjs.org/type-fest 342ms (cache miss)
977 silly packumentCache full:https://registry.npmjs.org/type-fest set size:undefined disposed:false
978 http fetch GET 200 https://registry.npmjs.org/idb 131ms (cache miss)
979 silly packumentCache full:https://registry.npmjs.org/idb set size:undefined disposed:false
980 http fetch GET 200 https://registry.npmjs.org/idb 123ms (cache miss)
981 silly packumentCache full:https://registry.npmjs.org/idb set size:undefined disposed:false
982 silly placeDep ROOT jsonpointer@5.0.1 OK for: @apideck/better-ajv-errors@0.3.7 want: ^5.0.1
983 silly placeDep ROOT leven@3.1.0 OK for: @apideck/better-ajv-errors@0.3.7 want: ^3.1.0
984 silly fetch manifest @babel/core@^7.0.0
985 silly packumentCache full:https://registry.npmjs.org/@babel%2fcore cache-hit
986 silly placeDep ROOT @babel/code-frame@7.29.7 OK for: @babel/core@7.29.7 want: ^7.29.7
987 silly placeDep ROOT @babel/generator@7.29.8 OK for: @babel/core@7.29.7 want: ^7.29.7
988 silly placeDep ROOT @babel/helper-compilation-targets@7.29.7 OK for: @babel/core@7.29.7 want: ^7.29.7
989 silly placeDep ROOT @babel/helper-module-transforms@7.29.7 OK for: @babel/core@7.29.7 want: ^7.29.7
990 silly placeDep ROOT @babel/helpers@7.29.7 OK for: @babel/core@7.29.7 want: ^7.29.7
991 silly placeDep ROOT @babel/parser@7.29.9 OK for: @babel/core@7.29.7 want: ^7.29.7
992 silly placeDep ROOT @babel/template@7.29.7 OK for: @babel/core@7.29.7 want: ^7.29.7
993 silly placeDep ROOT @babel/traverse@7.29.8 OK for: @babel/core@7.29.7 want: ^7.29.7
994 silly placeDep ROOT @babel/types@7.29.8 OK for: @babel/core@7.29.7 want: ^7.29.7
995 silly placeDep ROOT @jridgewell/remapping@2.3.5 OK for: @babel/core@7.29.7 want: ^2.3.5
996 silly placeDep ROOT convert-source-map@2.0.0 OK for: @babel/core@7.29.7 want: ^2.0.0
997 silly placeDep ROOT gensync@1.0.0-beta.2 OK for: @babel/core@7.29.7 want: ^1.0.0-beta.2
998 silly placeDep ROOT json5@2.2.3 OK for: @babel/core@7.29.7 want: ^2.2.3
999 silly placeDep ROOT semver@6.3.1 OK for: @babel/core@7.29.7 want: ^6.3.1
1000 silly fetch manifest js-tokens@^4.0.0
1001 silly packumentCache full:https://registry.npmjs.org/js-tokens cache-miss
1002 silly fetch manifest @babel/helper-validator-identifier@^7.29.7
1003 silly packumentCache full:https://registry.npmjs.org/@babel%2fhelper-validator-identifier cache-miss
1004 silly fetch manifest jsesc@^3.0.2
1005 silly packumentCache full:https://registry.npmjs.org/jsesc cache-miss
1006 silly fetch manifest @babel/types@^7.29.8
1007 silly packumentCache full:https://registry.npmjs.org/@babel%2ftypes cache-miss
1008 silly fetch manifest @babel/parser@^7.29.8
1009 silly packumentCache full:https://registry.npmjs.org/@babel%2fparser cache-miss
1010 silly fetch manifest @jridgewell/gen-mapping@^0.3.12
1011 silly packumentCache full:https://registry.npmjs.org/@jridgewell%2fgen-mapping cache-miss
1012 silly fetch manifest @jridgewell/trace-mapping@^0.3.28
1013 silly packumentCache full:https://registry.npmjs.org/@jridgewell%2ftrace-mapping cache-miss
1014 silly fetch manifest lru-cache@^5.1.1
1015 silly packumentCache full:https://registry.npmjs.org/lru-cache cache-miss
1016 silly fetch manifest @babel/helper-module-imports@^7.29.7
1017 silly packumentCache full:https://registry.npmjs.org/@babel%2fhelper-module-imports cache-miss
1018 silly fetch manifest @babel/helper-validator-identifier@^7.29.7
1019 silly packumentCache full:https://registry.npmjs.org/@babel%2fhelper-validator-identifier cache-miss
1020 silly fetch manifest @babel/types@^7.29.8
1021 silly packumentCache full:https://registry.npmjs.org/@babel%2ftypes cache-miss
1022 silly fetch manifest @babel/types@^7.29.8
1023 silly packumentCache full:https://registry.npmjs.org/@babel%2ftypes cache-miss
1024 silly fetch manifest @babel/helper-globals@^7.29.7
1025 silly packumentCache full:https://registry.npmjs.org/@babel%2fhelper-globals cache-miss
1026 silly fetch manifest @babel/helper-string-parser@^7.29.7
1027 silly packumentCache full:https://registry.npmjs.org/@babel%2fhelper-string-parser cache-miss
1028 silly fetch manifest @babel/helper-validator-identifier@^7.29.7
1029 silly packumentCache full:https://registry.npmjs.org/@babel%2fhelper-validator-identifier cache-miss
1030 http cache https://registry.npmjs.org/@babel%2ftypes 104ms (cache hit)
1031 silly packumentCache full:https://registry.npmjs.org/@babel%2ftypes set size:507562 disposed:false
1032 silly fetch manifest @jridgewell/gen-mapping@^0.3.5
1033 silly packumentCache full:https://registry.npmjs.org/@jridgewell%2fgen-mapping cache-miss
1034 http cache https://registry.npmjs.org/@babel%2ftypes 142ms (cache hit)
1035 silly packumentCache full:https://registry.npmjs.org/@babel%2ftypes set size:507562 disposed:false
1036 silly packumentCache full:https://registry.npmjs.org/@babel%2ftypes dispose
1037 silly fetch manifest @jridgewell/trace-mapping@^0.3.24
1038 silly packumentCache full:https://registry.npmjs.org/@jridgewell%2ftrace-mapping cache-miss
1039 http cache https://registry.npmjs.org/@babel%2fhelper-module-imports 138ms (cache hit)
1040 silly packumentCache full:https://registry.npmjs.org/@babel%2fhelper-module-imports set size:203392 disposed:false
1041 http cache https://registry.npmjs.org/@babel%2fparser 150ms (cache hit)
1042 silly packumentCache full:https://registry.npmjs.org/@babel%2fparser set size:745724 disposed:false
1043 http cache https://registry.npmjs.org/@babel%2ftypes 158ms (cache hit)
1044 silly packumentCache full:https://registry.npmjs.org/@babel%2ftypes set size:507562 disposed:true
1045 silly packumentCache full:https://registry.npmjs.org/@babel%2ftypes dispose
1046 http fetch GET 200 https://registry.npmjs.org/js-tokens 201ms (cache miss)
1047 silly packumentCache full:https://registry.npmjs.org/js-tokens set size:undefined disposed:false
1048 http fetch GET 200 https://registry.npmjs.org/@babel%2fhelper-globals 180ms (cache miss)
1049 silly packumentCache full:https://registry.npmjs.org/@babel%2fhelper-globals set size:undefined disposed:false
1050 http fetch GET 200 https://registry.npmjs.org/jsesc 214ms (cache miss)
1051 silly packumentCache full:https://registry.npmjs.org/jsesc set size:undefined disposed:false
1052 http fetch GET 200 https://registry.npmjs.org/@jridgewell%2fgen-mapping 209ms (cache miss)
1053 silly packumentCache full:https://registry.npmjs.org/@jridgewell%2fgen-mapping set size:undefined disposed:false
1054 http fetch GET 200 https://registry.npmjs.org/@babel%2fhelper-string-parser 200ms (cache miss)
1055 silly packumentCache full:https://registry.npmjs.org/@babel%2fhelper-string-parser set size:undefined disposed:false
1056 http fetch GET 200 https://registry.npmjs.org/@jridgewell%2ftrace-mapping 219ms (cache miss)
1057 silly packumentCache full:https://registry.npmjs.org/@jridgewell%2ftrace-mapping set size:undefined disposed:false
1058 http fetch GET 200 https://registry.npmjs.org/@babel%2fhelper-validator-identifier 236ms (cache miss)
1059 silly packumentCache full:https://registry.npmjs.org/@babel%2fhelper-validator-identifier set size:undefined disposed:false
1060 http fetch GET 200 https://registry.npmjs.org/@babel%2fhelper-validator-identifier 214ms (cache miss)
1061 silly packumentCache full:https://registry.npmjs.org/@babel%2fhelper-validator-identifier set size:undefined disposed:false
1062 http fetch GET 200 https://registry.npmjs.org/@babel%2fhelper-validator-identifier 226ms (cache miss)
1063 silly packumentCache full:https://registry.npmjs.org/@babel%2fhelper-validator-identifier set size:undefined disposed:false
1064 http fetch GET 200 https://registry.npmjs.org/lru-cache 233ms (cache revalidated)
1065 silly packumentCache full:https://registry.npmjs.org/lru-cache set size:465506 disposed:false
1066 http fetch GET 200 https://registry.npmjs.org/@jridgewell%2ftrace-mapping 119ms (cache miss)
1067 silly packumentCache full:https://registry.npmjs.org/@jridgewell%2ftrace-mapping set size:undefined disposed:false
1068 http fetch GET 200 https://registry.npmjs.org/@jridgewell%2fgen-mapping 156ms (cache miss)
1069 silly packumentCache full:https://registry.npmjs.org/@jridgewell%2fgen-mapping set size:undefined disposed:false
1070 silly placeDep ROOT @babel/helper-validator-identifier@7.29.7 OK for: @babel/code-frame@7.29.7 want: ^7.29.7
1071 silly placeDep ROOT js-tokens@4.0.0 OK for: @babel/code-frame@7.29.7 want: ^4.0.0
1072 silly placeDep ROOT @jridgewell/gen-mapping@0.3.13 OK for: @babel/generator@7.29.8 want: ^0.3.12
1073 silly placeDep ROOT @jridgewell/trace-mapping@0.3.31 OK for: @babel/generator@7.29.8 want: ^0.3.28
1074 silly placeDep ROOT jsesc@3.1.0 OK for: @babel/generator@7.29.8 want: ^3.0.2
1075 silly fetch manifest @jridgewell/sourcemap-codec@^1.5.0
1076 silly packumentCache full:https://registry.npmjs.org/@jridgewell%2fsourcemap-codec cache-miss
1077 silly fetch manifest @jridgewell/resolve-uri@^3.1.0
1078 silly packumentCache full:https://registry.npmjs.org/@jridgewell%2fresolve-uri cache-miss
1079 silly fetch manifest @jridgewell/sourcemap-codec@^1.4.14
1080 silly packumentCache full:https://registry.npmjs.org/@jridgewell%2fsourcemap-codec cache-miss
1081 http fetch GET 200 https://registry.npmjs.org/@jridgewell%2fsourcemap-codec 100ms (cache miss)
1082 silly packumentCache full:https://registry.npmjs.org/@jridgewell%2fsourcemap-codec set size:undefined disposed:false
1083 http fetch GET 200 https://registry.npmjs.org/@jridgewell%2fsourcemap-codec 138ms (cache miss)
1084 silly packumentCache full:https://registry.npmjs.org/@jridgewell%2fsourcemap-codec set size:undefined disposed:false
1085 http fetch GET 200 https://registry.npmjs.org/@jridgewell%2fresolve-uri 140ms (cache miss)
1086 silly packumentCache full:https://registry.npmjs.org/@jridgewell%2fresolve-uri set size:undefined disposed:false
1087 silly placeDep ROOT @babel/compat-data@7.29.7 OK for: @babel/helper-compilation-targets@7.29.7 want: ^7.29.7
1088 silly placeDep ROOT @babel/helper-validator-option@7.29.7 OK for: @babel/helper-compilation-targets@7.29.7 want: ^7.29.7
1089 silly placeDep ROOT lru-cache@5.1.1 OK for: @babel/helper-compilation-targets@7.29.7 want: ^5.1.1
1090 silly fetch manifest yallist@^3.0.2
1091 silly packumentCache full:https://registry.npmjs.org/yallist cache-miss
1092 http fetch GET 200 https://registry.npmjs.org/yallist 95ms (cache revalidated)
1093 silly packumentCache full:https://registry.npmjs.org/yallist set size:34610 disposed:false
1094 silly placeDep ROOT @babel/helper-module-imports@7.29.7 OK for: @babel/helper-module-transforms@7.29.7 want: ^7.29.7
1095 silly fetch manifest @babel/core@^7.0.0-0
1096 silly packumentCache full:https://registry.npmjs.org/@babel%2fcore cache-hit
1097 silly placeDep ROOT @babel/helper-plugin-utils@7.29.7 OK for: @babel/preset-env@7.29.7 want: ^7.29.7
1098 silly placeDep ROOT @babel/plugin-bugfix-firefox-class-in-computed-class-key@7.29.7 OK for: @babel/preset-env@7.29.7 want: ^7.29.7
1099 silly placeDep ROOT @babel/plugin-bugfix-safari-class-field-initializer-scope@7.29.7 OK for: @babel/preset-env@7.29.7 want: ^7.29.7
1100 silly placeDep ROOT @babel/plugin-bugfix-safari-id-destructuring-collision-in-function-expression@7.29.7 OK for: @babel/preset-env@7.29.7 want: ^7.29.7
1101 silly placeDep ROOT @babel/plugin-bugfix-safari-rest-destructuring-rhs-array@7.29.7 OK for: @babel/preset-env@7.29.7 want: ^7.29.7
1102 silly placeDep ROOT @babel/plugin-bugfix-v8-spread-parameters-in-optional-chaining@7.29.7 OK for: @babel/preset-env@7.29.7 want: ^7.29.7
1103 silly placeDep ROOT @babel/plugin-bugfix-v8-static-class-fields-redefine-readonly@7.29.7 OK for: @babel/preset-env@7.29.7 want: ^7.29.7
1104 silly placeDep ROOT @babel/plugin-proposal-private-property-in-object@7.21.0-placeholder-for-preset-env.2 OK for: @babel/preset-env@7.29.7 want: 7.21.0-placeholder-for-preset-env.2
1105 silly placeDep ROOT @babel/plugin-syntax-import-assertions@7.29.7 OK for: @babel/preset-env@7.29.7 want: ^7.29.7
1106 silly placeDep ROOT @babel/plugin-syntax-import-attributes@7.29.7 OK for: @babel/preset-env@7.29.7 want: ^7.29.7
1107 silly placeDep ROOT @babel/plugin-syntax-unicode-sets-regex@7.18.6 OK for: @babel/preset-env@7.29.7 want: ^7.18.6
1108 silly placeDep ROOT @babel/plugin-transform-arrow-functions@7.29.7 OK for: @babel/preset-env@7.29.7 want: ^7.29.7
1109 silly placeDep ROOT @babel/plugin-transform-async-generator-functions@7.29.7 OK for: @babel/preset-env@7.29.7 want: ^7.29.7
1110 silly placeDep ROOT @babel/plugin-transform-async-to-generator@7.29.7 OK for: @babel/preset-env@7.29.7 want: ^7.29.7
1111 silly placeDep ROOT @babel/plugin-transform-block-scoped-functions@7.29.7 OK for: @babel/preset-env@7.29.7 want: ^7.29.7
1112 silly placeDep ROOT @babel/plugin-transform-block-scoping@7.29.7 OK for: @babel/preset-env@7.29.7 want: ^7.29.7
1113 silly placeDep ROOT @babel/plugin-transform-class-properties@7.29.7 OK for: @babel/preset-env@7.29.7 want: ^7.29.7
1114 silly placeDep ROOT @babel/plugin-transform-class-static-block@7.29.7 OK for: @babel/preset-env@7.29.7 want: ^7.29.7
1115 silly placeDep ROOT @babel/plugin-transform-classes@7.29.7 OK for: @babel/preset-env@7.29.7 want: ^7.29.7
1116 silly placeDep ROOT @babel/plugin-transform-computed-properties@7.29.7 OK for: @babel/preset-env@7.29.7 want: ^7.29.7
1117 silly placeDep ROOT @babel/plugin-transform-destructuring@7.29.7 OK for: @babel/preset-env@7.29.7 want: ^7.29.7
1118 silly placeDep ROOT @babel/plugin-transform-dotall-regex@7.29.7 OK for: @babel/preset-env@7.29.7 want: ^7.29.7
1119 silly placeDep ROOT @babel/plugin-transform-duplicate-keys@7.29.7 OK for: @babel/preset-env@7.29.7 want: ^7.29.7
1120 silly placeDep ROOT @babel/plugin-transform-duplicate-named-capturing-groups-regex@7.29.7 OK for: @babel/preset-env@7.29.7 want: ^7.29.7
1121 silly placeDep ROOT @babel/plugin-transform-dynamic-import@7.29.7 OK for: @babel/preset-env@7.29.7 want: ^7.29.7
1122 silly placeDep ROOT @babel/plugin-transform-explicit-resource-management@7.29.7 OK for: @babel/preset-env@7.29.7 want: ^7.29.7
1123 silly placeDep ROOT @babel/plugin-transform-exponentiation-operator@7.29.7 OK for: @babel/preset-env@7.29.7 want: ^7.29.7
1124 silly placeDep ROOT @babel/plugin-transform-export-namespace-from@7.29.7 OK for: @babel/preset-env@7.29.7 want: ^7.29.7
1125 silly placeDep ROOT @babel/plugin-transform-for-of@7.29.7 OK for: @babel/preset-env@7.29.7 want: ^7.29.7
1126 silly placeDep ROOT @babel/plugin-transform-function-name@7.29.7 OK for: @babel/preset-env@7.29.7 want: ^7.29.7
1127 silly placeDep ROOT @babel/plugin-transform-json-strings@7.29.7 OK for: @babel/preset-env@7.29.7 want: ^7.29.7
1128 silly placeDep ROOT @babel/plugin-transform-literals@7.29.7 OK for: @babel/preset-env@7.29.7 want: ^7.29.7
1129 silly placeDep ROOT @babel/plugin-transform-logical-assignment-operators@7.29.7 OK for: @babel/preset-env@7.29.7 want: ^7.29.7
1130 silly placeDep ROOT @babel/plugin-transform-member-expression-literals@7.29.7 OK for: @babel/preset-env@7.29.7 want: ^7.29.7
1131 silly placeDep ROOT @babel/plugin-transform-modules-amd@7.29.7 OK for: @babel/preset-env@7.29.7 want: ^7.29.7
1132 silly placeDep ROOT @babel/plugin-transform-modules-commonjs@7.29.7 OK for: @babel/preset-env@7.29.7 want: ^7.29.7
1133 silly placeDep ROOT @babel/plugin-transform-modules-systemjs@7.29.8 OK for: @babel/preset-env@7.29.7 want: ^7.29.7
1134 silly placeDep ROOT @babel/plugin-transform-modules-umd@7.29.7 OK for: @babel/preset-env@7.29.7 want: ^7.29.7
1135 silly placeDep ROOT @babel/plugin-transform-named-capturing-groups-regex@7.29.7 OK for: @babel/preset-env@7.29.7 want: ^7.29.7
1136 silly placeDep ROOT @babel/plugin-transform-new-target@7.29.7 OK for: @babel/preset-env@7.29.7 want: ^7.29.7
1137 silly placeDep ROOT @babel/plugin-transform-nullish-coalescing-operator@7.29.7 OK for: @babel/preset-env@7.29.7 want: ^7.29.7
1138 silly placeDep ROOT @babel/plugin-transform-numeric-separator@7.29.7 OK for: @babel/preset-env@7.29.7 want: ^7.29.7
1139 silly placeDep ROOT @babel/plugin-transform-object-rest-spread@7.29.7 OK for: @babel/preset-env@7.29.7 want: ^7.29.7
1140 silly placeDep ROOT @babel/plugin-transform-object-super@7.29.7 OK for: @babel/preset-env@7.29.7 want: ^7.29.7
1141 silly placeDep ROOT @babel/plugin-transform-optional-catch-binding@7.29.7 OK for: @babel/preset-env@7.29.7 want: ^7.29.7
1142 silly placeDep ROOT @babel/plugin-transform-optional-chaining@7.29.7 OK for: @babel/preset-env@7.29.7 want: ^7.29.7
1143 silly placeDep ROOT @babel/plugin-transform-parameters@7.29.7 OK for: @babel/preset-env@7.29.7 want: ^7.29.7
1144 silly placeDep ROOT @babel/plugin-transform-private-methods@7.29.7 OK for: @babel/preset-env@7.29.7 want: ^7.29.7
1145 silly placeDep ROOT @babel/plugin-transform-private-property-in-object@7.29.7 OK for: @babel/preset-env@7.29.7 want: ^7.29.7
1146 silly placeDep ROOT @babel/plugin-transform-property-literals@7.29.7 OK for: @babel/preset-env@7.29.7 want: ^7.29.7
1147 silly placeDep ROOT @babel/plugin-transform-regenerator@7.29.8 OK for: @babel/preset-env@7.29.7 want: ^7.29.7
1148 silly placeDep ROOT @babel/plugin-transform-regexp-modifiers@7.29.7 OK for: @babel/preset-env@7.29.7 want: ^7.29.7
1149 silly placeDep ROOT @babel/plugin-transform-reserved-words@7.29.7 OK for: @babel/preset-env@7.29.7 want: ^7.29.7
1150 silly placeDep ROOT @babel/plugin-transform-shorthand-properties@7.29.7 OK for: @babel/preset-env@7.29.7 want: ^7.29.7
1151 silly placeDep ROOT @babel/plugin-transform-spread@7.29.8 OK for: @babel/preset-env@7.29.7 want: ^7.29.7
1152 silly placeDep ROOT @babel/plugin-transform-sticky-regex@7.29.7 OK for: @babel/preset-env@7.29.7 want: ^7.29.7
1153 silly placeDep ROOT @babel/plugin-transform-template-literals@7.29.7 OK for: @babel/preset-env@7.29.7 want: ^7.29.7
1154 silly placeDep ROOT @babel/plugin-transform-typeof-symbol@7.29.7 OK for: @babel/preset-env@7.29.7 want: ^7.29.7
1155 silly placeDep ROOT @babel/plugin-transform-unicode-escapes@7.29.7 OK for: @babel/preset-env@7.29.7 want: ^7.29.7
1156 silly placeDep ROOT @babel/plugin-transform-unicode-property-regex@7.29.7 OK for: @babel/preset-env@7.29.7 want: ^7.29.7
1157 silly placeDep ROOT @babel/plugin-transform-unicode-regex@7.29.7 OK for: @babel/preset-env@7.29.7 want: ^7.29.7
1158 silly placeDep ROOT @babel/plugin-transform-unicode-sets-regex@7.29.7 OK for: @babel/preset-env@7.29.7 want: ^7.29.7
1159 silly placeDep ROOT @babel/preset-modules@0.1.6-no-external-plugins OK for: @babel/preset-env@7.29.7 want: 0.1.6-no-external-plugins
1160 silly placeDep ROOT babel-plugin-polyfill-corejs2@0.4.17 OK for: @babel/preset-env@7.29.7 want: ^0.4.15
1161 silly placeDep ROOT babel-plugin-polyfill-corejs3@0.14.2 OK for: @babel/preset-env@7.29.7 want: ^0.14.0
1162 silly placeDep ROOT babel-plugin-polyfill-regenerator@0.6.8 OK for: @babel/preset-env@7.29.7 want: ^0.6.6
1163 silly placeDep ROOT core-js-compat@3.50.0 OK for: @babel/preset-env@7.29.7 want: ^3.48.0
1164 silly fetch manifest @babel/helper-skip-transparent-expression-wrappers@^7.29.7
1165 silly packumentCache full:https://registry.npmjs.org/@babel%2fhelper-skip-transparent-expression-wrappers cache-miss
1166 silly fetch manifest @babel/helper-skip-transparent-expression-wrappers@^7.29.7
1167 silly packumentCache full:https://registry.npmjs.org/@babel%2fhelper-skip-transparent-expression-wrappers cache-miss
1168 silly fetch manifest @babel/helper-create-regexp-features-plugin@^7.18.6
1169 silly packumentCache full:https://registry.npmjs.org/@babel%2fhelper-create-regexp-features-plugin cache-miss
1170 silly fetch manifest @babel/helper-remap-async-to-generator@^7.29.7
1171 silly packumentCache full:https://registry.npmjs.org/@babel%2fhelper-remap-async-to-generator cache-miss
1172 silly fetch manifest @babel/helper-remap-async-to-generator@^7.29.7
1173 silly packumentCache full:https://registry.npmjs.org/@babel%2fhelper-remap-async-to-generator cache-miss
1174 silly fetch manifest @babel/helper-create-class-features-plugin@^7.29.7
1175 silly packumentCache full:https://registry.npmjs.org/@babel%2fhelper-create-class-features-plugin cache-miss
1176 silly fetch manifest @babel/helper-create-class-features-plugin@^7.29.7
1177 silly packumentCache full:https://registry.npmjs.org/@babel%2fhelper-create-class-features-plugin cache-miss
1178 silly fetch manifest @babel/helper-replace-supers@^7.29.7
1179 silly packumentCache full:https://registry.npmjs.org/@babel%2fhelper-replace-supers cache-miss
1180 silly fetch manifest @babel/helper-annotate-as-pure@^7.29.7
1181 silly packumentCache full:https://registry.npmjs.org/@babel%2fhelper-annotate-as-pure cache-miss
1182 silly fetch manifest @babel/helper-create-regexp-features-plugin@^7.29.7
1183 silly packumentCache full:https://registry.npmjs.org/@babel%2fhelper-create-regexp-features-plugin cache-miss
1184 silly fetch manifest @babel/helper-create-regexp-features-plugin@^7.29.7
1185 silly packumentCache full:https://registry.npmjs.org/@babel%2fhelper-create-regexp-features-plugin cache-miss
1186 silly fetch manifest @babel/helper-skip-transparent-expression-wrappers@^7.29.7
1187 silly packumentCache full:https://registry.npmjs.org/@babel%2fhelper-skip-transparent-expression-wrappers cache-miss
1188 silly fetch manifest @babel/helper-create-regexp-features-plugin@^7.29.7
1189 silly packumentCache full:https://registry.npmjs.org/@babel%2fhelper-create-regexp-features-plugin cache-miss
1190 silly fetch manifest @babel/helper-replace-supers@^7.29.7
1191 silly packumentCache full:https://registry.npmjs.org/@babel%2fhelper-replace-supers cache-miss
1192 silly fetch manifest @babel/helper-skip-transparent-expression-wrappers@^7.29.7
1193 silly packumentCache full:https://registry.npmjs.org/@babel%2fhelper-skip-transparent-expression-wrappers cache-miss
1194 http fetch GET 200 https://registry.npmjs.org/@babel%2fhelper-skip-transparent-expression-wrappers 194ms (cache miss)
1195 silly packumentCache full:https://registry.npmjs.org/@babel%2fhelper-skip-transparent-expression-wrappers set size:undefined disposed:false
1196 silly fetch manifest @babel/helper-create-class-features-plugin@^7.29.7
1197 silly packumentCache full:https://registry.npmjs.org/@babel%2fhelper-create-class-features-plugin cache-miss
1198 http fetch GET 200 https://registry.npmjs.org/@babel%2fhelper-create-regexp-features-plugin 210ms (cache miss)
1199 silly packumentCache full:https://registry.npmjs.org/@babel%2fhelper-create-regexp-features-plugin set size:undefined disposed:false
1200 silly fetch manifest @babel/helper-annotate-as-pure@^7.29.7
1201 silly packumentCache full:https://registry.npmjs.org/@babel%2fhelper-annotate-as-pure cache-miss
1202 http fetch GET 200 https://registry.npmjs.org/@babel%2fhelper-skip-transparent-expression-wrappers 244ms (cache miss)
1203 silly packumentCache full:https://registry.npmjs.org/@babel%2fhelper-skip-transparent-expression-wrappers set size:undefined disposed:false
1204 silly fetch manifest @babel/helper-create-class-features-plugin@^7.29.7
1205 silly packumentCache full:https://registry.npmjs.org/@babel%2fhelper-create-class-features-plugin cache-miss
1206 http fetch GET 200 https://registry.npmjs.org/@babel%2fhelper-skip-transparent-expression-wrappers 240ms (cache miss)
1207 silly packumentCache full:https://registry.npmjs.org/@babel%2fhelper-skip-transparent-expression-wrappers set size:undefined disposed:false
1208 silly fetch manifest @babel/helper-create-regexp-features-plugin@^7.29.7
1209 silly packumentCache full:https://registry.npmjs.org/@babel%2fhelper-create-regexp-features-plugin cache-miss
1210 http fetch GET 200 https://registry.npmjs.org/@babel%2fhelper-create-regexp-features-plugin 261ms (cache miss)
1211 silly packumentCache full:https://registry.npmjs.org/@babel%2fhelper-create-regexp-features-plugin set size:undefined disposed:false
1212 silly fetch manifest esutils@^2.0.2
1213 silly packumentCache full:https://registry.npmjs.org/esutils cache-miss
1214 http cache https://registry.npmjs.org/@babel%2fhelper-create-regexp-features-plugin 16ms (cache hit)
1215 silly packumentCache full:https://registry.npmjs.org/@babel%2fhelper-create-regexp-features-plugin set size:191583 disposed:false
1216 silly fetch manifest @babel/helper-define-polyfill-provider@^0.6.8
1217 silly packumentCache full:https://registry.npmjs.org/@babel%2fhelper-define-polyfill-provider cache-miss
1218 http fetch GET 200 https://registry.npmjs.org/@babel%2fhelper-skip-transparent-expression-wrappers 282ms (cache miss)
1219 silly packumentCache full:https://registry.npmjs.org/@babel%2fhelper-skip-transparent-expression-wrappers set size:undefined disposed:false
1220 silly fetch manifest @babel/helper-define-polyfill-provider@^0.6.8
1221 silly packumentCache full:https://registry.npmjs.org/@babel%2fhelper-define-polyfill-provider cache-miss
1222 http fetch GET 200 https://registry.npmjs.org/@babel%2fhelper-remap-async-to-generator 307ms (cache miss)
1223 silly packumentCache full:https://registry.npmjs.org/@babel%2fhelper-remap-async-to-generator set size:undefined disposed:false
1224 silly fetch manifest @babel/helper-define-polyfill-provider@^0.6.8
1225 silly packumentCache full:https://registry.npmjs.org/@babel%2fhelper-define-polyfill-provider cache-miss
1226 http fetch GET 200 https://registry.npmjs.org/@babel%2fhelper-annotate-as-pure 335ms (cache miss)
1227 silly packumentCache full:https://registry.npmjs.org/@babel%2fhelper-annotate-as-pure set size:undefined disposed:false
1228 http fetch GET 200 https://registry.npmjs.org/@babel%2fhelper-create-regexp-features-plugin 335ms (cache miss)
1229 silly packumentCache full:https://registry.npmjs.org/@babel%2fhelper-create-regexp-features-plugin set size:undefined disposed:false
1230 silly packumentCache full:https://registry.npmjs.org/@babel%2fhelper-create-regexp-features-plugin dispose
1231 http fetch GET 200 https://registry.npmjs.org/@babel%2fhelper-remap-async-to-generator 361ms (cache miss)
1232 silly packumentCache full:https://registry.npmjs.org/@babel%2fhelper-remap-async-to-generator set size:undefined disposed:false
1233 http fetch GET 200 https://registry.npmjs.org/@babel%2fhelper-replace-supers 366ms (cache miss)
1234 silly packumentCache full:https://registry.npmjs.org/@babel%2fhelper-replace-supers set size:undefined disposed:false
1235 http fetch GET 200 https://registry.npmjs.org/@babel%2fhelper-create-regexp-features-plugin 377ms (cache miss)
1236 silly packumentCache full:https://registry.npmjs.org/@babel%2fhelper-create-regexp-features-plugin set size:undefined disposed:true
1237 http fetch GET 200 https://registry.npmjs.org/@babel%2fhelper-create-class-features-plugin 389ms (cache miss)
1238 silly packumentCache full:https://registry.npmjs.org/@babel%2fhelper-create-class-features-plugin set size:undefined disposed:false
1239 http fetch GET 200 https://registry.npmjs.org/@babel%2fhelper-replace-supers 396ms (cache miss)
1240 silly packumentCache full:https://registry.npmjs.org/@babel%2fhelper-replace-supers set size:undefined disposed:false
1241 http fetch GET 200 https://registry.npmjs.org/@babel%2fhelper-create-class-features-plugin 425ms (cache miss)
1242 silly packumentCache full:https://registry.npmjs.org/@babel%2fhelper-create-class-features-plugin set size:undefined disposed:false
1243 http fetch GET 200 https://registry.npmjs.org/@babel%2fhelper-create-class-features-plugin 270ms (cache miss)
1244 silly packumentCache full:https://registry.npmjs.org/@babel%2fhelper-create-class-features-plugin set size:undefined disposed:false
1245 http fetch GET 200 https://registry.npmjs.org/esutils 224ms (cache miss)
1246 silly packumentCache full:https://registry.npmjs.org/esutils set size:undefined disposed:false
1247 http fetch GET 200 https://registry.npmjs.org/@babel%2fhelper-annotate-as-pure 309ms (cache miss)
1248 silly packumentCache full:https://registry.npmjs.org/@babel%2fhelper-annotate-as-pure set size:undefined disposed:false
1249 http fetch GET 200 https://registry.npmjs.org/@babel%2fhelper-create-class-features-plugin 284ms (cache miss)
1250 silly packumentCache full:https://registry.npmjs.org/@babel%2fhelper-create-class-features-plugin set size:undefined disposed:false
1251 http fetch GET 200 https://registry.npmjs.org/@babel%2fhelper-define-polyfill-provider 257ms (cache miss)
1252 silly packumentCache full:https://registry.npmjs.org/@babel%2fhelper-define-polyfill-provider set size:undefined disposed:false
1253 http fetch GET 200 https://registry.npmjs.org/@babel%2fhelper-define-polyfill-provider 237ms (cache miss)
1254 silly packumentCache full:https://registry.npmjs.org/@babel%2fhelper-define-polyfill-provider set size:undefined disposed:false
1255 http fetch GET 200 https://registry.npmjs.org/@babel%2fhelper-define-polyfill-provider 258ms (cache miss)
1256 silly packumentCache full:https://registry.npmjs.org/@babel%2fhelper-define-polyfill-provider set size:undefined disposed:false
1257 silly placeDep ROOT @babel/helper-skip-transparent-expression-wrappers@7.29.7 OK for: @babel/plugin-bugfix-safari-rest-destructuring-rhs-array@7.29.7 want: ^7.29.7
1258 silly placeDep ROOT @babel/helper-create-regexp-features-plugin@7.29.7 OK for: @babel/plugin-syntax-unicode-sets-regex@7.18.6 want: ^7.18.6
1259 silly fetch manifest regexpu-core@^6.3.1
1260 silly packumentCache full:https://registry.npmjs.org/regexpu-core cache-miss
1261 http fetch GET 200 https://registry.npmjs.org/regexpu-core 101ms (cache miss)
1262 silly packumentCache full:https://registry.npmjs.org/regexpu-core set size:undefined disposed:false
1263 silly placeDep ROOT @babel/helper-annotate-as-pure@7.29.7 OK for: @babel/helper-create-regexp-features-plugin@7.29.7 want: ^7.29.7
1264 silly placeDep ROOT regexpu-core@6.4.0 OK for: @babel/helper-create-regexp-features-plugin@7.29.7 want: ^6.3.1
1265 silly fetch manifest regenerate@^1.4.2
1266 silly packumentCache full:https://registry.npmjs.org/regenerate cache-miss
1267 silly fetch manifest regenerate-unicode-properties@^10.2.2
1268 silly packumentCache full:https://registry.npmjs.org/regenerate-unicode-properties cache-miss
1269 silly fetch manifest regjsgen@^0.8.0
1270 silly packumentCache full:https://registry.npmjs.org/regjsgen cache-miss
1271 silly fetch manifest regjsparser@^0.13.0
1272 silly packumentCache full:https://registry.npmjs.org/regjsparser cache-miss
1273 silly fetch manifest unicode-match-property-ecmascript@^2.0.0
1274 silly packumentCache full:https://registry.npmjs.org/unicode-match-property-ecmascript cache-miss
1275 silly fetch manifest unicode-match-property-value-ecmascript@^2.2.1
1276 silly packumentCache full:https://registry.npmjs.org/unicode-match-property-value-ecmascript cache-miss
1277 http fetch GET 200 https://registry.npmjs.org/regjsgen 84ms (cache miss)
1278 silly packumentCache full:https://registry.npmjs.org/regjsgen set size:undefined disposed:false
1279 http fetch GET 200 https://registry.npmjs.org/regenerate 89ms (cache miss)
1280 silly packumentCache full:https://registry.npmjs.org/regenerate set size:undefined disposed:false
1281 http fetch GET 200 https://registry.npmjs.org/regenerate-unicode-properties 91ms (cache miss)
1282 silly packumentCache full:https://registry.npmjs.org/regenerate-unicode-properties set size:undefined disposed:false
1283 http fetch GET 200 https://registry.npmjs.org/unicode-match-property-value-ecmascript 103ms (cache miss)
1284 silly packumentCache full:https://registry.npmjs.org/unicode-match-property-value-ecmascript set size:undefined disposed:false
1285 http fetch GET 200 https://registry.npmjs.org/unicode-match-property-ecmascript 109ms (cache miss)
1286 silly packumentCache full:https://registry.npmjs.org/unicode-match-property-ecmascript set size:undefined disposed:false
1287 http fetch GET 200 https://registry.npmjs.org/regjsparser 123ms (cache miss)
1288 silly packumentCache full:https://registry.npmjs.org/regjsparser set size:undefined disposed:false
1289 silly placeDep ROOT @babel/helper-remap-async-to-generator@7.29.7 OK for: @babel/plugin-transform-async-generator-functions@7.29.7 want: ^7.29.7
1290 silly fetch manifest @babel/helper-wrap-function@^7.29.7
1291 silly packumentCache full:https://registry.npmjs.org/@babel%2fhelper-wrap-function cache-miss
1292 http fetch GET 200 https://registry.npmjs.org/@babel%2fhelper-wrap-function 132ms (cache miss)
1293 silly packumentCache full:https://registry.npmjs.org/@babel%2fhelper-wrap-function set size:undefined disposed:false
1294 silly placeDep ROOT @babel/helper-wrap-function@7.29.7 OK for: @babel/helper-remap-async-to-generator@7.29.7 want: ^7.29.7
1295 silly placeDep ROOT @babel/helper-create-class-features-plugin@7.29.7 OK for: @babel/plugin-transform-class-properties@7.29.7 want: ^7.29.7
1296 silly fetch manifest @babel/helper-optimise-call-expression@^7.29.7
1297 silly packumentCache full:https://registry.npmjs.org/@babel%2fhelper-optimise-call-expression cache-miss
1298 silly fetch manifest @babel/helper-member-expression-to-functions@^7.29.7
1299 silly packumentCache full:https://registry.npmjs.org/@babel%2fhelper-member-expression-to-functions cache-miss
1300 http fetch GET 200 https://registry.npmjs.org/@babel%2fhelper-optimise-call-expression 126ms (cache miss)
1301 silly packumentCache full:https://registry.npmjs.org/@babel%2fhelper-optimise-call-expression set size:undefined disposed:false
1302 http fetch GET 200 https://registry.npmjs.org/@babel%2fhelper-member-expression-to-functions 133ms (cache miss)
1303 silly packumentCache full:https://registry.npmjs.org/@babel%2fhelper-member-expression-to-functions set size:undefined disposed:false
1304 silly placeDep ROOT @babel/helper-member-expression-to-functions@7.29.7 OK for: @babel/helper-create-class-features-plugin@7.29.7 want: ^7.29.7
1305 silly placeDep ROOT @babel/helper-optimise-call-expression@7.29.7 OK for: @babel/helper-create-class-features-plugin@7.29.7 want: ^7.29.7
1306 silly placeDep ROOT @babel/helper-replace-supers@7.29.7 OK for: @babel/helper-create-class-features-plugin@7.29.7 want: ^7.29.7
1307 silly placeDep ROOT @babel/helper-globals@7.29.7 OK for: @babel/plugin-transform-classes@7.29.7 want: ^7.29.7
1308 silly placeDep ROOT esutils@2.0.3 OK for: @babel/preset-modules@0.1.6-no-external-plugins want: ^2.0.2
1309 silly placeDep ROOT @babel/helper-string-parser@7.29.7 OK for: @babel/types@7.29.8 want: ^7.29.7
1310 silly placeDep ROOT @jridgewell/sourcemap-codec@1.6.0 OK for: @jridgewell/gen-mapping@0.3.13 want: ^1.5.0
1311 silly placeDep ROOT @jridgewell/resolve-uri@3.1.2 OK for: @jridgewell/trace-mapping@0.3.31 want: ^3.1.0
1312 silly fetch manifest rollup@^1.20.0||^2.0.0||^3.0.0||^4.0.0
1313 silly packumentCache full:https://registry.npmjs.org/rollup cache-miss
1314 http cache https://registry.npmjs.org/rollup 32ms (cache hit)
1315 silly packumentCache full:https://registry.npmjs.org/rollup set size:6353428 disposed:false
1316 silly placeDep ROOT @rollup/pluginutils@5.4.0 OK for: @rollup/plugin-babel@6.1.0 want: ^5.0.1
1317 silly fetch manifest @types/estree@^1.0.0
1318 silly packumentCache full:https://registry.npmjs.org/@types%2festree cache-miss
1319 silly fetch manifest estree-walker@^2.0.2
1320 silly packumentCache full:https://registry.npmjs.org/estree-walker cache-miss
1321 http cache https://registry.npmjs.org/@types%2festree 11ms (cache hit)
1322 silly packumentCache full:https://registry.npmjs.org/@types%2festree set size:76072 disposed:false
1323 http fetch GET 200 https://registry.npmjs.org/estree-walker 98ms (cache miss)
1324 silly packumentCache full:https://registry.npmjs.org/estree-walker set size:undefined disposed:false
1325 silly placeDep ROOT @types/resolve@1.20.2 OK for: @rollup/plugin-node-resolve@16.0.3 want: 1.20.2
1326 silly placeDep ROOT deepmerge@4.3.1 OK for: @rollup/plugin-node-resolve@16.0.3 want: ^4.2.2
1327 silly placeDep ROOT is-module@1.0.0 OK for: @rollup/plugin-node-resolve@16.0.3 want: ^1.0.0
1328 silly placeDep ROOT resolve@1.22.12 OK for: @rollup/plugin-node-resolve@16.0.3 want: ^1.22.1
1329 silly fetch manifest es-errors@^1.3.0
1330 silly packumentCache full:https://registry.npmjs.org/es-errors cache-miss
1331 silly fetch manifest path-parse@^1.0.7
1332 silly packumentCache full:https://registry.npmjs.org/path-parse cache-miss
1333 silly fetch manifest is-core-module@^2.16.1
1334 silly packumentCache full:https://registry.npmjs.org/is-core-module cache-miss
1335 silly fetch manifest supports-preserve-symlinks-flag@^1.0.0
1336 silly packumentCache full:https://registry.npmjs.org/supports-preserve-symlinks-flag cache-miss
1337 http fetch GET 200 https://registry.npmjs.org/es-errors 76ms (cache miss)
1338 silly packumentCache full:https://registry.npmjs.org/es-errors set size:undefined disposed:false
1339 http fetch GET 200 https://registry.npmjs.org/path-parse 76ms (cache miss)
1340 silly packumentCache full:https://registry.npmjs.org/path-parse set size:undefined disposed:false
1341 http fetch GET 200 https://registry.npmjs.org/supports-preserve-symlinks-flag 96ms (cache miss)
1342 silly packumentCache full:https://registry.npmjs.org/supports-preserve-symlinks-flag set size:undefined disposed:false
1343 http fetch GET 200 https://registry.npmjs.org/is-core-module 99ms (cache miss)
1344 silly packumentCache full:https://registry.npmjs.org/is-core-module set size:undefined disposed:false
1345 silly placeDep ROOT magic-string@0.30.21 OK for: @rollup/plugin-replace@6.0.3 want: ^0.30.3
1346 silly placeDep ROOT serialize-javascript@7.1.1 OK for: @rollup/plugin-terser@1.0.0 want: ^7.0.3
1347 silly placeDep ROOT smob@1.6.2 OK for: @rollup/plugin-terser@1.0.0 want: ^1.0.0
1348 silly placeDep ROOT terser@5.51.2 OK for: @rollup/plugin-terser@1.0.0 want: ^5.17.4
1349 silly fetch manifest acorn@^8.15.0
1350 silly packumentCache full:https://registry.npmjs.org/acorn cache-miss
1351 silly fetch manifest commander@^2.20.0
1352 silly packumentCache full:https://registry.npmjs.org/commander cache-miss
1353 silly fetch manifest source-map-support@~0.5.20
1354 silly packumentCache full:https://registry.npmjs.org/source-map-support cache-miss
1355 silly fetch manifest @jridgewell/source-map@^0.3.3
1356 silly packumentCache full:https://registry.npmjs.org/@jridgewell%2fsource-map cache-miss
1357 http fetch GET 200 https://registry.npmjs.org/commander 102ms (cache revalidated)
1358 silly packumentCache full:https://registry.npmjs.org/commander set size:353104 disposed:false
1359 http fetch GET 200 https://registry.npmjs.org/source-map-support 135ms (cache miss)
1360 silly packumentCache full:https://registry.npmjs.org/source-map-support set size:undefined disposed:false
1361 http fetch GET 200 https://registry.npmjs.org/acorn 151ms (cache miss)
1362 silly packumentCache full:https://registry.npmjs.org/acorn set size:undefined disposed:false
1363 http fetch GET 200 https://registry.npmjs.org/@jridgewell%2fsource-map 325ms (cache miss)
1364 silly packumentCache full:https://registry.npmjs.org/@jridgewell%2fsource-map set size:undefined disposed:false
1365 silly placeDep ROOT @types/estree@1.0.9 OK for: @rollup/pluginutils@5.4.0 want: ^1.0.0
1366 silly placeDep ROOT estree-walker@2.0.2 OK for: @rollup/pluginutils@5.4.0 want: ^2.0.2
1367 silly placeDep ROOT ejs@3.1.10 OK for: @trickfilm400/rollup-plugin-off-main-thread@3.0.0-pre1 want: ^3.1.10
1368 silly placeDep ROOT string.prototype.matchall@4.1.0 OK for: @trickfilm400/rollup-plugin-off-main-thread@3.0.0-pre1 want: ^4.0.12
1369 silly fetch manifest jake@^10.8.5
1370 silly packumentCache full:https://registry.npmjs.org/jake cache-miss
1371 silly fetch manifest gopd@^1.2.0
1372 silly packumentCache full:https://registry.npmjs.org/gopd cache-miss
1373 silly fetch manifest call-bind@^1.0.9
1374 silly packumentCache full:https://registry.npmjs.org/call-bind cache-miss
1375 silly fetch manifest call-bound@^1.0.4
1376 silly packumentCache full:https://registry.npmjs.org/call-bound cache-miss
1377 silly fetch manifest es-abstract@^1.24.2
1378 silly packumentCache full:https://registry.npmjs.org/es-abstract cache-miss
1379 silly fetch manifest has-symbols@^1.1.0
1380 silly packumentCache full:https://registry.npmjs.org/has-symbols cache-miss
1381 silly fetch manifest side-channel@^1.1.1
1382 silly packumentCache full:https://registry.npmjs.org/side-channel cache-miss
1383 silly fetch manifest get-intrinsic@^1.3.0
1384 silly packumentCache full:https://registry.npmjs.org/get-intrinsic cache-miss
1385 silly fetch manifest internal-slot@^1.1.0
1386 silly packumentCache full:https://registry.npmjs.org/internal-slot cache-miss
1387 silly fetch manifest es-object-atoms@^1.1.2
1388 silly packumentCache full:https://registry.npmjs.org/es-object-atoms cache-miss
1389 silly fetch manifest define-properties@^1.2.1
1390 silly packumentCache full:https://registry.npmjs.org/define-properties cache-miss
1391 silly fetch manifest set-function-name@^2.0.2
1392 silly packumentCache full:https://registry.npmjs.org/set-function-name cache-miss
1393 silly fetch manifest regexp.prototype.flags@^1.5.4
1394 silly packumentCache full:https://registry.npmjs.org/regexp.prototype.flags cache-miss
1395 http fetch GET 200 https://registry.npmjs.org/call-bound 188ms (cache miss)
1396 silly packumentCache full:https://registry.npmjs.org/call-bound set size:undefined disposed:false
1397 http fetch GET 200 https://registry.npmjs.org/set-function-name 179ms (cache miss)
1398 silly packumentCache full:https://registry.npmjs.org/set-function-name set size:undefined disposed:false
1399 http fetch GET 200 https://registry.npmjs.org/gopd 195ms (cache miss)
1400 silly packumentCache full:https://registry.npmjs.org/gopd set size:undefined disposed:false
1401 http fetch GET 200 https://registry.npmjs.org/get-intrinsic 191ms (cache miss)
1402 silly packumentCache full:https://registry.npmjs.org/get-intrinsic set size:undefined disposed:false
1403 http fetch GET 200 https://registry.npmjs.org/internal-slot 193ms (cache miss)
1404 silly packumentCache full:https://registry.npmjs.org/internal-slot set size:undefined disposed:false
1405 http fetch GET 200 https://registry.npmjs.org/side-channel 197ms (cache miss)
1406 silly packumentCache full:https://registry.npmjs.org/side-channel set size:undefined disposed:false
1407 http fetch GET 200 https://registry.npmjs.org/es-object-atoms 197ms (cache miss)
1408 silly packumentCache full:https://registry.npmjs.org/es-object-atoms set size:undefined disposed:false
1409 http fetch GET 200 https://registry.npmjs.org/define-properties 200ms (cache miss)
1410 silly packumentCache full:https://registry.npmjs.org/define-properties set size:undefined disposed:false
1411 http fetch GET 200 https://registry.npmjs.org/call-bind 214ms (cache miss)
1412 silly packumentCache full:https://registry.npmjs.org/call-bind set size:undefined disposed:false
1413 http fetch GET 200 https://registry.npmjs.org/regexp.prototype.flags 293ms (cache miss)
1414 silly packumentCache full:https://registry.npmjs.org/regexp.prototype.flags set size:undefined disposed:false
1415 http fetch GET 200 https://registry.npmjs.org/jake 312ms (cache miss)
1416 silly packumentCache full:https://registry.npmjs.org/jake set size:undefined disposed:false
1417 http fetch GET 200 https://registry.npmjs.org/es-abstract 317ms (cache miss)
1418 silly packumentCache full:https://registry.npmjs.org/es-abstract set size:undefined disposed:false
1419 http fetch GET 200 https://registry.npmjs.org/has-symbols 340ms (cache miss)
1420 silly packumentCache full:https://registry.npmjs.org/has-symbols set size:undefined disposed:false
1421 silly placeDep ROOT fast-deep-equal@3.1.3 OK for: ajv@8.20.0 want: ^3.1.3
1422 silly placeDep ROOT fast-uri@3.1.8 OK for: ajv@8.20.0 want: ^3.0.1
1423 silly placeDep ROOT json-schema-traverse@1.0.0 OK for: ajv@8.20.0 want: ^1.0.0
1424 silly placeDep ROOT require-from-string@2.0.2 OK for: ajv@8.20.0 want: ^2.0.2
1425 silly fetch manifest @babel/core@^7.4.0 || ^8.0.0-0 <8.0.0
1426 silly packumentCache full:https://registry.npmjs.org/@babel%2fcore cache-hit
1427 silly fetch manifest @babel/preset-typescript@^8.0.0-0
1428 silly packumentCache full:https://registry.npmjs.org/@babel%2fpreset-typescript cache-miss
1429 http fetch GET 200 https://registry.npmjs.org/@babel%2fpreset-typescript 328ms (cache revalidated)
1430 silly packumentCache full:https://registry.npmjs.org/@babel%2fpreset-typescript set size:271383 disposed:false
1431 silly placeDep ROOT @babel/helper-define-polyfill-provider@0.6.8 OK for: babel-plugin-polyfill-corejs2@0.4.17 want: ^0.6.8
1432 silly fetch manifest lodash.debounce@^4.0.8
1433 silly packumentCache full:https://registry.npmjs.org/lodash.debounce cache-miss
1434 http fetch GET 200 https://registry.npmjs.org/lodash.debounce 118ms (cache miss)
1435 silly packumentCache full:https://registry.npmjs.org/lodash.debounce set size:undefined disposed:false
1436 silly placeDep ROOT lodash.debounce@4.0.8 OK for: @babel/helper-define-polyfill-provider@0.6.8 want: ^4.0.8
1437 silly placeDep ROOT jake@10.9.4 OK for: ejs@3.1.10 want: ^10.8.5
1438 silly fetch manifest async@^3.2.6
1439 silly packumentCache full:https://registry.npmjs.org/async cache-miss
1440 silly fetch manifest filelist@^1.0.4
1441 silly packumentCache full:https://registry.npmjs.org/filelist cache-miss
1442 http fetch GET 200 https://registry.npmjs.org/filelist 95ms (cache miss)
1443 silly packumentCache full:https://registry.npmjs.org/filelist set size:undefined disposed:false
1444 http fetch GET 200 https://registry.npmjs.org/async 124ms (cache miss)
1445 silly packumentCache full:https://registry.npmjs.org/async set size:undefined disposed:false
1446 silly placeDep ROOT at-least-node@1.0.0 OK for: fs-extra@9.1.0 want: ^1.0.0
1447 silly placeDep ROOT graceful-fs@4.2.11 OK for: fs-extra@9.1.0 want: ^4.2.0
1448 silly placeDep ROOT jsonfile@6.2.1 OK for: fs-extra@9.1.0 want: ^6.0.1
1449 silly placeDep ROOT universalify@2.0.1 OK for: fs-extra@9.1.0 want: ^2.0.0
1450 silly placeDep ROOT foreground-child@3.3.1 OK for: glob@11.1.0 want: ^3.3.1
1451 silly placeDep ROOT jackspeak@4.2.3 OK for: glob@11.1.0 want: ^4.1.1
1452 silly placeDep ROOT minimatch@10.2.6 OK for: glob@11.1.0 want: ^10.1.1
1453 silly placeDep ROOT minipass@7.1.3 OK for: glob@11.1.0 want: ^7.1.2
1454 silly placeDep ROOT package-json-from-dist@1.0.1 OK for: glob@11.1.0 want: ^1.0.0
1455 silly placeDep ROOT path-scurry@2.0.2 OK for: glob@11.1.0 want: ^2.0.0
1456 silly fetch manifest cross-spawn@^7.0.6
1457 silly packumentCache full:https://registry.npmjs.org/cross-spawn cache-miss
1458 silly fetch manifest signal-exit@^4.0.1
1459 silly packumentCache full:https://registry.npmjs.org/signal-exit cache-miss
1460 silly fetch manifest @isaacs/cliui@^9.0.0
1461 silly packumentCache full:https://registry.npmjs.org/@isaacs%2fcliui cache-miss
1462 silly fetch manifest brace-expansion@^5.0.8
1463 silly packumentCache full:https://registry.npmjs.org/brace-expansion cache-miss
1464 silly fetch manifest lru-cache@^11.0.0
1465 silly packumentCache full:https://registry.npmjs.org/lru-cache cache-hit
1466 http fetch GET 200 https://registry.npmjs.org/cross-spawn 100ms (cache revalidated)
1467 silly packumentCache full:https://registry.npmjs.org/cross-spawn set size:109066 disposed:false
1468 http fetch GET 200 https://registry.npmjs.org/signal-exit 101ms (cache revalidated)
1469 silly packumentCache full:https://registry.npmjs.org/signal-exit set size:53489 disposed:false
1470 http fetch GET 200 https://registry.npmjs.org/brace-expansion 102ms (cache revalidated)
1471 silly packumentCache full:https://registry.npmjs.org/brace-expansion set size:128514 disposed:false
1472 http fetch GET 200 https://registry.npmjs.org/@isaacs%2fcliui 114ms (cache miss)
1473 silly packumentCache full:https://registry.npmjs.org/@isaacs%2fcliui set size:undefined disposed:false
1474 silly placeDep ROOT cross-spawn@7.0.6 OK for: foreground-child@3.3.1 want: ^7.0.6
1475 silly placeDep ROOT signal-exit@4.1.0 OK for: foreground-child@3.3.1 want: ^4.0.1
1476 silly fetch manifest which@^2.0.1
1477 silly packumentCache full:https://registry.npmjs.org/which cache-miss
1478 silly fetch manifest path-key@^3.1.0
1479 silly packumentCache full:https://registry.npmjs.org/path-key cache-miss
1480 silly fetch manifest shebang-command@^2.0.0
1481 silly packumentCache full:https://registry.npmjs.org/shebang-command cache-miss
1482 http fetch GET 200 https://registry.npmjs.org/path-key 91ms (cache revalidated)
1483 silly packumentCache full:https://registry.npmjs.org/path-key set size:16975 disposed:false
1484 http fetch GET 200 https://registry.npmjs.org/which 94ms (cache revalidated)
1485 silly packumentCache full:https://registry.npmjs.org/which set size:70147 disposed:false
1486 http fetch GET 200 https://registry.npmjs.org/shebang-command 113ms (cache revalidated)
1487 silly packumentCache full:https://registry.npmjs.org/shebang-command set size:8525 disposed:false
1488 silly placeDep ROOT path-key@3.1.1 OK for: cross-spawn@7.0.6 want: ^3.1.0
1489 silly placeDep ROOT shebang-command@2.0.0 OK for: cross-spawn@7.0.6 want: ^2.0.0
1490 silly placeDep ROOT which@2.0.2 OK for: cross-spawn@7.0.6 want: ^2.0.1
1491 silly fetch manifest shebang-regex@^3.0.0
1492 silly packumentCache full:https://registry.npmjs.org/shebang-regex cache-miss
1493 silly fetch manifest isexe@^2.0.0
1494 silly packumentCache full:https://registry.npmjs.org/isexe cache-miss
1495 http fetch GET 200 https://registry.npmjs.org/isexe 77ms (cache revalidated)
1496 silly packumentCache full:https://registry.npmjs.org/isexe set size:31756 disposed:false
1497 http fetch GET 200 https://registry.npmjs.org/shebang-regex 80ms (cache revalidated)
1498 silly packumentCache full:https://registry.npmjs.org/shebang-regex set size:9763 disposed:false
1499 silly placeDep ROOT @isaacs/cliui@9.0.0 OK for: jackspeak@4.2.3 want: ^9.0.0
1500 silly placeDep ROOT async@3.2.6 OK for: jake@10.9.4 want: ^3.2.6
1501 silly placeDep ROOT filelist@1.0.6 OK for: jake@10.9.4 want: ^1.0.4
1502 silly fetch manifest minimatch@^5.0.1
1503 silly packumentCache full:https://registry.npmjs.org/minimatch cache-hit
1504 silly placeDep node_modules/filelist minimatch@5.1.9 OK for: filelist@1.0.6 want: ^5.0.1
1505 silly fetch manifest brace-expansion@^2.0.1
1506 silly packumentCache full:https://registry.npmjs.org/brace-expansion cache-hit
1507 silly placeDep ROOT yallist@3.1.1 OK for: lru-cache@5.1.1 want: ^3.0.2
1508 silly placeDep ROOT brace-expansion@5.0.12 OK for: minimatch@10.2.6 want: ^5.0.8
1509 silly fetch manifest balanced-match@^4.0.2
1510 silly packumentCache full:https://registry.npmjs.org/balanced-match cache-miss
1511 http fetch GET 200 https://registry.npmjs.org/balanced-match 95ms (cache revalidated)
1512 silly packumentCache full:https://registry.npmjs.org/balanced-match set size:39082 disposed:false
1513 silly placeDep ROOT balanced-match@4.0.4 OK for: brace-expansion@5.0.12 want: ^4.0.2
1514 silly placeDep node_modules/path-scurry lru-cache@11.5.3 OK for: path-scurry@2.0.2 want: ^11.0.0
1515 silly placeDep ROOT regenerate@1.4.2 OK for: regexpu-core@6.4.0 want: ^1.4.2
1516 silly placeDep ROOT regenerate-unicode-properties@10.2.2 OK for: regexpu-core@6.4.0 want: ^10.2.2
1517 silly placeDep ROOT regjsgen@0.8.0 OK for: regexpu-core@6.4.0 want: ^0.8.0
1518 silly placeDep ROOT regjsparser@0.13.3 OK for: regexpu-core@6.4.0 want: ^0.13.0
1519 silly placeDep ROOT unicode-match-property-ecmascript@2.0.0 OK for: regexpu-core@6.4.0 want: ^2.0.0
1520 silly placeDep ROOT unicode-match-property-value-ecmascript@2.2.1 OK for: regexpu-core@6.4.0 want: ^2.2.1
1521 silly fetch manifest unicode-canonical-property-names-ecmascript@^2.0.0
1522 silly packumentCache full:https://registry.npmjs.org/unicode-canonical-property-names-ecmascript cache-miss
1523 silly fetch manifest unicode-property-aliases-ecmascript@^2.0.0
1524 silly packumentCache full:https://registry.npmjs.org/unicode-property-aliases-ecmascript cache-miss
1525 http fetch GET 200 https://registry.npmjs.org/unicode-property-aliases-ecmascript 88ms (cache miss)
1526 silly packumentCache full:https://registry.npmjs.org/unicode-property-aliases-ecmascript set size:undefined disposed:false
1527 http fetch GET 200 https://registry.npmjs.org/unicode-canonical-property-names-ecmascript 92ms (cache miss)
1528 silly packumentCache full:https://registry.npmjs.org/unicode-canonical-property-names-ecmascript set size:undefined disposed:false
1529 silly placeDep ROOT es-errors@1.3.0 OK for: resolve@1.22.12 want: ^1.3.0
1530 silly placeDep ROOT is-core-module@2.17.0 OK for: resolve@1.22.12 want: ^2.16.1
1531 silly placeDep ROOT path-parse@1.0.7 OK for: resolve@1.22.12 want: ^1.0.7
1532 silly placeDep ROOT supports-preserve-symlinks-flag@1.0.0 OK for: resolve@1.22.12 want: ^1.0.0
1533 silly fetch manifest hasown@^2.0.4
1534 silly packumentCache full:https://registry.npmjs.org/hasown cache-miss
1535 http fetch GET 200 https://registry.npmjs.org/hasown 76ms (cache miss)
1536 silly packumentCache full:https://registry.npmjs.org/hasown set size:undefined disposed:false
1537 silly placeDep ROOT hasown@2.0.4 OK for: is-core-module@2.17.0 want: ^2.0.4
1538 silly fetch manifest function-bind@^1.1.2
1539 silly packumentCache full:https://registry.npmjs.org/function-bind cache-miss
1540 http fetch GET 200 https://registry.npmjs.org/function-bind 105ms (cache miss)
1541 silly packumentCache full:https://registry.npmjs.org/function-bind set size:undefined disposed:false
1542 silly placeDep ROOT function-bind@1.1.2 OK for: hasown@2.0.4 want: ^1.1.2
1543 silly placeDep ROOT @napi-rs/lzma-linux-x64-gnu@1.5.1 OK for: rollup@4.63.4 want: 1.5.1
1544 silly placeDep ROOT @rollup/rollup-android-arm-eabi@4.63.4 OK for: rollup@4.63.4 want: 4.63.4
1545 silly placeDep ROOT @rollup/rollup-android-arm64@4.63.4 OK for: rollup@4.63.4 want: 4.63.4
1546 silly placeDep ROOT @rollup/rollup-darwin-arm64@4.63.4 OK for: rollup@4.63.4 want: 4.63.4
1547 silly placeDep ROOT @rollup/rollup-darwin-x64@4.63.4 OK for: rollup@4.63.4 want: 4.63.4
1548 silly placeDep ROOT @rollup/rollup-freebsd-arm64@4.63.4 OK for: rollup@4.63.4 want: 4.63.4
1549 silly placeDep ROOT @rollup/rollup-freebsd-x64@4.63.4 OK for: rollup@4.63.4 want: 4.63.4
1550 silly placeDep ROOT @rollup/rollup-linux-arm-gnueabihf@4.63.4 OK for: rollup@4.63.4 want: 4.63.4
1551 silly placeDep ROOT @rollup/rollup-linux-arm-musleabihf@4.63.4 OK for: rollup@4.63.4 want: 4.63.4
1552 silly placeDep ROOT @rollup/rollup-linux-arm64-gnu@4.63.4 OK for: rollup@4.63.4 want: 4.63.4
1553 silly placeDep ROOT @rollup/rollup-linux-arm64-musl@4.63.4 OK for: rollup@4.63.4 want: 4.63.4
1554 silly placeDep ROOT @rollup/rollup-linux-loong64-gnu@4.63.4 OK for: rollup@4.63.4 want: 4.63.4
1555 silly placeDep ROOT @rollup/rollup-linux-loong64-musl@4.63.4 OK for: rollup@4.63.4 want: 4.63.4
1556 silly placeDep ROOT @rollup/rollup-linux-ppc64-gnu@4.63.4 OK for: rollup@4.63.4 want: 4.63.4
1557 silly placeDep ROOT @rollup/rollup-linux-ppc64-musl@4.63.4 OK for: rollup@4.63.4 want: 4.63.4
1558 silly placeDep ROOT @rollup/rollup-linux-riscv64-gnu@4.63.4 OK for: rollup@4.63.4 want: 4.63.4
1559 silly placeDep ROOT @rollup/rollup-linux-riscv64-musl@4.63.4 OK for: rollup@4.63.4 want: 4.63.4
1560 silly placeDep ROOT @rollup/rollup-linux-s390x-gnu@4.63.4 OK for: rollup@4.63.4 want: 4.63.4
1561 silly placeDep ROOT @rollup/rollup-linux-x64-gnu@4.63.4 OK for: rollup@4.63.4 want: 4.63.4
1562 silly placeDep ROOT @rollup/rollup-linux-x64-musl@4.63.4 OK for: rollup@4.63.4 want: 4.63.4
1563 silly placeDep ROOT @rollup/rollup-openbsd-x64@4.63.4 OK for: rollup@4.63.4 want: 4.63.4
1564 silly placeDep ROOT @rollup/rollup-openharmony-arm64@4.63.4 OK for: rollup@4.63.4 want: 4.63.4
1565 silly placeDep ROOT @rollup/rollup-win32-arm64-msvc@4.63.4 OK for: rollup@4.63.4 want: 4.63.4
1566 silly placeDep ROOT @rollup/rollup-win32-ia32-msvc@4.63.4 OK for: rollup@4.63.4 want: 4.63.4
1567 silly placeDep ROOT @rollup/rollup-win32-x64-gnu@4.63.4 OK for: rollup@4.63.4 want: 4.63.4
1568 silly placeDep ROOT @rollup/rollup-win32-x64-msvc@4.63.4 OK for: rollup@4.63.4 want: 4.63.4
1569 silly placeDep ROOT shebang-regex@3.0.0 OK for: shebang-command@2.0.0 want: ^3.0.0
1570 silly placeDep ROOT call-bind@1.0.9 OK for: string.prototype.matchall@4.1.0 want: ^1.0.9
1571 silly placeDep ROOT call-bound@1.0.4 OK for: string.prototype.matchall@4.1.0 want: ^1.0.4
1572 silly placeDep ROOT define-properties@1.2.1 OK for: string.prototype.matchall@4.1.0 want: ^1.2.1
1573 silly placeDep ROOT es-abstract@1.24.2 OK for: string.prototype.matchall@4.1.0 want: ^1.24.2
1574 silly placeDep ROOT es-object-atoms@1.1.2 OK for: string.prototype.matchall@4.1.0 want: ^1.1.2
1575 silly placeDep ROOT get-intrinsic@1.3.0 OK for: string.prototype.matchall@4.1.0 want: ^1.3.0
1576 silly placeDep ROOT gopd@1.2.0 OK for: string.prototype.matchall@4.1.0 want: ^1.2.0
1577 silly placeDep ROOT has-symbols@1.1.0 OK for: string.prototype.matchall@4.1.0 want: ^1.1.0
1578 silly placeDep ROOT internal-slot@1.1.0 OK for: string.prototype.matchall@4.1.0 want: ^1.1.0
1579 silly placeDep ROOT regexp.prototype.flags@1.5.4 OK for: string.prototype.matchall@4.1.0 want: ^1.5.4
1580 silly placeDep ROOT set-function-name@2.0.2 OK for: string.prototype.matchall@4.1.0 want: ^2.0.2
1581 silly placeDep ROOT side-channel@1.1.1 OK for: string.prototype.matchall@4.1.0 want: ^1.1.1
1582 silly fetch manifest call-bind-apply-helpers@^1.0.2
1583 silly packumentCache full:https://registry.npmjs.org/call-bind-apply-helpers cache-miss
1584 silly fetch manifest es-define-property@^1.0.1
1585 silly packumentCache full:https://registry.npmjs.org/es-define-property cache-miss
1586 silly fetch manifest set-function-length@^1.2.2
1587 silly packumentCache full:https://registry.npmjs.org/set-function-length cache-miss
1588 silly fetch manifest call-bind-apply-helpers@^1.0.2
1589 silly packumentCache full:https://registry.npmjs.org/call-bind-apply-helpers cache-miss
1590 silly fetch manifest define-data-property@^1.0.1
1591 silly packumentCache full:https://registry.npmjs.org/define-data-property cache-miss
1592 silly fetch manifest has-property-descriptors@^1.0.0
1593 silly packumentCache full:https://registry.npmjs.org/has-property-descriptors cache-miss
1594 silly fetch manifest object-keys@^1.1.1
1595 silly packumentCache full:https://registry.npmjs.org/object-keys cache-miss
1596 silly fetch manifest array-buffer-byte-length@^1.0.2
1597 silly packumentCache full:https://registry.npmjs.org/array-buffer-byte-length cache-miss
1598 silly fetch manifest arraybuffer.prototype.slice@^1.0.4
1599 silly packumentCache full:https://registry.npmjs.org/arraybuffer.prototype.slice cache-miss
1600 silly fetch manifest available-typed-arrays@^1.0.7
1601 silly packumentCache full:https://registry.npmjs.org/available-typed-arrays cache-miss
1602 silly fetch manifest data-view-buffer@^1.0.2
1603 silly packumentCache full:https://registry.npmjs.org/data-view-buffer cache-miss
1604 silly fetch manifest data-view-byte-length@^1.0.2
1605 silly packumentCache full:https://registry.npmjs.org/data-view-byte-length cache-miss
1606 silly fetch manifest data-view-byte-offset@^1.0.1
1607 silly packumentCache full:https://registry.npmjs.org/data-view-byte-offset cache-miss
1608 silly fetch manifest es-define-property@^1.0.1
1609 silly packumentCache full:https://registry.npmjs.org/es-define-property cache-miss
1610 silly fetch manifest es-object-atoms@^1.1.1
1611 silly packumentCache full:https://registry.npmjs.org/es-object-atoms cache-miss
1612 http cache https://registry.npmjs.org/es-object-atoms 29ms (cache hit)
1613 silly packumentCache full:https://registry.npmjs.org/es-object-atoms set size:18278 disposed:false
1614 silly fetch manifest es-set-tostringtag@^2.1.0
1615 silly packumentCache full:https://registry.npmjs.org/es-set-tostringtag cache-miss
1616 http fetch GET 200 https://registry.npmjs.org/call-bind-apply-helpers 185ms (cache miss)
1617 silly packumentCache full:https://registry.npmjs.org/call-bind-apply-helpers set size:undefined disposed:false
1618 silly fetch manifest es-to-primitive@^1.3.0
1619 silly packumentCache full:https://registry.npmjs.org/es-to-primitive cache-miss
1620 http fetch GET 200 https://registry.npmjs.org/available-typed-arrays 183ms (cache miss)
1621 silly packumentCache full:https://registry.npmjs.org/available-typed-arrays set size:undefined disposed:false
1622 silly fetch manifest function.prototype.name@^1.1.8
1623 silly packumentCache full:https://registry.npmjs.org/function.prototype.name cache-miss
1624 http fetch GET 200 https://registry.npmjs.org/data-view-buffer 222ms (cache miss)
1625 silly packumentCache full:https://registry.npmjs.org/data-view-buffer set size:undefined disposed:false
1626 silly fetch manifest get-proto@^1.0.1
1627 silly packumentCache full:https://registry.npmjs.org/get-proto cache-miss
1628 http fetch GET 200 https://registry.npmjs.org/data-view-byte-length 226ms (cache miss)
1629 silly packumentCache full:https://registry.npmjs.org/data-view-byte-length set size:undefined disposed:false
1630 silly fetch manifest get-symbol-description@^1.1.0
1631 silly packumentCache full:https://registry.npmjs.org/get-symbol-description cache-miss
1632 http fetch GET 200 https://registry.npmjs.org/has-property-descriptors 238ms (cache miss)
1633 silly packumentCache full:https://registry.npmjs.org/has-property-descriptors set size:undefined disposed:false
1634 silly fetch manifest globalthis@^1.0.4
1635 silly packumentCache full:https://registry.npmjs.org/globalthis cache-miss
1636 http fetch GET 200 https://registry.npmjs.org/set-function-length 246ms (cache miss)
1637 silly packumentCache full:https://registry.npmjs.org/set-function-length set size:undefined disposed:false
1638 silly fetch manifest has-property-descriptors@^1.0.2
1639 silly packumentCache full:https://registry.npmjs.org/has-property-descriptors cache-miss
1640 http fetch GET 200 https://registry.npmjs.org/data-view-byte-offset 246ms (cache miss)
1641 silly packumentCache full:https://registry.npmjs.org/data-view-byte-offset set size:undefined disposed:false
1642 silly fetch manifest has-proto@^1.2.0
1643 silly packumentCache full:https://registry.npmjs.org/has-proto cache-miss
1644 http fetch GET 200 https://registry.npmjs.org/es-define-property 265ms (cache miss)
1645 silly packumentCache full:https://registry.npmjs.org/es-define-property set size:undefined disposed:false
1646 silly fetch manifest is-array-buffer@^3.0.5
1647 silly packumentCache full:https://registry.npmjs.org/is-array-buffer cache-miss
1648 http fetch GET 200 https://registry.npmjs.org/es-set-tostringtag 220ms (cache miss)
1649 silly packumentCache full:https://registry.npmjs.org/es-set-tostringtag set size:undefined disposed:false
1650 silly fetch manifest is-callable@^1.2.7
1651 silly packumentCache full:https://registry.npmjs.org/is-callable cache-miss
1652 http fetch GET 200 https://registry.npmjs.org/arraybuffer.prototype.slice 266ms (cache miss)
1653 silly packumentCache full:https://registry.npmjs.org/arraybuffer.prototype.slice set size:undefined disposed:false
1654 silly fetch manifest is-data-view@^1.0.2
1655 silly packumentCache full:https://registry.npmjs.org/is-data-view cache-miss
1656 http fetch GET 200 https://registry.npmjs.org/define-data-property 291ms (cache miss)
1657 silly packumentCache full:https://registry.npmjs.org/define-data-property set size:undefined disposed:false
1658 silly fetch manifest is-negative-zero@^2.0.3
1659 silly packumentCache full:https://registry.npmjs.org/is-negative-zero cache-miss
1660 http fetch GET 200 https://registry.npmjs.org/object-keys 293ms (cache miss)
1661 silly packumentCache full:https://registry.npmjs.org/object-keys set size:undefined disposed:false
1662 silly fetch manifest is-regex@^1.2.1
1663 silly packumentCache full:https://registry.npmjs.org/is-regex cache-miss
1664 http fetch GET 200 https://registry.npmjs.org/es-define-property 299ms (cache miss)
1665 silly packumentCache full:https://registry.npmjs.org/es-define-property set size:undefined disposed:false
1666 silly fetch manifest is-set@^2.0.3
1667 silly packumentCache full:https://registry.npmjs.org/is-set cache-miss
1668 http fetch GET 200 https://registry.npmjs.org/array-buffer-byte-length 318ms (cache miss)
1669 silly packumentCache full:https://registry.npmjs.org/array-buffer-byte-length set size:undefined disposed:false
1670 silly fetch manifest is-shared-array-buffer@^1.0.4
1671 silly packumentCache full:https://registry.npmjs.org/is-shared-array-buffer cache-miss
1672 http fetch GET 200 https://registry.npmjs.org/call-bind-apply-helpers 345ms (cache miss)
1673 silly packumentCache full:https://registry.npmjs.org/call-bind-apply-helpers set size:undefined disposed:false
1674 silly fetch manifest is-string@^1.1.1
1675 silly packumentCache full:https://registry.npmjs.org/is-string cache-miss
1676 http cache https://registry.npmjs.org/has-property-descriptors 138ms (cache hit)
1677 silly packumentCache full:https://registry.npmjs.org/has-property-descriptors set size:12452 disposed:false
1678 silly fetch manifest is-typed-array@^1.1.15
1679 silly packumentCache full:https://registry.npmjs.org/is-typed-array cache-miss
1680 http fetch GET 200 https://registry.npmjs.org/get-proto 166ms (cache miss)
1681 silly packumentCache full:https://registry.npmjs.org/get-proto set size:undefined disposed:false
1682 silly fetch manifest is-weakref@^1.1.1
1683 silly packumentCache full:https://registry.npmjs.org/is-weakref cache-miss
1684 http fetch GET 200 https://registry.npmjs.org/get-symbol-description 166ms (cache miss)
1685 silly packumentCache full:https://registry.npmjs.org/get-symbol-description set size:undefined disposed:false
1686 silly fetch manifest math-intrinsics@^1.1.0
1687 silly packumentCache full:https://registry.npmjs.org/math-intrinsics cache-miss
1688 http fetch GET 200 https://registry.npmjs.org/globalthis 177ms (cache miss)
1689 silly packumentCache full:https://registry.npmjs.org/globalthis set size:undefined disposed:false
1690 silly fetch manifest object-inspect@^1.13.4
1691 silly packumentCache full:https://registry.npmjs.org/object-inspect cache-miss
1692 http fetch GET 200 https://registry.npmjs.org/function.prototype.name 198ms (cache miss)
1693 silly packumentCache full:https://registry.npmjs.org/function.prototype.name set size:undefined disposed:false
1694 silly fetch manifest object.assign@^4.1.7
1695 silly packumentCache full:https://registry.npmjs.org/object.assign cache-miss
1696 http fetch GET 200 https://registry.npmjs.org/es-to-primitive 252ms (cache miss)
1697 silly packumentCache full:https://registry.npmjs.org/es-to-primitive set size:undefined disposed:false
1698 silly fetch manifest own-keys@^1.0.1
1699 silly packumentCache full:https://registry.npmjs.org/own-keys cache-miss
1700 http fetch GET 200 https://registry.npmjs.org/has-proto 190ms (cache miss)
1701 silly packumentCache full:https://registry.npmjs.org/has-proto set size:undefined disposed:false
1702 silly fetch manifest safe-array-concat@^1.1.3
1703 silly packumentCache full:https://registry.npmjs.org/safe-array-concat cache-miss
1704 http fetch GET 200 https://registry.npmjs.org/is-data-view 181ms (cache miss)
1705 silly packumentCache full:https://registry.npmjs.org/is-data-view set size:undefined disposed:false
1706 silly fetch manifest safe-push-apply@^1.0.0
1707 silly packumentCache full:https://registry.npmjs.org/safe-push-apply cache-miss
1708 http fetch GET 200 https://registry.npmjs.org/is-array-buffer 196ms (cache miss)
1709 silly packumentCache full:https://registry.npmjs.org/is-array-buffer set size:undefined disposed:false
1710 silly fetch manifest safe-regex-test@^1.1.0
1711 silly packumentCache full:https://registry.npmjs.org/safe-regex-test cache-miss
1712 http fetch GET 200 https://registry.npmjs.org/is-callable 204ms (cache miss)
1713 silly packumentCache full:https://registry.npmjs.org/is-callable set size:undefined disposed:false
1714 silly fetch manifest set-proto@^1.0.0
1715 silly packumentCache full:https://registry.npmjs.org/set-proto cache-miss
1716 http fetch GET 200 https://registry.npmjs.org/is-negative-zero 206ms (cache miss)
1717 silly packumentCache full:https://registry.npmjs.org/is-negative-zero set size:undefined disposed:false
1718 silly fetch manifest stop-iteration-iterator@^1.1.0
1719 silly packumentCache full:https://registry.npmjs.org/stop-iteration-iterator cache-miss
1720 http fetch GET 200 https://registry.npmjs.org/is-set 192ms (cache miss)
1721 silly packumentCache full:https://registry.npmjs.org/is-set set size:undefined disposed:false
1722 silly fetch manifest string.prototype.trim@^1.2.10
1723 silly packumentCache full:https://registry.npmjs.org/string.prototype.trim cache-miss
1724 http fetch GET 200 https://registry.npmjs.org/is-regex 215ms (cache miss)
1725 silly packumentCache full:https://registry.npmjs.org/is-regex set size:undefined disposed:false
1726 silly fetch manifest string.prototype.trimend@^1.0.9
1727 silly packumentCache full:https://registry.npmjs.org/string.prototype.trimend cache-miss
1728 http fetch GET 200 https://registry.npmjs.org/is-shared-array-buffer 196ms (cache miss)
1729 silly packumentCache full:https://registry.npmjs.org/is-shared-array-buffer set size:undefined disposed:false
1730 silly fetch manifest string.prototype.trimstart@^1.0.8
1731 silly packumentCache full:https://registry.npmjs.org/string.prototype.trimstart cache-miss
1732 http fetch GET 200 https://registry.npmjs.org/is-string 186ms (cache miss)
1733 silly packumentCache full:https://registry.npmjs.org/is-string set size:undefined disposed:false
1734 silly fetch manifest typed-array-buffer@^1.0.3
1735 silly packumentCache full:https://registry.npmjs.org/typed-array-buffer cache-miss
1736 http fetch GET 200 https://registry.npmjs.org/math-intrinsics 169ms (cache miss)
1737 silly packumentCache full:https://registry.npmjs.org/math-intrinsics set size:undefined disposed:false
1738 silly fetch manifest typed-array-byte-length@^1.0.3
1739 silly packumentCache full:https://registry.npmjs.org/typed-array-byte-length cache-miss
1740 http fetch GET 200 https://registry.npmjs.org/is-weakref 186ms (cache miss)
1741 silly packumentCache full:https://registry.npmjs.org/is-weakref set size:undefined disposed:false
1742 silly fetch manifest typed-array-byte-offset@^1.0.4
1743 silly packumentCache full:https://registry.npmjs.org/typed-array-byte-offset cache-miss
1744 http fetch GET 200 https://registry.npmjs.org/safe-push-apply 135ms (cache miss)
1745 silly packumentCache full:https://registry.npmjs.org/safe-push-apply set size:undefined disposed:false
1746 silly fetch manifest typed-array-length@^1.0.7
1747 silly packumentCache full:https://registry.npmjs.org/typed-array-length cache-miss
1748 http fetch GET 200 https://registry.npmjs.org/own-keys 159ms (cache miss)
1749 silly packumentCache full:https://registry.npmjs.org/own-keys set size:undefined disposed:false
1750 silly fetch manifest unbox-primitive@^1.1.0
1751 silly packumentCache full:https://registry.npmjs.org/unbox-primitive cache-miss
1752 http fetch GET 200 https://registry.npmjs.org/safe-array-concat 151ms (cache miss)
1753 silly packumentCache full:https://registry.npmjs.org/safe-array-concat set size:undefined disposed:false
1754 silly fetch manifest which-typed-array@^1.1.19
1755 silly packumentCache full:https://registry.npmjs.org/which-typed-array cache-miss
1756 http fetch GET 200 https://registry.npmjs.org/is-typed-array 227ms (cache miss)
1757 silly packumentCache full:https://registry.npmjs.org/is-typed-array set size:undefined disposed:false
1758 silly fetch manifest side-channel@^1.1.0
1759 silly packumentCache full:https://registry.npmjs.org/side-channel cache-miss
1760 http fetch GET 200 https://registry.npmjs.org/safe-regex-test 162ms (cache miss)
1761 silly packumentCache full:https://registry.npmjs.org/safe-regex-test set size:undefined disposed:false
1762 silly fetch manifest define-data-property@^1.1.4
1763 silly packumentCache full:https://registry.npmjs.org/define-data-property cache-miss
1764 http fetch GET 200 https://registry.npmjs.org/object-inspect 219ms (cache miss)
1765 silly packumentCache full:https://registry.npmjs.org/object-inspect set size:undefined disposed:false
1766 silly fetch manifest functions-have-names@^1.2.3
1767 silly packumentCache full:https://registry.npmjs.org/functions-have-names cache-miss
1768 http fetch GET 200 https://registry.npmjs.org/object.assign 221ms (cache miss)
1769 silly packumentCache full:https://registry.npmjs.org/object.assign set size:undefined disposed:false
1770 silly fetch manifest side-channel-list@^1.0.1
1771 silly packumentCache full:https://registry.npmjs.org/side-channel-list cache-miss
1772 http fetch GET 200 https://registry.npmjs.org/set-proto 182ms (cache miss)
1773 silly packumentCache full:https://registry.npmjs.org/set-proto set size:undefined disposed:false
1774 silly fetch manifest side-channel-map@^1.0.1
1775 silly packumentCache full:https://registry.npmjs.org/side-channel-map cache-miss
1776 http fetch GET 200 https://registry.npmjs.org/stop-iteration-iterator 176ms (cache miss)
1777 silly packumentCache full:https://registry.npmjs.org/stop-iteration-iterator set size:undefined disposed:false
1778 silly fetch manifest side-channel-weakmap@^1.0.2
1779 silly packumentCache full:https://registry.npmjs.org/side-channel-weakmap cache-miss
1780 http fetch GET 200 https://registry.npmjs.org/string.prototype.trimstart 161ms (cache miss)
1781 silly packumentCache full:https://registry.npmjs.org/string.prototype.trimstart set size:undefined disposed:false
1782 http fetch GET 200 https://registry.npmjs.org/string.prototype.trimend 166ms (cache miss)
1783 silly packumentCache full:https://registry.npmjs.org/string.prototype.trimend set size:undefined disposed:false
1784 http fetch GET 200 https://registry.npmjs.org/typed-array-buffer 163ms (cache miss)
1785 silly packumentCache full:https://registry.npmjs.org/typed-array-buffer set size:undefined disposed:false
1786 http fetch GET 200 https://registry.npmjs.org/string.prototype.trim 184ms (cache miss)
1787 silly packumentCache full:https://registry.npmjs.org/string.prototype.trim set size:undefined disposed:false
1788 http cache https://registry.npmjs.org/side-channel 78ms (cache hit)
1789 silly packumentCache full:https://registry.npmjs.org/side-channel set size:27650 disposed:false
1790 http cache https://registry.npmjs.org/define-data-property 71ms (cache hit)
1791 silly packumentCache full:https://registry.npmjs.org/define-data-property set size:28048 disposed:false
1792 http fetch GET 200 https://registry.npmjs.org/typed-array-byte-length 126ms (cache miss)
1793 silly packumentCache full:https://registry.npmjs.org/typed-array-byte-length set size:undefined disposed:false
1794 http fetch GET 200 https://registry.npmjs.org/typed-array-byte-offset 119ms (cache miss)
1795 silly packumentCache full:https://registry.npmjs.org/typed-array-byte-offset set size:undefined disposed:false
1796 http fetch GET 200 https://registry.npmjs.org/unbox-primitive 109ms (cache miss)
1797 silly packumentCache full:https://registry.npmjs.org/unbox-primitive set size:undefined disposed:false
1798 http fetch GET 200 https://registry.npmjs.org/typed-array-length 115ms (cache miss)
1799 silly packumentCache full:https://registry.npmjs.org/typed-array-length set size:undefined disposed:false
1800 http fetch GET 200 https://registry.npmjs.org/which-typed-array 117ms (cache miss)
1801 silly packumentCache full:https://registry.npmjs.org/which-typed-array set size:undefined disposed:false
1802 http fetch GET 200 https://registry.npmjs.org/side-channel-list 97ms (cache miss)
1803 silly packumentCache full:https://registry.npmjs.org/side-channel-list set size:undefined disposed:false
1804 http fetch GET 200 https://registry.npmjs.org/functions-have-names 104ms (cache miss)
1805 silly packumentCache full:https://registry.npmjs.org/functions-have-names set size:undefined disposed:false
1806 http fetch GET 200 https://registry.npmjs.org/side-channel-map 87ms (cache miss)
1807 silly packumentCache full:https://registry.npmjs.org/side-channel-map set size:undefined disposed:false
1808 http fetch GET 200 https://registry.npmjs.org/side-channel-weakmap 87ms (cache miss)
1809 silly packumentCache full:https://registry.npmjs.org/side-channel-weakmap set size:undefined disposed:false
1810 silly placeDep ROOT call-bind-apply-helpers@1.0.2 OK for: call-bind@1.0.9 want: ^1.0.2
1811 silly placeDep ROOT es-define-property@1.0.1 OK for: call-bind@1.0.9 want: ^1.0.1
1812 silly placeDep ROOT set-function-length@1.2.2 OK for: call-bind@1.0.9 want: ^1.2.2
1813 silly placeDep ROOT define-data-property@1.1.4 OK for: define-properties@1.2.1 want: ^1.0.1
1814 silly placeDep ROOT has-property-descriptors@1.0.2 OK for: define-properties@1.2.1 want: ^1.0.0
1815 silly placeDep ROOT object-keys@1.1.1 OK for: define-properties@1.2.1 want: ^1.1.1
1816 silly placeDep ROOT array-buffer-byte-length@1.0.2 OK for: es-abstract@1.24.2 want: ^1.0.2
1817 silly placeDep ROOT arraybuffer.prototype.slice@1.0.4 OK for: es-abstract@1.24.2 want: ^1.0.4
1818 silly placeDep ROOT available-typed-arrays@1.0.7 OK for: es-abstract@1.24.2 want: ^1.0.7
1819 silly placeDep ROOT data-view-buffer@1.0.2 OK for: es-abstract@1.24.2 want: ^1.0.2
1820 silly placeDep ROOT data-view-byte-length@1.0.2 OK for: es-abstract@1.24.2 want: ^1.0.2
1821 silly placeDep ROOT data-view-byte-offset@1.0.1 OK for: es-abstract@1.24.2 want: ^1.0.1
1822 silly placeDep ROOT es-set-tostringtag@2.1.0 OK for: es-abstract@1.24.2 want: ^2.1.0
1823 silly placeDep ROOT es-to-primitive@1.3.4 OK for: es-abstract@1.24.2 want: ^1.3.0
1824 silly placeDep ROOT function.prototype.name@1.2.0 OK for: es-abstract@1.24.2 want: ^1.1.8
1825 silly placeDep ROOT get-proto@1.0.1 OK for: es-abstract@1.24.2 want: ^1.0.1
1826 silly placeDep ROOT get-symbol-description@1.1.0 OK for: es-abstract@1.24.2 want: ^1.1.0
1827 silly placeDep ROOT globalthis@1.0.4 OK for: es-abstract@1.24.2 want: ^1.0.4
1828 silly placeDep ROOT has-proto@1.2.0 OK for: es-abstract@1.24.2 want: ^1.2.0
1829 silly placeDep ROOT is-array-buffer@3.0.5 OK for: es-abstract@1.24.2 want: ^3.0.5
1830 silly placeDep ROOT is-callable@1.2.7 OK for: es-abstract@1.24.2 want: ^1.2.7
1831 silly placeDep ROOT is-data-view@1.0.2 OK for: es-abstract@1.24.2 want: ^1.0.2
1832 silly placeDep ROOT is-negative-zero@2.0.3 OK for: es-abstract@1.24.2 want: ^2.0.3
1833 silly placeDep ROOT is-regex@1.2.1 OK for: es-abstract@1.24.2 want: ^1.2.1
1834 silly placeDep ROOT is-set@2.0.3 OK for: es-abstract@1.24.2 want: ^2.0.3
1835 silly placeDep ROOT is-shared-array-buffer@1.0.4 OK for: es-abstract@1.24.2 want: ^1.0.4
1836 silly placeDep ROOT is-string@1.1.1 OK for: es-abstract@1.24.2 want: ^1.1.1
1837 silly placeDep ROOT is-typed-array@1.1.15 OK for: es-abstract@1.24.2 want: ^1.1.15
1838 silly placeDep ROOT is-weakref@1.1.1 OK for: es-abstract@1.24.2 want: ^1.1.1
1839 silly placeDep ROOT math-intrinsics@1.1.0 OK for: es-abstract@1.24.2 want: ^1.1.0
1840 silly placeDep ROOT object-inspect@1.13.4 OK for: es-abstract@1.24.2 want: ^1.13.4
1841 silly placeDep ROOT object.assign@4.1.7 OK for: es-abstract@1.24.2 want: ^4.1.7
1842 silly placeDep ROOT own-keys@1.0.2 OK for: es-abstract@1.24.2 want: ^1.0.1
1843 silly placeDep ROOT safe-array-concat@1.1.4 OK for: es-abstract@1.24.2 want: ^1.1.3
1844 silly placeDep ROOT safe-push-apply@1.0.0 OK for: es-abstract@1.24.2 want: ^1.0.0
1845 silly placeDep ROOT safe-regex-test@1.1.0 OK for: es-abstract@1.24.2 want: ^1.1.0
1846 silly placeDep ROOT set-proto@1.0.0 OK for: es-abstract@1.24.2 want: ^1.0.0
1847 silly placeDep ROOT stop-iteration-iterator@1.1.0 OK for: es-abstract@1.24.2 want: ^1.1.0
1848 silly placeDep ROOT string.prototype.trim@1.2.11 OK for: es-abstract@1.24.2 want: ^1.2.10
1849 silly placeDep ROOT string.prototype.trimend@1.0.10 OK for: es-abstract@1.24.2 want: ^1.0.9
1850 silly placeDep ROOT string.prototype.trimstart@1.0.8 OK for: es-abstract@1.24.2 want: ^1.0.8
1851 silly placeDep ROOT typed-array-buffer@1.0.3 OK for: es-abstract@1.24.2 want: ^1.0.3
1852 silly placeDep ROOT typed-array-byte-length@1.0.3 OK for: es-abstract@1.24.2 want: ^1.0.3
1853 silly placeDep ROOT typed-array-byte-offset@1.0.5 OK for: es-abstract@1.24.2 want: ^1.0.4
1854 silly placeDep ROOT typed-array-length@1.0.8 OK for: es-abstract@1.24.2 want: ^1.0.7
1855 silly placeDep ROOT unbox-primitive@1.1.0 OK for: es-abstract@1.24.2 want: ^1.1.0
1856 silly placeDep ROOT which-typed-array@1.1.24 OK for: es-abstract@1.24.2 want: ^1.1.19
1857 silly fetch manifest is-array-buffer@^3.0.4
1858 silly packumentCache full:https://registry.npmjs.org/is-array-buffer cache-miss
1859 silly fetch manifest possible-typed-array-names@^1.0.0
1860 silly packumentCache full:https://registry.npmjs.org/possible-typed-array-names cache-miss
1861 silly fetch manifest is-data-view@^1.0.1
1862 silly packumentCache full:https://registry.npmjs.org/is-data-view cache-miss
1863 silly fetch manifest has-tostringtag@^1.0.2
1864 silly packumentCache full:https://registry.npmjs.org/has-tostringtag cache-miss
1865 silly fetch manifest is-symbol@^1.1.1
1866 silly packumentCache full:https://registry.npmjs.org/is-symbol cache-miss
1867 silly fetch manifest is-date-object@^1.1.0
1868 silly packumentCache full:https://registry.npmjs.org/is-date-object cache-miss
1869 silly fetch manifest es-abstract-get@^1.0.0
1870 silly packumentCache full:https://registry.npmjs.org/es-abstract-get cache-miss
1871 silly fetch manifest is-document.all@^1.0.0
1872 silly packumentCache full:https://registry.npmjs.org/is-document.all cache-miss
1873 silly fetch manifest dunder-proto@^1.0.1
1874 silly packumentCache full:https://registry.npmjs.org/dunder-proto cache-miss
1875 silly fetch manifest dunder-proto@^1.0.0
1876 silly packumentCache full:https://registry.npmjs.org/dunder-proto cache-miss
1877 silly fetch manifest is-typed-array@^1.1.13
1878 silly packumentCache full:https://registry.npmjs.org/is-typed-array cache-miss
1879 silly fetch manifest has-tostringtag@^1.0.2
1880 silly packumentCache full:https://registry.npmjs.org/has-tostringtag cache-miss
1881 silly fetch manifest has-tostringtag@^1.0.2
1882 silly packumentCache full:https://registry.npmjs.org/has-tostringtag cache-miss
1883 silly fetch manifest which-typed-array@^1.1.16
1884 silly packumentCache full:https://registry.npmjs.org/which-typed-array cache-miss
1885 silly fetch manifest isarray@^2.0.5
1886 silly packumentCache full:https://registry.npmjs.org/isarray cache-miss
1887 http cache https://registry.npmjs.org/is-array-buffer 59ms (cache hit)
1888 silly packumentCache full:https://registry.npmjs.org/is-array-buffer set size:33562 disposed:false
1889 silly fetch manifest isarray@^2.0.5
1890 silly packumentCache full:https://registry.npmjs.org/isarray cache-miss
1891 http cache https://registry.npmjs.org/is-typed-array 55ms (cache hit)
1892 silly packumentCache full:https://registry.npmjs.org/is-typed-array set size:79965 disposed:false
1893 silly fetch manifest dunder-proto@^1.0.1
1894 silly packumentCache full:https://registry.npmjs.org/dunder-proto cache-miss
1895 http cache https://registry.npmjs.org/is-data-view 72ms (cache hit)
1896 silly packumentCache full:https://registry.npmjs.org/is-data-view set size:13756 disposed:false
1897 silly fetch manifest for-each@^0.3.3
1898 silly packumentCache full:https://registry.npmjs.org/for-each cache-miss
1899 http cache https://registry.npmjs.org/which-typed-array 61ms (cache hit)
1900 silly packumentCache full:https://registry.npmjs.org/which-typed-array set size:109574 disposed:false
1901 silly fetch manifest for-each@^0.3.5
1902 silly packumentCache full:https://registry.npmjs.org/for-each cache-miss
1903 http fetch GET 200 https://registry.npmjs.org/has-tostringtag 180ms (cache miss)
1904 silly packumentCache full:https://registry.npmjs.org/has-tostringtag set size:undefined disposed:false
1905 silly fetch manifest reflect.getprototypeof@^1.0.10
1906 silly packumentCache full:https://registry.npmjs.org/reflect.getprototypeof cache-miss
1907 http fetch GET 200 https://registry.npmjs.org/possible-typed-array-names 201ms (cache miss)
1908 silly packumentCache full:https://registry.npmjs.org/possible-typed-array-names set size:undefined disposed:false
1909 silly fetch manifest for-each@^0.3.5
1910 silly packumentCache full:https://registry.npmjs.org/for-each cache-miss
1911 http fetch GET 200 https://registry.npmjs.org/dunder-proto 197ms (cache miss)
1912 silly packumentCache full:https://registry.npmjs.org/dunder-proto set size:undefined disposed:false
1913 silly fetch manifest possible-typed-array-names@^1.1.0
1914 silly packumentCache full:https://registry.npmjs.org/possible-typed-array-names cache-miss
1915 http fetch GET 200 https://registry.npmjs.org/es-abstract-get 209ms (cache miss)
1916 silly packumentCache full:https://registry.npmjs.org/es-abstract-get set size:undefined disposed:false
1917 silly fetch manifest reflect.getprototypeof@^1.0.10
1918 silly packumentCache full:https://registry.npmjs.org/reflect.getprototypeof cache-miss
1919 http fetch GET 200 https://registry.npmjs.org/isarray 202ms (cache miss)
1920 silly packumentCache full:https://registry.npmjs.org/isarray set size:undefined disposed:false
1921 silly fetch manifest has-bigints@^1.0.2
1922 silly packumentCache full:https://registry.npmjs.org/has-bigints cache-miss
1923 http fetch GET 200 https://registry.npmjs.org/is-document.all 220ms (cache miss)
1924 silly packumentCache full:https://registry.npmjs.org/is-document.all set size:undefined disposed:false
1925 silly fetch manifest which-boxed-primitive@^1.1.1
1926 silly packumentCache full:https://registry.npmjs.org/which-boxed-primitive cache-miss
1927 http fetch GET 200 https://registry.npmjs.org/is-symbol 233ms (cache miss)
1928 silly packumentCache full:https://registry.npmjs.org/is-symbol set size:undefined disposed:false
1929 silly fetch manifest for-each@^0.3.5
1930 silly packumentCache full:https://registry.npmjs.org/for-each cache-miss
1931 http fetch GET 200 https://registry.npmjs.org/has-tostringtag 239ms (cache miss)
1932 silly packumentCache full:https://registry.npmjs.org/has-tostringtag set size:undefined disposed:false
1933 http fetch GET 200 https://registry.npmjs.org/for-each 167ms (cache miss)
1934 silly packumentCache full:https://registry.npmjs.org/for-each set size:undefined disposed:false
1935 http fetch GET 200 https://registry.npmjs.org/has-tostringtag 230ms (cache miss)
1936 silly packumentCache full:https://registry.npmjs.org/has-tostringtag set size:undefined disposed:false
1937 http fetch GET 200 https://registry.npmjs.org/is-date-object 241ms (cache miss)
1938 silly packumentCache full:https://registry.npmjs.org/is-date-object set size:undefined disposed:false
1939 http fetch GET 200 https://registry.npmjs.org/dunder-proto 235ms (cache miss)
1940 silly packumentCache full:https://registry.npmjs.org/dunder-proto set size:undefined disposed:false
1941 http fetch GET 200 https://registry.npmjs.org/dunder-proto 178ms (cache miss)
1942 silly packumentCache full:https://registry.npmjs.org/dunder-proto set size:undefined disposed:false
1943 http fetch GET 200 https://registry.npmjs.org/for-each 171ms (cache miss)
1944 silly packumentCache full:https://registry.npmjs.org/for-each set size:undefined disposed:false
1945 http fetch GET 200 https://registry.npmjs.org/isarray 193ms (cache miss)
1946 silly packumentCache full:https://registry.npmjs.org/isarray set size:undefined disposed:false
1947 http cache https://registry.npmjs.org/possible-typed-array-names 56ms (cache hit)
1948 silly packumentCache full:https://registry.npmjs.org/possible-typed-array-names set size:9167 disposed:false
1949 http cache https://registry.npmjs.org/for-each 28ms (cache hit)
1950 silly packumentCache full:https://registry.npmjs.org/for-each set size:14327 disposed:false
1951 http fetch GET 200 https://registry.npmjs.org/reflect.getprototypeof 94ms (cache miss)
1952 silly packumentCache full:https://registry.npmjs.org/reflect.getprototypeof set size:undefined disposed:false
1953 http fetch GET 200 https://registry.npmjs.org/which-boxed-primitive 84ms (cache miss)
1954 silly packumentCache full:https://registry.npmjs.org/which-boxed-primitive set size:undefined disposed:false
1955 http fetch GET 200 https://registry.npmjs.org/has-bigints 91ms (cache miss)
1956 silly packumentCache full:https://registry.npmjs.org/has-bigints set size:undefined disposed:false
1957 http fetch GET 200 https://registry.npmjs.org/for-each 116ms (cache miss)
1958 silly packumentCache full:https://registry.npmjs.org/for-each set size:undefined disposed:false
1959 silly packumentCache full:https://registry.npmjs.org/for-each dispose
1960 http fetch GET 200 https://registry.npmjs.org/reflect.getprototypeof 115ms (cache miss)
1961 silly packumentCache full:https://registry.npmjs.org/reflect.getprototypeof set size:undefined disposed:false
1962 silly placeDep ROOT possible-typed-array-names@1.1.0 OK for: available-typed-arrays@1.0.7 want: ^1.0.0
1963 silly placeDep ROOT has-tostringtag@1.0.2 OK for: es-set-tostringtag@2.1.0 want: ^1.0.2
1964 silly placeDep ROOT es-abstract-get@1.0.0 OK for: es-to-primitive@1.3.4 want: ^1.0.0
1965 silly placeDep ROOT is-date-object@1.1.0 OK for: es-to-primitive@1.3.4 want: ^1.1.0
1966 silly placeDep ROOT is-symbol@1.1.1 OK for: es-to-primitive@1.3.4 want: ^1.1.1
1967 silly placeDep ROOT functions-have-names@1.2.3 OK for: function.prototype.name@1.2.0 want: ^1.2.3
1968 silly placeDep ROOT is-document.all@1.0.0 OK for: function.prototype.name@1.2.0 want: ^1.0.0
1969 silly placeDep ROOT dunder-proto@1.0.1 OK for: get-proto@1.0.1 want: ^1.0.1
1970 silly placeDep ROOT isarray@2.0.5 OK for: safe-array-concat@1.1.4 want: ^2.0.5
1971 silly placeDep ROOT side-channel-list@1.0.1 OK for: side-channel@1.1.1 want: ^1.0.1
1972 silly placeDep ROOT side-channel-map@1.0.1 OK for: side-channel@1.1.1 want: ^1.0.1
1973 silly placeDep ROOT side-channel-weakmap@1.0.2 OK for: side-channel@1.1.1 want: ^1.0.2
1974 silly placeDep ROOT get-own-enumerable-property-symbols@3.0.2 OK for: stringify-object@3.3.0 want: ^3.0.0
1975 silly placeDep ROOT is-obj@1.0.1 OK for: stringify-object@3.3.0 want: ^1.0.1
1976 silly placeDep ROOT is-regexp@1.0.0 OK for: stringify-object@3.3.0 want: ^1.0.0
1977 silly placeDep ROOT is-stream@2.0.1 OK for: tempy@0.6.0 want: ^2.0.0
1978 silly placeDep ROOT temp-dir@2.0.0 OK for: tempy@0.6.0 want: ^2.0.0
1979 silly placeDep ROOT type-fest@0.16.0 OK for: tempy@0.6.0 want: ^0.16.0
1980 silly placeDep ROOT unique-string@2.0.0 OK for: tempy@0.6.0 want: ^2.0.0
1981 silly fetch manifest crypto-random-string@^2.0.0
1982 silly packumentCache full:https://registry.npmjs.org/crypto-random-string cache-miss
1983 http fetch GET 200 https://registry.npmjs.org/crypto-random-string 109ms (cache miss)
1984 silly packumentCache full:https://registry.npmjs.org/crypto-random-string set size:undefined disposed:false
1985 silly placeDep ROOT @jridgewell/source-map@0.3.11 OK for: terser@5.51.2 want: ^0.3.3
1986 silly placeDep ROOT acorn@8.18.0 OK for: terser@5.51.2 want: ^8.15.0
1987 silly placeDep ROOT commander@2.20.3 OK for: terser@5.51.2 want: ^2.20.0
1988 silly placeDep ROOT source-map-support@0.5.21 OK for: terser@5.51.2 want: ~0.5.20
1989 silly fetch manifest buffer-from@^1.0.0
1990 silly packumentCache full:https://registry.npmjs.org/buffer-from cache-miss
1991 silly fetch manifest source-map@^0.6.0
1992 silly packumentCache full:https://registry.npmjs.org/source-map cache-miss
1993 http cache https://registry.npmjs.org/source-map 12ms (cache hit)
1994 silly packumentCache full:https://registry.npmjs.org/source-map set size:231637 disposed:false
1995 http fetch GET 200 https://registry.npmjs.org/buffer-from 114ms (cache miss)
1996 silly packumentCache full:https://registry.npmjs.org/buffer-from set size:undefined disposed:false
1997 silly placeDep ROOT buffer-from@1.1.2 OK for: source-map-support@0.5.21 want: ^1.0.0
1998 silly placeDep node_modules/source-map-support source-map@0.6.1 OK for: source-map-support@0.5.21 want: ^0.6.0
1999 silly placeDep ROOT for-each@0.3.5 OK for: typed-array-byte-length@1.0.3 want: ^0.3.3
2000 silly placeDep ROOT reflect.getprototypeof@1.0.10 OK for: typed-array-byte-offset@1.0.5 want: ^1.0.10
2001 silly fetch manifest which-builtin-type@^1.2.1
2002 silly packumentCache full:https://registry.npmjs.org/which-builtin-type cache-miss
2003 http fetch GET 200 https://registry.npmjs.org/which-builtin-type 89ms (cache miss)
2004 silly packumentCache full:https://registry.npmjs.org/which-builtin-type set size:undefined disposed:false
2005 silly placeDep ROOT which-builtin-type@1.2.1 OK for: reflect.getprototypeof@1.0.10 want: ^1.2.1
2006 silly fetch manifest is-async-function@^2.0.0
2007 silly packumentCache full:https://registry.npmjs.org/is-async-function cache-miss
2008 silly fetch manifest is-finalizationregistry@^1.1.0
2009 silly packumentCache full:https://registry.npmjs.org/is-finalizationregistry cache-miss
2010 silly fetch manifest is-generator-function@^1.0.10
2011 silly packumentCache full:https://registry.npmjs.org/is-generator-function cache-miss
2012 silly fetch manifest which-boxed-primitive@^1.1.0
2013 silly packumentCache full:https://registry.npmjs.org/which-boxed-primitive cache-miss
2014 silly fetch manifest which-collection@^1.0.2
2015 silly packumentCache full:https://registry.npmjs.org/which-collection cache-miss
2016 http cache https://registry.npmjs.org/which-boxed-primitive 12ms (cache hit)
2017 silly packumentCache full:https://registry.npmjs.org/which-boxed-primitive set size:19407 disposed:false
2018 http fetch GET 200 https://registry.npmjs.org/which-collection 96ms (cache miss)
2019 silly packumentCache full:https://registry.npmjs.org/which-collection set size:undefined disposed:false
2020 http fetch GET 200 https://registry.npmjs.org/is-generator-function 101ms (cache miss)
2021 silly packumentCache full:https://registry.npmjs.org/is-generator-function set size:undefined disposed:false
2022 http fetch GET 200 https://registry.npmjs.org/is-async-function 106ms (cache miss)
2023 silly packumentCache full:https://registry.npmjs.org/is-async-function set size:undefined disposed:false
2024 http fetch GET 200 https://registry.npmjs.org/is-finalizationregistry 108ms (cache miss)
2025 silly packumentCache full:https://registry.npmjs.org/is-finalizationregistry set size:undefined disposed:false
2026 silly placeDep ROOT has-bigints@1.1.0 OK for: unbox-primitive@1.1.0 want: ^1.0.2
2027 silly placeDep ROOT which-boxed-primitive@1.1.1 OK for: unbox-primitive@1.1.0 want: ^1.1.1
2028 silly fetch manifest is-bigint@^1.1.0
2029 silly packumentCache full:https://registry.npmjs.org/is-bigint cache-miss
2030 silly fetch manifest is-boolean-object@^1.2.1
2031 silly packumentCache full:https://registry.npmjs.org/is-boolean-object cache-miss
2032 silly fetch manifest is-number-object@^1.1.1
2033 silly packumentCache full:https://registry.npmjs.org/is-number-object cache-miss
2034 http fetch GET 200 https://registry.npmjs.org/is-bigint 88ms (cache miss)
2035 silly packumentCache full:https://registry.npmjs.org/is-bigint set size:undefined disposed:false
2036 http fetch GET 200 https://registry.npmjs.org/is-number-object 87ms (cache miss)
2037 silly packumentCache full:https://registry.npmjs.org/is-number-object set size:undefined disposed:false
2038 http fetch GET 200 https://registry.npmjs.org/is-boolean-object 92ms (cache miss)
2039 silly packumentCache full:https://registry.npmjs.org/is-boolean-object set size:undefined disposed:false
2040 silly placeDep ROOT unicode-canonical-property-names-ecmascript@2.0.1 OK for: unicode-match-property-ecmascript@2.0.0 want: ^2.0.0
2041 silly placeDep ROOT unicode-property-aliases-ecmascript@2.2.0 OK for: unicode-match-property-ecmascript@2.0.0 want: ^2.0.0
2042 silly placeDep ROOT crypto-random-string@2.0.0 OK for: unique-string@2.0.0 want: ^2.0.0
2043 silly placeDep ROOT isexe@2.0.0 OK for: which@2.0.2 want: ^2.0.0
2044 silly placeDep ROOT is-bigint@1.1.0 OK for: which-boxed-primitive@1.1.1 want: ^1.1.0
2045 silly placeDep ROOT is-boolean-object@1.2.2 OK for: which-boxed-primitive@1.1.1 want: ^1.2.1
2046 silly placeDep ROOT is-number-object@1.1.1 OK for: which-boxed-primitive@1.1.1 want: ^1.1.1
2047 silly placeDep ROOT is-async-function@2.1.1 OK for: which-builtin-type@1.2.1 want: ^2.0.0
2048 silly placeDep ROOT is-finalizationregistry@1.1.1 OK for: which-builtin-type@1.2.1 want: ^1.1.0
2049 silly placeDep ROOT is-generator-function@1.1.2 OK for: which-builtin-type@1.2.1 want: ^1.0.10
2050 silly placeDep ROOT which-collection@1.0.2 OK for: which-builtin-type@1.2.1 want: ^1.0.2
2051 silly fetch manifest async-function@^1.0.0
2052 silly packumentCache full:https://registry.npmjs.org/async-function cache-miss
2053 silly fetch manifest generator-function@^2.0.0
2054 silly packumentCache full:https://registry.npmjs.org/generator-function cache-miss
2055 silly fetch manifest is-map@^2.0.3
2056 silly packumentCache full:https://registry.npmjs.org/is-map cache-miss
2057 silly fetch manifest is-weakmap@^2.0.2
2058 silly packumentCache full:https://registry.npmjs.org/is-weakmap cache-miss
2059 silly fetch manifest is-weakset@^2.0.3
2060 silly packumentCache full:https://registry.npmjs.org/is-weakset cache-miss
2061 http fetch GET 200 https://registry.npmjs.org/async-function 112ms (cache miss)
2062 silly packumentCache full:https://registry.npmjs.org/async-function set size:undefined disposed:false
2063 http fetch GET 200 https://registry.npmjs.org/is-weakmap 112ms (cache miss)
2064 silly packumentCache full:https://registry.npmjs.org/is-weakmap set size:undefined disposed:false
2065 http fetch GET 200 https://registry.npmjs.org/is-map 115ms (cache miss)
2066 silly packumentCache full:https://registry.npmjs.org/is-map set size:undefined disposed:false
2067 http fetch GET 200 https://registry.npmjs.org/generator-function 117ms (cache miss)
2068 silly packumentCache full:https://registry.npmjs.org/generator-function set size:undefined disposed:false
2069 http fetch GET 200 https://registry.npmjs.org/is-weakset 115ms (cache miss)
2070 silly packumentCache full:https://registry.npmjs.org/is-weakset set size:undefined disposed:false
2071 silly placeDep ROOT async-function@1.0.0 OK for: is-async-function@2.1.1 want: ^1.0.0
2072 silly placeDep ROOT generator-function@2.0.1 OK for: is-generator-function@1.1.2 want: ^2.0.0
2073 silly placeDep ROOT is-map@2.0.3 OK for: which-collection@1.0.2 want: ^2.0.3
2074 silly placeDep ROOT is-weakmap@2.0.2 OK for: which-collection@1.0.2 want: ^2.0.2
2075 silly placeDep ROOT is-weakset@2.0.4 OK for: which-collection@1.0.2 want: ^2.0.3
2076 silly placeDep ROOT idb@7.1.1 OK for: workbox-background-sync@7.4.1 want: ^7.0.1
2077 silly placeDep ROOT @types/trusted-types@2.0.7 OK for: workbox-window@7.4.1 want: ^2.0.2
2078 silly placeDep node_modules/filelist brace-expansion@2.1.7 OK for: minimatch@5.1.9 want: ^2.0.1
2079 silly fetch manifest balanced-match@^1.0.0
2080 silly packumentCache full:https://registry.npmjs.org/balanced-match cache-hit
2081 silly placeDep node_modules/filelist balanced-match@1.0.2 OK for: brace-expansion@2.1.7 want: ^1.0.0
2082 silly reify moves {}
2083 silly audit bulk request {
2083 silly audit   '@capacitor/core': [ '8.5.2' ],
2083 silly audit   '@capacitor/haptics': [ '8.0.2' ],
2083 silly audit   '@capacitor/status-bar': [ '8.0.3' ],
2083 silly audit   '@oxc-project/types': [ '0.150.0' ],
2083 silly audit   '@oxlint/binding-android-arm-eabi': [ '1.83.0' ],
2083 silly audit   '@oxlint/binding-android-arm64': [ '1.83.0' ],
2083 silly audit   '@oxlint/binding-darwin-arm64': [ '1.83.0' ],
2083 silly audit   '@oxlint/binding-darwin-x64': [ '1.83.0' ],
2083 silly audit   '@oxlint/binding-freebsd-x64': [ '1.83.0' ],
2083 silly audit   '@oxlint/binding-linux-arm-gnueabihf': [ '1.83.0' ],
2083 silly audit   '@oxlint/binding-linux-arm-musleabihf': [ '1.83.0' ],
2083 silly audit   '@oxlint/binding-linux-arm64-gnu': [ '1.83.0' ],
2083 silly audit   '@oxlint/binding-linux-arm64-musl': [ '1.83.0' ],
2083 silly audit   '@oxlint/binding-linux-ppc64-gnu': [ '1.83.0' ],
2083 silly audit   '@oxlint/binding-linux-riscv64-gnu': [ '1.83.0' ],
2083 silly audit   '@oxlint/binding-linux-riscv64-musl': [ '1.83.0' ],
2083 silly audit   '@oxlint/binding-linux-s390x-gnu': [ '1.83.0' ],
2083 silly audit   '@oxlint/binding-linux-x64-gnu': [ '1.83.0' ],
2083 silly audit   '@oxlint/binding-linux-x64-musl': [ '1.83.0' ],
2083 silly audit   '@oxlint/binding-openharmony-arm64': [ '1.83.0' ],
2083 silly audit   '@oxlint/binding-win32-arm64-msvc': [ '1.83.0' ],
2083 silly audit   '@oxlint/binding-win32-ia32-msvc': [ '1.83.0' ],
2083 silly audit   '@oxlint/binding-win32-x64-msvc': [ '1.83.0' ],
2083 silly audit   '@rolldown/binding-android-arm-eabi': [ '1.2.9' ],
2083 silly audit   '@rolldown/binding-android-arm64': [ '1.2.9' ],
2083 silly audit   '@rolldown/binding-darwin-arm64': [ '1.2.9' ],
2083 silly audit   '@rolldown/binding-darwin-x64': [ '1.2.9' ],
2083 silly audit   '@rolldown/binding-freebsd-x64': [ '1.2.9' ],
2083 silly audit   '@rolldown/binding-linux-arm-gnueabihf': [ '1.2.9' ],
2083 silly audit   '@rolldown/binding-linux-arm64-gnu': [ '1.2.9' ],
2083 silly audit   '@rolldown/binding-linux-arm64-musl': [ '1.2.9' ],
2083 silly audit   '@rolldown/binding-linux-ppc64-gnu': [ '1.2.9' ],
2083 silly audit   '@rolldown/binding-linux-s390x-gnu': [ '1.2.9' ],
2083 silly audit   '@rolldown/binding-linux-x64-gnu': [ '1.2.9' ],
2083 silly audit   '@rolldown/binding-linux-x64-musl': [ '1.2.9' ],
2083 silly audit   '@rolldown/binding-openharmony-arm64': [ '1.2.9' ],
2083 silly audit   '@rolldown/binding-win32-arm64-msvc': [ '1.2.9' ],
2083 silly audit   '@rolldown/binding-win32-x64-msvc': [ '1.2.9' ],
2083 silly audit   '@rolldown/pluginutils': [ '1.0.1' ],
2083 silly audit   '@types/react': [ '19.3.0' ],
2083 silly audit   '@types/react-dom': [ '19.3.0' ],
2083 silly audit   '@vitejs/plugin-react': [ '6.1.1' ],
2083 silly audit   autoprefixer: [ '10.6.1' ],
2083 silly audit   'baseline-browser-mapping': [ '2.11.25' ],
2083 silly audit   browserslist: [ '4.29.0' ],
2083 silly audit   'caniuse-lite': [ '1.0.30001810' ],
2083 silly audit   csstype: [ '3.2.3' ],
2083 silly audit   'detect-libc': [ '2.1.2' ],
2083 silly audit   'electron-to-chromium': [ '1.5.433' ],
2083 silly audit   escalade: [ '3.2.0' ],
2083 silly audit   fdir: [ '6.5.0' ],
2083 silly audit   'fraction.js': [ '5.3.4' ],
2083 silly audit   fsevents: [ '2.3.3' ],
2083 silly audit   lightningcss: [ '1.33.0' ],
2083 silly audit   'lightningcss-android-arm64': [ '1.33.0' ],
2083 silly audit   'lightningcss-darwin-arm64': [ '1.33.0' ],
2083 silly audit   'lightningcss-darwin-x64': [ '1.33.0' ],
2083 silly audit   'lightningcss-freebsd-x64': [ '1.33.0' ],
2083 silly audit   'lightningcss-linux-arm-gnueabihf': [ '1.33.0' ],
2083 silly audit   'lightningcss-linux-arm64-gnu': [ '1.33.0' ],
2083 silly audit   'lightningcss-linux-arm64-musl': [ '1.33.0' ],
2083 silly audit   'lightningcss-linux-x64-gnu': [ '1.33.0' ],
2083 silly audit   'lightningcss-linux-x64-musl': [ '1.33.0' ],
2083 silly audit   'lightningcss-win32-arm64-msvc': [ '1.33.0' ],
2083 silly audit   'lightningcss-win32-x64-msvc': [ '1.33.0' ],
2083 silly audit   nanoid: [ '3.3.19' ],
2083 silly audit   'node-releases': [ '2.0.56' ],
2083 silly audit   oxlint: [ '1.83.0' ],
2083 silly audit   picocolors: [ '1.1.1' ],
2083 silly audit   picomatch: [ '4.0.7' ],
2083 silly audit   postcss: [ '8.5.28' ],
2083 silly audit   'postcss-value-parser': [ '4.2.0' ],
2083 silly audit   react: [ '19.3.0' ],
2083 silly audit   'react-dom': [ '19.3.0' ],
2083 silly audit   rolldown: [ '1.2.9' ],
2083 silly audit   scheduler: [ '0.28.0' ],
2083 silly audit   'source-map-js': [ '1.2.1' ],
2083 silly audit   tailwindcss: [ '4.3.3' ],
2083 silly audit   tinyglobby: [ '0.2.17' ],
2083 silly audit   tslib: [ '2.8.1' ],
2083 silly audit   'update-browserslist-db': [ '1.3.3' ],
2083 silly audit   vite: [ '8.3.0' ],
2083 silly audit   'vite-plugin-pwa': [ '1.3.0' ],
2083 silly audit   debug: [ '4.4.3' ],
2083 silly audit   'pretty-bytes': [ '6.1.1', '5.6.0' ],
2083 silly audit   'workbox-build': [ '7.4.1' ],
2083 silly audit   'workbox-window': [ '7.4.1' ],
2083 silly audit   ms: [ '2.1.3' ],
2083 silly audit   '@apideck/better-ajv-errors': [ '0.3.7' ],
2083 silly audit   ajv: [ '8.20.0' ],
2083 silly audit   '@babel/core': [ '7.29.7' ],
2083 silly audit   '@babel/preset-env': [ '7.29.7' ],
2083 silly audit   '@babel/runtime': [ '7.29.7' ],
2083 silly audit   '@rollup/plugin-babel': [ '6.1.0' ],
2083 silly audit   '@rollup/plugin-node-resolve': [ '16.0.3' ],
2083 silly audit   '@rollup/plugin-replace': [ '6.0.3' ],
2083 silly audit   '@rollup/plugin-terser': [ '1.0.0' ],
2083 silly audit   '@trickfilm400/rollup-plugin-off-main-thread': [ '3.0.0-pre1' ],
2083 silly audit   'common-tags': [ '1.8.2' ],
2083 silly audit   eta: [ '4.6.0' ],
2083 silly audit   'fast-json-stable-stringify': [ '2.1.0' ],
2083 silly audit   'fs-extra': [ '9.1.0' ],
2083 silly audit   glob: [ '11.1.0' ],
2083 silly audit   rollup: [ '4.63.4' ],
2083 silly audit   'source-map': [ '0.8.0', '0.6.1' ],
2083 silly audit   'stringify-object': [ '3.3.0' ],
2083 silly audit   'strip-comments': [ '2.0.1' ],
2083 silly audit   tempy: [ '0.6.0' ],
2083 silly audit   upath: [ '1.2.0' ],
2083 silly audit   'workbox-background-sync': [ '7.4.1' ],
2083 silly audit   'workbox-broadcast-update': [ '7.4.1' ],
2083 silly audit   'workbox-cacheable-response': [ '7.4.1' ],
2083 silly audit   'workbox-core': [ '7.4.1' ],
2083 silly audit   'workbox-expiration': [ '7.4.1' ],
2083 silly audit   'workbox-google-analytics': [ '7.4.1' ],
2083 silly audit   'workbox-navigation-preload': [ '7.4.1' ],
2083 silly audit   'workbox-precaching': [ '7.4.1' ],
2083 silly audit   'workbox-range-requests': [ '7.4.1' ],
2083 silly audit   'workbox-recipes': [ '7.4.1' ],
2083 silly audit   'workbox-routing': [ '7.4.1' ],
2083 silly audit   'workbox-strategies': [ '7.4.1' ],
2083 silly audit   'workbox-streams': [ '7.4.1' ],
2083 silly audit   'workbox-sw': [ '7.4.1' ],
2083 silly audit   jsonpointer: [ '5.0.1' ],
2083 silly audit   leven: [ '3.1.0' ],
2083 silly audit   '@babel/code-frame': [ '7.29.7' ],
2083 silly audit   '@babel/generator': [ '7.29.8' ],
2083 silly audit   '@babel/helper-compilation-targets': [ '7.29.7' ],
2083 silly audit   '@babel/helper-module-transforms': [ '7.29.7' ],
2083 silly audit   '@babel/helpers': [ '7.29.7' ],
2083 silly audit   '@babel/parser': [ '7.29.9' ],
2083 silly audit   '@babel/template': [ '7.29.7' ],
2083 silly audit   '@babel/traverse': [ '7.29.8' ],
2083 silly audit   '@babel/types': [ '7.29.8' ],
2083 silly audit   '@jridgewell/remapping': [ '2.3.5' ],
2083 silly audit   'convert-source-map': [ '2.0.0' ],
2083 silly audit   gensync: [ '1.0.0-beta.2' ],
2083 silly audit   json5: [ '2.2.3' ],
2083 silly audit   semver: [ '6.3.1' ],
2083 silly audit   '@babel/helper-validator-identifier': [ '7.29.7' ],
2083 silly audit   'js-tokens': [ '4.0.0' ],
2083 silly audit   '@jridgewell/gen-mapping': [ '0.3.13' ],
2083 silly audit   '@jridgewell/trace-mapping': [ '0.3.31' ],
2083 silly audit   jsesc: [ '3.1.0' ],
2083 silly audit   '@babel/compat-data': [ '7.29.7' ],
2083 silly audit   '@babel/helper-validator-option': [ '7.29.7' ],
2083 silly audit   'lru-cache': [ '5.1.1', '11.5.3' ],
2083 silly audit   '@babel/helper-module-imports': [ '7.29.7' ],
2083 silly audit   '@babel/helper-plugin-utils': [ '7.29.7' ],
2083 silly audit   '@babel/plugin-bugfix-firefox-class-in-computed-class-key': [ '7.29.7' ],
2083 silly audit   '@babel/plugin-bugfix-safari-class-field-initializer-scope': [ '7.29.7' ],
2083 silly audit   '@babel/plugin-bugfix-safari-id-destructuring-collision-in-function-expression': [ '7.29.7' ],
2083 silly audit   '@babel/plugin-bugfix-safari-rest-destructuring-rhs-array': [ '7.29.7' ],
2083 silly audit   '@babel/plugin-bugfix-v8-spread-parameters-in-optional-chaining': [ '7.29.7' ],
2083 silly audit   '@babel/plugin-bugfix-v8-static-class-fields-redefine-readonly': [ '7.29.7' ],
2083 silly audit   '@babel/plugin-proposal-private-property-in-object': [ '7.21.0-placeholder-for-preset-env.2' ],
2083 silly audit   '@babel/plugin-syntax-import-assertions': [ '7.29.7' ],
2083 silly audit   '@babel/plugin-syntax-import-attributes': [ '7.29.7' ],
2083 silly audit   '@babel/plugin-syntax-unicode-sets-regex': [ '7.18.6' ],
2083 silly audit   '@babel/plugin-transform-arrow-functions': [ '7.29.7' ],
2083 silly audit   '@babel/plugin-transform-async-generator-functions': [ '7.29.7' ],
2083 silly audit   '@babel/plugin-transform-async-to-generator': [ '7.29.7' ],
2083 silly audit   '@babel/plugin-transform-block-scoped-functions': [ '7.29.7' ],
2083 silly audit   '@babel/plugin-transform-block-scoping': [ '7.29.7' ],
2083 silly audit   '@babel/plugin-transform-class-properties': [ '7.29.7' ],
2083 silly audit   '@babel/plugin-transform-class-static-block': [ '7.29.7' ],
2083 silly audit   '@babel/plugin-transform-classes': [ '7.29.7' ],
2083 silly audit   '@babel/plugin-transform-computed-properties': [ '7.29.7' ],
2083 silly audit   '@babel/plugin-transform-destructuring': [ '7.29.7' ],
2083 silly audit   '@babel/plugin-transform-dotall-regex': [ '7.29.7' ],
2083 silly audit   '@babel/plugin-transform-duplicate-keys': [ '7.29.7' ],
2083 silly audit   '@babel/plugin-transform-duplicate-named-capturing-groups-regex': [ '7.29.7' ],
2083 silly audit   '@babel/plugin-transform-dynamic-import': [ '7.29.7' ],
2083 silly audit   '@babel/plugin-transform-explicit-resource-management': [ '7.29.7' ],
2083 silly audit   '@babel/plugin-transform-exponentiation-operator': [ '7.29.7' ],
2083 silly audit   '@babel/plugin-transform-export-namespace-from': [ '7.29.7' ],
2083 silly audit   '@babel/plugin-transform-for-of': [ '7.29.7' ],
2083 silly audit   '@babel/plugin-transform-function-name': [ '7.29.7' ],
2083 silly audit   '@babel/plugin-transform-json-strings': [ '7.29.7' ],
2083 silly audit   '@babel/plugin-transform-literals': [ '7.29.7' ],
2083 silly audit   '@babel/plugin-transform-logical-assignment-operators': [ '7.29.7' ],
2083 silly audit   '@babel/plugin-transform-member-expression-literals': [ '7.29.7' ],
2083 silly audit   '@babel/plugin-transform-modules-amd': [ '7.29.7' ],
2083 silly audit   '@babel/plugin-transform-modules-commonjs': [ '7.29.7' ],
2083 silly audit   '@babel/plugin-transform-modules-systemjs': [ '7.29.8' ],
2083 silly audit   '@babel/plugin-transform-modules-umd': [ '7.29.7' ],
2083 silly audit   '@babel/plugin-transform-named-capturing-groups-regex': [ '7.29.7' ],
2083 silly audit   '@babel/plugin-transform-new-target': [ '7.29.7' ],
2083 silly audit   '@babel/plugin-transform-nullish-coalescing-operator': [ '7.29.7' ],
2083 silly audit   '@babel/plugin-transform-numeric-separator': [ '7.29.7' ],
2083 silly audit   '@babel/plugin-transform-object-rest-spread': [ '7.29.7' ],
2083 silly audit   '@babel/plugin-transform-object-super': [ '7.29.7' ],
2083 silly audit   '@babel/plugin-transform-optional-catch-binding': [ '7.29.7' ],
2083 silly audit   '@babel/plugin-transform-optional-chaining': [ '7.29.7' ],
2083 silly audit   '@babel/plugin-transform-parameters': [ '7.29.7' ],
2083 silly audit   '@babel/plugin-transform-private-methods': [ '7.29.7' ],
2083 silly audit   '@babel/plugin-transform-private-property-in-object': [ '7.29.7' ],
2083 silly audit   '@babel/plugin-transform-property-literals': [ '7.29.7' ],
2083 silly audit   '@babel/plugin-transform-regenerator': [ '7.29.8' ],
2083 silly audit   '@babel/plugin-transform-regexp-modifiers': [ '7.29.7' ],
2083 silly audit   '@babel/plugin-transform-reserved-words': [ '7.29.7' ],
2083 silly audit   '@babel/plugin-transform-shorthand-properties': [ '7.29.7' ],
2083 silly audit   '@babel/plugin-transform-spread': [ '7.29.8' ],
2083 silly audit   '@babel/plugin-transform-sticky-regex': [ '7.29.7' ],
2083 silly audit   '@babel/plugin-transform-template-literals': [ '7.29.7' ],
2083 silly audit   '@babel/plugin-transform-typeof-symbol': [ '7.29.7' ],
2083 silly audit   '@babel/plugin-transform-unicode-escapes': [ '7.29.7' ],
2083 silly audit   '@babel/plugin-transform-unicode-property-regex': [ '7.29.7' ],
2083 silly audit   '@babel/plugin-transform-unicode-regex': [ '7.29.7' ],
2083 silly audit   '@babel/plugin-transform-unicode-sets-regex': [ '7.29.7' ],
2083 silly audit   '@babel/preset-modules': [ '0.1.6-no-external-plugins' ],
2083 silly audit   'babel-plugin-polyfill-corejs2': [ '0.4.17' ],
2083 silly audit   'babel-plugin-polyfill-corejs3': [ '0.14.2' ],
2083 silly audit   'babel-plugin-polyfill-regenerator': [ '0.6.8' ],
2083 silly audit   'core-js-compat': [ '3.50.0' ],
2083 silly audit   '@babel/helper-skip-transparent-expression-wrappers': [ '7.29.7' ],
2083 silly audit   '@babel/helper-create-regexp-features-plugin': [ '7.29.7' ],
2083 silly audit   '@babel/helper-annotate-as-pure': [ '7.29.7' ],
2083 silly audit   'regexpu-core': [ '6.4.0' ],
2083 silly audit   '@babel/helper-remap-async-to-generator': [ '7.29.7' ],
2083 silly audit   '@babel/helper-wrap-function': [ '7.29.7' ],
2083 silly audit   '@babel/helper-create-class-features-plugin': [ '7.29.7' ],
2083 silly audit   '@babel/helper-member-expression-to-functions': [ '7.29.7' ],
2083 silly audit   '@babel/helper-optimise-call-expression': [ '7.29.7' ],
2083 silly audit   '@babel/helper-replace-supers': [ '7.29.7' ],
2083 silly audit   '@babel/helper-globals': [ '7.29.7' ],
2083 silly audit   esutils: [ '2.0.3' ],
2083 silly audit   '@babel/helper-string-parser': [ '7.29.7' ],
2083 silly audit   '@jridgewell/sourcemap-codec': [ '1.6.0' ],
2083 silly audit   '@jridgewell/resolve-uri': [ '3.1.2' ],
2083 silly audit   '@rollup/pluginutils': [ '5.4.0' ],
2083 silly audit   '@types/resolve': [ '1.20.2' ],
2083 silly audit   deepmerge: [ '4.3.1' ],
2083 silly audit   'is-module': [ '1.0.0' ],
2083 silly audit   resolve: [ '1.22.12' ],
2083 silly audit   'magic-string': [ '0.30.21' ],
2083 silly audit   'serialize-javascript': [ '7.1.1' ],
2083 silly audit   smob: [ '1.6.2' ],
2083 silly audit   terser: [ '5.51.2' ],
2083 silly audit   '@types/estree': [ '1.0.9' ],
2083 silly audit   'estree-walker': [ '2.0.2' ],
2083 silly audit   ejs: [ '3.1.10' ],
2083 silly audit   'string.prototype.matchall': [ '4.1.0' ],
2083 silly audit   'fast-deep-equal': [ '3.1.3' ],
2083 silly audit   'fast-uri': [ '3.1.8' ],
2083 silly audit   'json-schema-traverse': [ '1.0.0' ],
2083 silly audit   'require-from-string': [ '2.0.2' ],
2083 silly audit   '@babel/helper-define-polyfill-provider': [ '0.6.8' ],
2083 silly audit   'lodash.debounce': [ '4.0.8' ],
2083 silly audit   jake: [ '10.9.4' ],
2083 silly audit   'at-least-node': [ '1.0.0' ],
2083 silly audit   'graceful-fs': [ '4.2.11' ],
2083 silly audit   jsonfile: [ '6.2.1' ],
2083 silly audit   universalify: [ '2.0.1' ],
2083 silly audit   'foreground-child': [ '3.3.1' ],
2083 silly audit   jackspeak: [ '4.2.3' ],
2083 silly audit   minimatch: [ '10.2.6', '5.1.9' ],
2083 silly audit   minipass: [ '7.1.3' ],
2083 silly audit   'package-json-from-dist': [ '1.0.1' ],
2083 silly audit   'path-scurry': [ '2.0.2' ],
2083 silly audit   'cross-spawn': [ '7.0.6' ],
2083 silly audit   'signal-exit': [ '4.1.0' ],
2083 silly audit   'path-key': [ '3.1.1' ],
2083 silly audit   'shebang-command': [ '2.0.0' ],
2083 silly audit   which: [ '2.0.2' ],
2083 silly audit   '@isaacs/cliui': [ '9.0.0' ],
2083 silly audit   async: [ '3.2.6' ],
2083 silly audit   filelist: [ '1.0.6' ],
2083 silly audit   yallist: [ '3.1.1' ],
2083 silly audit   'brace-expansion': [ '5.0.12', '2.1.7' ],
2083 silly audit   'balanced-match': [ '4.0.4', '1.0.2' ],
2083 silly audit   regenerate: [ '1.4.2' ],
2083 silly audit   'regenerate-unicode-properties': [ '10.2.2' ],
2083 silly audit   regjsgen: [ '0.8.0' ],
2083 silly audit   regjsparser: [ '0.13.3' ],
2083 silly audit   'unicode-match-property-ecmascript': [ '2.0.0' ],
2083 silly audit   'unicode-match-property-value-ecmascript': [ '2.2.1' ],
2083 silly audit   'es-errors': [ '1.3.0' ],
2083 silly audit   'is-core-module': [ '2.17.0' ],
2083 silly audit   'path-parse': [ '1.0.7' ],
2083 silly audit   'supports-preserve-symlinks-flag': [ '1.0.0' ],
2083 silly audit   hasown: [ '2.0.4' ],
2083 silly audit   'function-bind': [ '1.1.2' ],
2083 silly audit   '@napi-rs/lzma-linux-x64-gnu': [ '1.5.1' ],
2083 silly audit   '@rollup/rollup-android-arm-eabi': [ '4.63.4' ],
2083 silly audit   '@rollup/rollup-android-arm64': [ '4.63.4' ],
2083 silly audit   '@rollup/rollup-darwin-arm64': [ '4.63.4' ],
2083 silly audit   '@rollup/rollup-darwin-x64': [ '4.63.4' ],
2083 silly audit   '@rollup/rollup-freebsd-arm64': [ '4.63.4' ],
2083 silly audit   '@rollup/rollup-freebsd-x64': [ '4.63.4' ],
2083 silly audit   '@rollup/rollup-linux-arm-gnueabihf': [ '4.63.4' ],
2083 silly audit   '@rollup/rollup-linux-arm-musleabihf': [ '4.63.4' ],
2083 silly audit   '@rollup/rollup-linux-arm64-gnu': [ '4.63.4' ],
2083 silly audit   '@rollup/rollup-linux-arm64-musl': [ '4.63.4' ],
2083 silly audit   '@rollup/rollup-linux-loong64-gnu': [ '4.63.4' ],
2083 silly audit   '@rollup/rollup-linux-loong64-musl': [ '4.63.4' ],
2083 silly audit   '@rollup/rollup-linux-ppc64-gnu': [ '4.63.4' ],
2083 silly audit   '@rollup/rollup-linux-ppc64-musl': [ '4.63.4' ],
2083 silly audit   '@rollup/rollup-linux-riscv64-gnu': [ '4.63.4' ],
2083 silly audit   '@rollup/rollup-linux-riscv64-musl': [ '4.63.4' ],
2083 silly audit   '@rollup/rollup-linux-s390x-gnu': [ '4.63.4' ],
2083 silly audit   '@rollup/rollup-linux-x64-gnu': [ '4.63.4' ],
2083 silly audit   '@rollup/rollup-linux-x64-musl': [ '4.63.4' ],
2083 silly audit   '@rollup/rollup-openbsd-x64': [ '4.63.4' ],
2083 silly audit   '@rollup/rollup-openharmony-arm64': [ '4.63.4' ],
2083 silly audit   '@rollup/rollup-win32-arm64-msvc': [ '4.63.4' ],
2083 silly audit   '@rollup/rollup-win32-ia32-msvc': [ '4.63.4' ],
2083 silly audit   '@rollup/rollup-win32-x64-gnu': [ '4.63.4' ],
2083 silly audit   '@rollup/rollup-win32-x64-msvc': [ '4.63.4' ],
2083 silly audit   'shebang-regex': [ '3.0.0' ],
2083 silly audit   'call-bind': [ '1.0.9' ],
2083 silly audit   'call-bound': [ '1.0.4' ],
2083 silly audit   'define-properties': [ '1.2.1' ],
2083 silly audit   'es-abstract': [ '1.24.2' ],
2083 silly audit   'es-object-atoms': [ '1.1.2' ],
2083 silly audit   'get-intrinsic': [ '1.3.0' ],
2083 silly audit   gopd: [ '1.2.0' ],
2083 silly audit   'has-symbols': [ '1.1.0' ],
2083 silly audit   'internal-slot': [ '1.1.0' ],
2083 silly audit   'regexp.prototype.flags': [ '1.5.4' ],
2083 silly audit   'set-function-name': [ '2.0.2' ],
2083 silly audit   'side-channel': [ '1.1.1' ],
2083 silly audit   'call-bind-apply-helpers': [ '1.0.2' ],
2083 silly audit   'es-define-property': [ '1.0.1' ],
2083 silly audit   'set-function-length': [ '1.2.2' ],
2083 silly audit   'define-data-property': [ '1.1.4' ],
2083 silly audit   'has-property-descriptors': [ '1.0.2' ],
2083 silly audit   'object-keys': [ '1.1.1' ],
2083 silly audit   'array-buffer-byte-length': [ '1.0.2' ],
2083 silly audit   'arraybuffer.prototype.slice': [ '1.0.4' ],
2083 silly audit   'available-typed-arrays': [ '1.0.7' ],
2083 silly audit   'data-view-buffer': [ '1.0.2' ],
2083 silly audit   'data-view-byte-length': [ '1.0.2' ],
2083 silly audit   'data-view-byte-offset': [ '1.0.1' ],
2083 silly audit   'es-set-tostringtag': [ '2.1.0' ],
2083 silly audit   'es-to-primitive': [ '1.3.4' ],
2083 silly audit   'function.prototype.name': [ '1.2.0' ],
2083 silly audit   'get-proto': [ '1.0.1' ],
2083 silly audit   'get-symbol-description': [ '1.1.0' ],
2083 silly audit   globalthis: [ '1.0.4' ],
2083 silly audit   'has-proto': [ '1.2.0' ],
2083 silly audit   'is-array-buffer': [ '3.0.5' ],
2083 silly audit   'is-callable': [ '1.2.7' ],
2083 silly audit   'is-data-view': [ '1.0.2' ],
2083 silly audit   'is-negative-zero': [ '2.0.3' ],
2083 silly audit   'is-regex': [ '1.2.1' ],
2083 silly audit   'is-set': [ '2.0.3' ],
2083 silly audit   'is-shared-array-buffer': [ '1.0.4' ],
2083 silly audit   'is-string': [ '1.1.1' ],
2083 silly audit   'is-typed-array': [ '1.1.15' ],
2083 silly audit   'is-weakref': [ '1.1.1' ],
2083 silly audit   'math-intrinsics': [ '1.1.0' ],
2083 silly audit   'object-inspect': [ '1.13.4' ],
2083 silly audit   'object.assign': [ '4.1.7' ],
2083 silly audit   'own-keys': [ '1.0.2' ],
2083 silly audit   'safe-array-concat': [ '1.1.4' ],
2083 silly audit   'safe-push-apply': [ '1.0.0' ],
2083 silly audit   'safe-regex-test': [ '1.1.0' ],
2083 silly audit   'set-proto': [ '1.0.0' ],
2083 silly audit   'stop-iteration-iterator': [ '1.1.0' ],
2083 silly audit   'string.prototype.trim': [ '1.2.11' ],
2083 silly audit   'string.prototype.trimend': [ '1.0.10' ],
2083 silly audit   'string.prototype.trimstart': [ '1.0.8' ],
2083 silly audit   'typed-array-buffer': [ '1.0.3' ],
2083 silly audit   'typed-array-byte-length': [ '1.0.3' ],
2083 silly audit   'typed-array-byte-offset': [ '1.0.5' ],
2083 silly audit   'typed-array-length': [ '1.0.8' ],
2083 silly audit   'unbox-primitive': [ '1.1.0' ],
2083 silly audit   'which-typed-array': [ '1.1.24' ],
2083 silly audit   'possible-typed-array-names': [ '1.1.0' ],
2083 silly audit   'has-tostringtag': [ '1.0.2' ],
2083 silly audit   'es-abstract-get': [ '1.0.0' ],
2083 silly audit   'is-date-object': [ '1.1.0' ],
2083 silly audit   'is-symbol': [ '1.1.1' ],
2083 silly audit   'functions-have-names': [ '1.2.3' ],
2083 silly audit   'is-document.all': [ '1.0.0' ],
2083 silly audit   'dunder-proto': [ '1.0.1' ],
2083 silly audit   isarray: [ '2.0.5' ],
2083 silly audit   'side-channel-list': [ '1.0.1' ],
2083 silly audit   'side-channel-map': [ '1.0.1' ],
2083 silly audit   'side-channel-weakmap': [ '1.0.2' ],
2083 silly audit   'get-own-enumerable-property-symbols': [ '3.0.2' ],
2083 silly audit   'is-obj': [ '1.0.1' ],
2083 silly audit   'is-regexp': [ '1.0.0' ],
2083 silly audit   'is-stream': [ '2.0.1' ],
2083 silly audit   'temp-dir': [ '2.0.0' ],
2083 silly audit   'type-fest': [ '0.16.0' ],
2083 silly audit   'unique-string': [ '2.0.0' ],
2083 silly audit   '@jridgewell/source-map': [ '0.3.11' ],
2083 silly audit   acorn: [ '8.18.0' ],
2083 silly audit   commander: [ '2.20.3' ],
2083 silly audit   'source-map-support': [ '0.5.21' ],
2083 silly audit   'buffer-from': [ '1.1.2' ],
2083 silly audit   'for-each': [ '0.3.5' ],
2083 silly audit   'reflect.getprototypeof': [ '1.0.10' ],
2083 silly audit   'which-builtin-type': [ '1.2.1' ],
2083 silly audit   'has-bigints': [ '1.1.0' ],
2083 silly audit   'which-boxed-primitive': [ '1.1.1' ],
2083 silly audit   'unicode-canonical-property-names-ecmascript': [ '2.0.1' ],
2083 silly audit   'unicode-property-aliases-ecmascript': [ '2.2.0' ],
2083 silly audit   'crypto-random-string': [ '2.0.0' ],
2083 silly audit   isexe: [ '2.0.0' ],
2083 silly audit   'is-bigint': [ '1.1.0' ],
2083 silly audit   'is-boolean-object': [ '1.2.2' ],
2083 silly audit   'is-number-object': [ '1.1.1' ],
2083 silly audit   'is-async-function': [ '2.1.1' ],
2083 silly audit   'is-finalizationregistry': [ '1.1.1' ],
2083 silly audit   'is-generator-function': [ '1.1.2' ],
2083 silly audit   'which-collection': [ '1.0.2' ],
2083 silly audit   'async-function': [ '1.0.0' ],
2083 silly audit   'generator-function': [ '2.0.1' ],
2083 silly audit   'is-map': [ '2.0.3' ],
2083 silly audit   'is-weakmap': [ '2.0.2' ],
2083 silly audit   'is-weakset': [ '2.0.4' ],
2083 silly audit   idb: [ '7.1.1' ],
2083 silly audit   '@types/trusted-types': [ '2.0.7' ]
2083 silly audit }
2084 http cache @types/trusted-types@https://registry.npmjs.org/@types/trusted-types/-/trusted-types-2.0.7.tgz 0ms (cache hit)
2085 http cache idb@https://registry.npmjs.org/idb/-/idb-7.1.1.tgz 0ms (cache hit)
2086 http cache is-weakmap@https://registry.npmjs.org/is-weakmap/-/is-weakmap-2.0.2.tgz 0ms (cache hit)
2087 http cache is-weakset@https://registry.npmjs.org/is-weakset/-/is-weakset-2.0.4.tgz 0ms (cache hit)
2088 http cache is-map@https://registry.npmjs.org/is-map/-/is-map-2.0.3.tgz 0ms (cache hit)
2089 http cache generator-function@https://registry.npmjs.org/generator-function/-/generator-function-2.0.1.tgz 0ms (cache hit)
2090 http cache async-function@https://registry.npmjs.org/async-function/-/async-function-1.0.0.tgz 0ms (cache hit)
2091 http cache is-generator-function@https://registry.npmjs.org/is-generator-function/-/is-generator-function-1.1.2.tgz 0ms (cache hit)
2092 http cache which-collection@https://registry.npmjs.org/which-collection/-/which-collection-1.0.2.tgz 0ms (cache hit)
2093 http cache is-async-function@https://registry.npmjs.org/is-async-function/-/is-async-function-2.1.1.tgz 0ms (cache hit)
2094 http cache is-finalizationregistry@https://registry.npmjs.org/is-finalizationregistry/-/is-finalizationregistry-1.1.1.tgz 0ms (cache hit)
2095 http cache is-number-object@https://registry.npmjs.org/is-number-object/-/is-number-object-1.1.1.tgz 0ms (cache hit)
2096 http cache is-boolean-object@https://registry.npmjs.org/is-boolean-object/-/is-boolean-object-1.2.2.tgz 0ms (cache hit)
2097 http cache is-bigint@https://registry.npmjs.org/is-bigint/-/is-bigint-1.1.0.tgz 0ms (cache hit)
2098 http cache crypto-random-string@https://registry.npmjs.org/crypto-random-string/-/crypto-random-string-2.0.0.tgz 0ms (cache hit)
2099 http cache isexe@https://registry.npmjs.org/isexe/-/isexe-2.0.0.tgz 0ms (cache hit)
2100 http cache unicode-property-aliases-ecmascript@https://registry.npmjs.org/unicode-property-aliases-ecmascript/-/unicode-property-aliases-ecmascript-2.2.0.tgz 0ms (cache hit)
2101 http cache unicode-canonical-property-names-ecmascript@https://registry.npmjs.org/unicode-canonical-property-names-ecmascript/-/unicode-canonical-property-names-ecmascript-2.0.1.tgz 0ms (cache hit)
2102 http cache which-boxed-primitive@https://registry.npmjs.org/which-boxed-primitive/-/which-boxed-primitive-1.1.1.tgz 0ms (cache hit)
2103 http cache which-builtin-type@https://registry.npmjs.org/which-builtin-type/-/which-builtin-type-1.2.1.tgz 0ms (cache hit)
2104 http cache has-bigints@https://registry.npmjs.org/has-bigints/-/has-bigints-1.1.0.tgz 0ms (cache hit)
2105 http cache for-each@https://registry.npmjs.org/for-each/-/for-each-0.3.5.tgz 0ms (cache hit)
2106 http cache reflect.getprototypeof@https://registry.npmjs.org/reflect.getprototypeof/-/reflect.getprototypeof-1.0.10.tgz 0ms (cache hit)
2107 http cache buffer-from@https://registry.npmjs.org/buffer-from/-/buffer-from-1.1.2.tgz 0ms (cache hit)
2108 http cache @jridgewell/source-map@https://registry.npmjs.org/@jridgewell/source-map/-/source-map-0.3.11.tgz 0ms (cache hit)
2109 http cache commander@https://registry.npmjs.org/commander/-/commander-2.20.3.tgz 0ms (cache hit)
2110 http cache source-map-support@https://registry.npmjs.org/source-map-support/-/source-map-support-0.5.21.tgz 0ms (cache hit)
2111 http cache acorn@https://registry.npmjs.org/acorn/-/acorn-8.18.0.tgz 0ms (cache hit)
2112 http cache unique-string@https://registry.npmjs.org/unique-string/-/unique-string-2.0.0.tgz 0ms (cache hit)
2113 http cache temp-dir@https://registry.npmjs.org/temp-dir/-/temp-dir-2.0.0.tgz 0ms (cache hit)
2114 http cache type-fest@https://registry.npmjs.org/type-fest/-/type-fest-0.16.0.tgz 0ms (cache hit)
2115 http cache is-stream@https://registry.npmjs.org/is-stream/-/is-stream-2.0.1.tgz 0ms (cache hit)
2116 http cache is-regexp@https://registry.npmjs.org/is-regexp/-/is-regexp-1.0.0.tgz 0ms (cache hit)
2117 http cache is-obj@https://registry.npmjs.org/is-obj/-/is-obj-1.0.1.tgz 0ms (cache hit)
2118 http cache side-channel-weakmap@https://registry.npmjs.org/side-channel-weakmap/-/side-channel-weakmap-1.0.2.tgz 0ms (cache hit)
2119 http cache get-own-enumerable-property-symbols@https://registry.npmjs.org/get-own-enumerable-property-symbols/-/get-own-enumerable-property-symbols-3.0.2.tgz 0ms (cache hit)
2120 http cache side-channel-list@https://registry.npmjs.org/side-channel-list/-/side-channel-list-1.0.1.tgz 0ms (cache hit)
2121 http cache side-channel-map@https://registry.npmjs.org/side-channel-map/-/side-channel-map-1.0.1.tgz 0ms (cache hit)
2122 http cache dunder-proto@https://registry.npmjs.org/dunder-proto/-/dunder-proto-1.0.1.tgz 0ms (cache hit)
2123 http cache is-document.all@https://registry.npmjs.org/is-document.all/-/is-document.all-1.0.0.tgz 0ms (cache hit)
2124 http cache functions-have-names@https://registry.npmjs.org/functions-have-names/-/functions-have-names-1.2.3.tgz 0ms (cache hit)
2125 http cache is-symbol@https://registry.npmjs.org/is-symbol/-/is-symbol-1.1.1.tgz 0ms (cache hit)
2126 http cache is-date-object@https://registry.npmjs.org/is-date-object/-/is-date-object-1.1.0.tgz 0ms (cache hit)
2127 http cache es-abstract-get@https://registry.npmjs.org/es-abstract-get/-/es-abstract-get-1.0.0.tgz 0ms (cache hit)
2128 http cache has-tostringtag@https://registry.npmjs.org/has-tostringtag/-/has-tostringtag-1.0.2.tgz 0ms (cache hit)
2129 http cache isarray@https://registry.npmjs.org/isarray/-/isarray-2.0.5.tgz 0ms (cache hit)
2130 http cache possible-typed-array-names@https://registry.npmjs.org/possible-typed-array-names/-/possible-typed-array-names-1.1.0.tgz 0ms (cache hit)
2131 http cache which-typed-array@https://registry.npmjs.org/which-typed-array/-/which-typed-array-1.1.24.tgz 0ms (cache hit)
2132 http cache typed-array-byte-offset@https://registry.npmjs.org/typed-array-byte-offset/-/typed-array-byte-offset-1.0.5.tgz 0ms (cache hit)
2133 http cache unbox-primitive@https://registry.npmjs.org/unbox-primitive/-/unbox-primitive-1.1.0.tgz 0ms (cache hit)
2134 http cache typed-array-length@https://registry.npmjs.org/typed-array-length/-/typed-array-length-1.0.8.tgz 0ms (cache hit)
2135 http cache typed-array-byte-length@https://registry.npmjs.org/typed-array-byte-length/-/typed-array-byte-length-1.0.3.tgz 0ms (cache hit)
2136 http cache typed-array-buffer@https://registry.npmjs.org/typed-array-buffer/-/typed-array-buffer-1.0.3.tgz 0ms (cache hit)
2137 http cache string.prototype.trimend@https://registry.npmjs.org/string.prototype.trimend/-/string.prototype.trimend-1.0.10.tgz 0ms (cache hit)
2138 http cache string.prototype.trimstart@https://registry.npmjs.org/string.prototype.trimstart/-/string.prototype.trimstart-1.0.8.tgz 0ms (cache hit)
2139 http cache string.prototype.trim@https://registry.npmjs.org/string.prototype.trim/-/string.prototype.trim-1.2.11.tgz 0ms (cache hit)
2140 http cache stop-iteration-iterator@https://registry.npmjs.org/stop-iteration-iterator/-/stop-iteration-iterator-1.1.0.tgz 0ms (cache hit)
2141 http cache set-proto@https://registry.npmjs.org/set-proto/-/set-proto-1.0.0.tgz 0ms (cache hit)
2142 http cache safe-regex-test@https://registry.npmjs.org/safe-regex-test/-/safe-regex-test-1.1.0.tgz 0ms (cache hit)
2143 http cache safe-push-apply@https://registry.npmjs.org/safe-push-apply/-/safe-push-apply-1.0.0.tgz 0ms (cache hit)
2144 http cache safe-array-concat@https://registry.npmjs.org/safe-array-concat/-/safe-array-concat-1.1.4.tgz 0ms (cache hit)
2145 http cache own-keys@https://registry.npmjs.org/own-keys/-/own-keys-1.0.2.tgz 0ms (cache hit)
2146 http cache object-inspect@https://registry.npmjs.org/object-inspect/-/object-inspect-1.13.4.tgz 0ms (cache hit)
2147 http cache math-intrinsics@https://registry.npmjs.org/math-intrinsics/-/math-intrinsics-1.1.0.tgz 0ms (cache hit)
2148 http cache object.assign@https://registry.npmjs.org/object.assign/-/object.assign-4.1.7.tgz 0ms (cache hit)
2149 http cache is-weakref@https://registry.npmjs.org/is-weakref/-/is-weakref-1.1.1.tgz 0ms (cache hit)
2150 http cache is-string@https://registry.npmjs.org/is-string/-/is-string-1.1.1.tgz 0ms (cache hit)
2151 http cache is-typed-array@https://registry.npmjs.org/is-typed-array/-/is-typed-array-1.1.15.tgz 0ms (cache hit)
2152 http cache is-shared-array-buffer@https://registry.npmjs.org/is-shared-array-buffer/-/is-shared-array-buffer-1.0.4.tgz 0ms (cache hit)
2153 http cache is-regex@https://registry.npmjs.org/is-regex/-/is-regex-1.2.1.tgz 0ms (cache hit)
2154 http cache is-data-view@https://registry.npmjs.org/is-data-view/-/is-data-view-1.0.2.tgz 0ms (cache hit)
2155 http cache is-negative-zero@https://registry.npmjs.org/is-negative-zero/-/is-negative-zero-2.0.3.tgz 0ms (cache hit)
2156 http cache is-set@https://registry.npmjs.org/is-set/-/is-set-2.0.3.tgz 0ms (cache hit)
2157 http cache is-array-buffer@https://registry.npmjs.org/is-array-buffer/-/is-array-buffer-3.0.5.tgz 0ms (cache hit)
2158 http cache has-proto@https://registry.npmjs.org/has-proto/-/has-proto-1.2.0.tgz 0ms (cache hit)
2159 http cache is-callable@https://registry.npmjs.org/is-callable/-/is-callable-1.2.7.tgz 0ms (cache hit)
2160 http cache get-symbol-description@https://registry.npmjs.org/get-symbol-description/-/get-symbol-description-1.1.0.tgz 0ms (cache hit)
2161 http cache globalthis@https://registry.npmjs.org/globalthis/-/globalthis-1.0.4.tgz 0ms (cache hit)
2162 http cache get-proto@https://registry.npmjs.org/get-proto/-/get-proto-1.0.1.tgz 0ms (cache hit)
2163 http cache function.prototype.name@https://registry.npmjs.org/function.prototype.name/-/function.prototype.name-1.2.0.tgz 0ms (cache hit)
2164 http cache es-to-primitive@https://registry.npmjs.org/es-to-primitive/-/es-to-primitive-1.3.4.tgz 0ms (cache hit)
2165 http cache data-view-byte-length@https://registry.npmjs.org/data-view-byte-length/-/data-view-byte-length-1.0.2.tgz 0ms (cache hit)
2166 http cache es-set-tostringtag@https://registry.npmjs.org/es-set-tostringtag/-/es-set-tostringtag-2.1.0.tgz 0ms (cache hit)
2167 http cache data-view-byte-offset@https://registry.npmjs.org/data-view-byte-offset/-/data-view-byte-offset-1.0.1.tgz 0ms (cache hit)
2168 http cache data-view-buffer@https://registry.npmjs.org/data-view-buffer/-/data-view-buffer-1.0.2.tgz 0ms (cache hit)
2169 http cache available-typed-arrays@https://registry.npmjs.org/available-typed-arrays/-/available-typed-arrays-1.0.7.tgz 0ms (cache hit)
2170 http cache array-buffer-byte-length@https://registry.npmjs.org/array-buffer-byte-length/-/array-buffer-byte-length-1.0.2.tgz 0ms (cache hit)
2171 http cache arraybuffer.prototype.slice@https://registry.npmjs.org/arraybuffer.prototype.slice/-/arraybuffer.prototype.slice-1.0.4.tgz 0ms (cache hit)
2172 http cache object-keys@https://registry.npmjs.org/object-keys/-/object-keys-1.1.1.tgz 0ms (cache hit)
2173 http cache define-data-property@https://registry.npmjs.org/define-data-property/-/define-data-property-1.1.4.tgz 0ms (cache hit)
2174 http cache set-function-length@https://registry.npmjs.org/set-function-length/-/set-function-length-1.2.2.tgz 0ms (cache hit)
2175 http cache es-define-property@https://registry.npmjs.org/es-define-property/-/es-define-property-1.0.1.tgz 0ms (cache hit)
2176 http cache has-property-descriptors@https://registry.npmjs.org/has-property-descriptors/-/has-property-descriptors-1.0.2.tgz 0ms (cache hit)
2177 http cache call-bind-apply-helpers@https://registry.npmjs.org/call-bind-apply-helpers/-/call-bind-apply-helpers-1.0.2.tgz 0ms (cache hit)
2178 http cache set-function-name@https://registry.npmjs.org/set-function-name/-/set-function-name-2.0.2.tgz 0ms (cache hit)
2179 http cache side-channel@https://registry.npmjs.org/side-channel/-/side-channel-1.1.1.tgz 0ms (cache hit)
2180 http cache regexp.prototype.flags@https://registry.npmjs.org/regexp.prototype.flags/-/regexp.prototype.flags-1.5.4.tgz 0ms (cache hit)
2181 http cache has-symbols@https://registry.npmjs.org/has-symbols/-/has-symbols-1.1.0.tgz 0ms (cache hit)
2182 http cache gopd@https://registry.npmjs.org/gopd/-/gopd-1.2.0.tgz 0ms (cache hit)
2183 http cache es-abstract@https://registry.npmjs.org/es-abstract/-/es-abstract-1.24.2.tgz 0ms (cache hit)
2184 http cache get-intrinsic@https://registry.npmjs.org/get-intrinsic/-/get-intrinsic-1.3.0.tgz 0ms (cache hit)
2185 http cache es-object-atoms@https://registry.npmjs.org/es-object-atoms/-/es-object-atoms-1.1.2.tgz 0ms (cache hit)
2186 http cache call-bind@https://registry.npmjs.org/call-bind/-/call-bind-1.0.9.tgz 0ms (cache hit)
2187 http cache define-properties@https://registry.npmjs.org/define-properties/-/define-properties-1.2.1.tgz 0ms (cache hit)
2188 http cache @rollup/rollup-win32-x64-msvc@https://registry.npmjs.org/@rollup/rollup-win32-x64-msvc/-/rollup-win32-x64-msvc-4.63.4.tgz 0ms (cache hit)
2189 http cache call-bound@https://registry.npmjs.org/call-bound/-/call-bound-1.0.4.tgz 0ms (cache hit)
2190 http cache shebang-regex@https://registry.npmjs.org/shebang-regex/-/shebang-regex-3.0.0.tgz 0ms (cache hit)
2191 http cache @rollup/rollup-win32-x64-gnu@https://registry.npmjs.org/@rollup/rollup-win32-x64-gnu/-/rollup-win32-x64-gnu-4.63.4.tgz 0ms (cache hit)
2192 http cache function-bind@https://registry.npmjs.org/function-bind/-/function-bind-1.1.2.tgz 0ms (cache hit)
2193 http cache hasown@https://registry.npmjs.org/hasown/-/hasown-2.0.4.tgz 0ms (cache hit)
2194 http cache path-parse@https://registry.npmjs.org/path-parse/-/path-parse-1.0.7.tgz 0ms (cache hit)
2195 http cache supports-preserve-symlinks-flag@https://registry.npmjs.org/supports-preserve-symlinks-flag/-/supports-preserve-symlinks-flag-1.0.0.tgz 0ms (cache hit)
2196 http cache is-core-module@https://registry.npmjs.org/is-core-module/-/is-core-module-2.17.0.tgz 0ms (cache hit)
2197 http cache es-errors@https://registry.npmjs.org/es-errors/-/es-errors-1.3.0.tgz 0ms (cache hit)
2198 http cache unicode-match-property-value-ecmascript@https://registry.npmjs.org/unicode-match-property-value-ecmascript/-/unicode-match-property-value-ecmascript-2.2.1.tgz 0ms (cache hit)
2199 http cache regjsparser@https://registry.npmjs.org/regjsparser/-/regjsparser-0.13.3.tgz 0ms (cache hit)
2200 http cache unicode-match-property-ecmascript@https://registry.npmjs.org/unicode-match-property-ecmascript/-/unicode-match-property-ecmascript-2.0.0.tgz 0ms (cache hit)
2201 http cache regjsgen@https://registry.npmjs.org/regjsgen/-/regjsgen-0.8.0.tgz 0ms (cache hit)
2202 http cache regenerate@https://registry.npmjs.org/regenerate/-/regenerate-1.4.2.tgz 0ms (cache hit)
2203 http cache regenerate-unicode-properties@https://registry.npmjs.org/regenerate-unicode-properties/-/regenerate-unicode-properties-10.2.2.tgz 0ms (cache hit)
2204 http cache balanced-match@https://registry.npmjs.org/balanced-match/-/balanced-match-4.0.4.tgz 0ms (cache hit)
2205 http cache brace-expansion@https://registry.npmjs.org/brace-expansion/-/brace-expansion-5.0.12.tgz 0ms (cache hit)
2206 http cache yallist@https://registry.npmjs.org/yallist/-/yallist-3.1.1.tgz 0ms (cache hit)
2207 http cache @isaacs/cliui@https://registry.npmjs.org/@isaacs/cliui/-/cliui-9.0.0.tgz 0ms (cache hit)
2208 http cache filelist@https://registry.npmjs.org/filelist/-/filelist-1.0.6.tgz 0ms (cache hit)
2209 http cache async@https://registry.npmjs.org/async/-/async-3.2.6.tgz 0ms (cache hit)
2210 http cache which@https://registry.npmjs.org/which/-/which-2.0.2.tgz 0ms (cache hit)
2211 http cache shebang-command@https://registry.npmjs.org/shebang-command/-/shebang-command-2.0.0.tgz 0ms (cache hit)
2212 http cache signal-exit@https://registry.npmjs.org/signal-exit/-/signal-exit-4.1.0.tgz 0ms (cache hit)
2213 http cache path-key@https://registry.npmjs.org/path-key/-/path-key-3.1.1.tgz 0ms (cache hit)
2214 http cache cross-spawn@https://registry.npmjs.org/cross-spawn/-/cross-spawn-7.0.6.tgz 0ms (cache hit)
2215 http cache path-scurry@https://registry.npmjs.org/path-scurry/-/path-scurry-2.0.2.tgz 0ms (cache hit)
2216 http cache minipass@https://registry.npmjs.org/minipass/-/minipass-7.1.3.tgz 0ms (cache hit)
2217 http cache minimatch@https://registry.npmjs.org/minimatch/-/minimatch-10.2.6.tgz 0ms (cache hit)
2218 http cache package-json-from-dist@https://registry.npmjs.org/package-json-from-dist/-/package-json-from-dist-1.0.1.tgz 0ms (cache hit)
2219 http cache jackspeak@https://registry.npmjs.org/jackspeak/-/jackspeak-4.2.3.tgz 0ms (cache hit)
2220 http cache foreground-child@https://registry.npmjs.org/foreground-child/-/foreground-child-3.3.1.tgz 0ms (cache hit)
2221 http cache universalify@https://registry.npmjs.org/universalify/-/universalify-2.0.1.tgz 0ms (cache hit)
2222 http cache jsonfile@https://registry.npmjs.org/jsonfile/-/jsonfile-6.2.1.tgz 0ms (cache hit)
2223 http cache @babel/helper-define-polyfill-provider@https://registry.npmjs.org/@babel/helper-define-polyfill-provider/-/helper-define-polyfill-provider-0.6.8.tgz 0ms (cache hit)
2224 http cache graceful-fs@https://registry.npmjs.org/graceful-fs/-/graceful-fs-4.2.11.tgz 0ms (cache hit)
2225 http cache jake@https://registry.npmjs.org/jake/-/jake-10.9.4.tgz 0ms (cache hit)
2226 http cache json-schema-traverse@https://registry.npmjs.org/json-schema-traverse/-/json-schema-traverse-1.0.0.tgz 0ms (cache hit)
2227 http cache fast-uri@https://registry.npmjs.org/fast-uri/-/fast-uri-3.1.8.tgz 0ms (cache hit)
2228 http cache string.prototype.matchall@https://registry.npmjs.org/string.prototype.matchall/-/string.prototype.matchall-4.1.0.tgz 0ms (cache hit)
2229 http cache fast-deep-equal@https://registry.npmjs.org/fast-deep-equal/-/fast-deep-equal-3.1.3.tgz 0ms (cache hit)
2230 http cache ejs@https://registry.npmjs.org/ejs/-/ejs-3.1.10.tgz 0ms (cache hit)
2231 http cache estree-walker@https://registry.npmjs.org/estree-walker/-/estree-walker-2.0.2.tgz 0ms (cache hit)
2232 http cache terser@https://registry.npmjs.org/terser/-/terser-5.51.2.tgz 0ms (cache hit)
2233 http cache @types/estree@https://registry.npmjs.org/@types/estree/-/estree-1.0.9.tgz 0ms (cache hit)
2234 http cache smob@https://registry.npmjs.org/smob/-/smob-1.6.2.tgz 0ms (cache hit)
2235 http cache serialize-javascript@https://registry.npmjs.org/serialize-javascript/-/serialize-javascript-7.1.1.tgz 0ms (cache hit)
2236 http cache magic-string@https://registry.npmjs.org/magic-string/-/magic-string-0.30.21.tgz 0ms (cache hit)
2237 http cache resolve@https://registry.npmjs.org/resolve/-/resolve-1.22.12.tgz 0ms (cache hit)
2238 http cache is-module@https://registry.npmjs.org/is-module/-/is-module-1.0.0.tgz 0ms (cache hit)
2239 http cache deepmerge@https://registry.npmjs.org/deepmerge/-/deepmerge-4.3.1.tgz 0ms (cache hit)
2240 http cache @types/resolve@https://registry.npmjs.org/@types/resolve/-/resolve-1.20.2.tgz 0ms (cache hit)
2241 http cache @rollup/pluginutils@https://registry.npmjs.org/@rollup/pluginutils/-/pluginutils-5.4.0.tgz 0ms (cache hit)
2242 http cache @jridgewell/sourcemap-codec@https://registry.npmjs.org/@jridgewell/sourcemap-codec/-/sourcemap-codec-1.6.0.tgz 0ms (cache hit)
2243 http cache @jridgewell/resolve-uri@https://registry.npmjs.org/@jridgewell/resolve-uri/-/resolve-uri-3.1.2.tgz 0ms (cache hit)
2244 http cache @babel/helper-string-parser@https://registry.npmjs.org/@babel/helper-string-parser/-/helper-string-parser-7.29.7.tgz 0ms (cache hit)
2245 http cache @babel/helper-globals@https://registry.npmjs.org/@babel/helper-globals/-/helper-globals-7.29.7.tgz 0ms (cache hit)
2246 http cache @babel/helper-replace-supers@https://registry.npmjs.org/@babel/helper-replace-supers/-/helper-replace-supers-7.29.7.tgz 0ms (cache hit)
2247 http cache @babel/helper-optimise-call-expression@https://registry.npmjs.org/@babel/helper-optimise-call-expression/-/helper-optimise-call-expression-7.29.7.tgz 0ms (cache hit)
2248 http cache @babel/helper-member-expression-to-functions@https://registry.npmjs.org/@babel/helper-member-expression-to-functions/-/helper-member-expression-to-functions-7.29.7.tgz 0ms (cache hit)
2249 http cache @babel/helper-wrap-function@https://registry.npmjs.org/@babel/helper-wrap-function/-/helper-wrap-function-7.29.7.tgz 0ms (cache hit)
2250 http cache @babel/helper-create-class-features-plugin@https://registry.npmjs.org/@babel/helper-create-class-features-plugin/-/helper-create-class-features-plugin-7.29.7.tgz 0ms (cache hit)
2251 http cache @babel/helper-remap-async-to-generator@https://registry.npmjs.org/@babel/helper-remap-async-to-generator/-/helper-remap-async-to-generator-7.29.7.tgz 0ms (cache hit)
2252 http cache regexpu-core@https://registry.npmjs.org/regexpu-core/-/regexpu-core-6.4.0.tgz 0ms (cache hit)
2253 http cache @babel/helper-annotate-as-pure@https://registry.npmjs.org/@babel/helper-annotate-as-pure/-/helper-annotate-as-pure-7.29.7.tgz 0ms (cache hit)
2254 http cache esutils@https://registry.npmjs.org/esutils/-/esutils-2.0.3.tgz 0ms (cache hit)
2255 http cache @babel/helper-create-regexp-features-plugin@https://registry.npmjs.org/@babel/helper-create-regexp-features-plugin/-/helper-create-regexp-features-plugin-7.29.7.tgz 0ms (cache hit)
2256 http cache core-js-compat@https://registry.npmjs.org/core-js-compat/-/core-js-compat-3.50.0.tgz 0ms (cache hit)
2257 http cache @babel/helper-skip-transparent-expression-wrappers@https://registry.npmjs.org/@babel/helper-skip-transparent-expression-wrappers/-/helper-skip-transparent-expression-wrappers-7.29.7.tgz 0ms (cache hit)
2258 http cache babel-plugin-polyfill-regenerator@https://registry.npmjs.org/babel-plugin-polyfill-regenerator/-/babel-plugin-polyfill-regenerator-0.6.8.tgz 0ms (cache hit)
2259 http cache babel-plugin-polyfill-corejs3@https://registry.npmjs.org/babel-plugin-polyfill-corejs3/-/babel-plugin-polyfill-corejs3-0.14.2.tgz 0ms (cache hit)
2260 http cache babel-plugin-polyfill-corejs2@https://registry.npmjs.org/babel-plugin-polyfill-corejs2/-/babel-plugin-polyfill-corejs2-0.4.17.tgz 0ms (cache hit)
2261 http cache @babel/preset-modules@https://registry.npmjs.org/@babel/preset-modules/-/preset-modules-0.1.6-no-external-plugins.tgz 0ms (cache hit)
2262 http cache @babel/plugin-transform-unicode-sets-regex@https://registry.npmjs.org/@babel/plugin-transform-unicode-sets-regex/-/plugin-transform-unicode-sets-regex-7.29.7.tgz 0ms (cache hit)
2263 http cache lodash.debounce@https://registry.npmjs.org/lodash.debounce/-/lodash.debounce-4.0.8.tgz 0ms (cache hit)
2264 http cache at-least-node@https://registry.npmjs.org/at-least-node/-/at-least-node-1.0.0.tgz 0ms (cache hit)
2265 http cache @babel/plugin-transform-unicode-regex@https://registry.npmjs.org/@babel/plugin-transform-unicode-regex/-/plugin-transform-unicode-regex-7.29.7.tgz 0ms (cache hit)
2266 http cache require-from-string@https://registry.npmjs.org/require-from-string/-/require-from-string-2.0.2.tgz 0ms (cache hit)
2267 http cache @babel/plugin-transform-unicode-property-regex@https://registry.npmjs.org/@babel/plugin-transform-unicode-property-regex/-/plugin-transform-unicode-property-regex-7.29.7.tgz 0ms (cache hit)
2268 http cache @babel/plugin-transform-unicode-escapes@https://registry.npmjs.org/@babel/plugin-transform-unicode-escapes/-/plugin-transform-unicode-escapes-7.29.7.tgz 0ms (cache hit)
2269 http cache internal-slot@https://registry.npmjs.org/internal-slot/-/internal-slot-1.1.0.tgz 0ms (cache hit)
2270 http cache @babel/plugin-transform-typeof-symbol@https://registry.npmjs.org/@babel/plugin-transform-typeof-symbol/-/plugin-transform-typeof-symbol-7.29.7.tgz 0ms (cache hit)
2271 http cache @babel/plugin-transform-spread@https://registry.npmjs.org/@babel/plugin-transform-spread/-/plugin-transform-spread-7.29.8.tgz 0ms (cache hit)
2272 http cache @babel/plugin-transform-sticky-regex@https://registry.npmjs.org/@babel/plugin-transform-sticky-regex/-/plugin-transform-sticky-regex-7.29.7.tgz 0ms (cache hit)
2273 http cache @babel/plugin-transform-regexp-modifiers@https://registry.npmjs.org/@babel/plugin-transform-regexp-modifiers/-/plugin-transform-regexp-modifiers-7.29.7.tgz 0ms (cache hit)
2274 http cache @babel/plugin-transform-regenerator@https://registry.npmjs.org/@babel/plugin-transform-regenerator/-/plugin-transform-regenerator-7.29.8.tgz 0ms (cache hit)
2275 http cache @babel/plugin-transform-private-property-in-object@https://registry.npmjs.org/@babel/plugin-transform-private-property-in-object/-/plugin-transform-private-property-in-object-7.29.7.tgz 0ms (cache hit)
2276 http cache @babel/plugin-transform-reserved-words@https://registry.npmjs.org/@babel/plugin-transform-reserved-words/-/plugin-transform-reserved-words-7.29.7.tgz 0ms (cache hit)
2277 http cache @babel/plugin-transform-property-literals@https://registry.npmjs.org/@babel/plugin-transform-property-literals/-/plugin-transform-property-literals-7.29.7.tgz 0ms (cache hit)
2278 http cache @babel/plugin-transform-private-methods@https://registry.npmjs.org/@babel/plugin-transform-private-methods/-/plugin-transform-private-methods-7.29.7.tgz 0ms (cache hit)
2279 http cache @babel/plugin-transform-parameters@https://registry.npmjs.org/@babel/plugin-transform-parameters/-/plugin-transform-parameters-7.29.7.tgz 0ms (cache hit)
2280 http cache @babel/plugin-transform-optional-chaining@https://registry.npmjs.org/@babel/plugin-transform-optional-chaining/-/plugin-transform-optional-chaining-7.29.7.tgz 0ms (cache hit)
2281 http cache @babel/plugin-transform-optional-catch-binding@https://registry.npmjs.org/@babel/plugin-transform-optional-catch-binding/-/plugin-transform-optional-catch-binding-7.29.7.tgz 0ms (cache hit)
2282 http cache @babel/plugin-transform-object-rest-spread@https://registry.npmjs.org/@babel/plugin-transform-object-rest-spread/-/plugin-transform-object-rest-spread-7.29.7.tgz 0ms (cache hit)
2283 http cache @babel/plugin-transform-object-super@https://registry.npmjs.org/@babel/plugin-transform-object-super/-/plugin-transform-object-super-7.29.7.tgz 0ms (cache hit)
2284 http cache @babel/plugin-transform-numeric-separator@https://registry.npmjs.org/@babel/plugin-transform-numeric-separator/-/plugin-transform-numeric-separator-7.29.7.tgz 0ms (cache hit)
2285 http cache @babel/plugin-transform-nullish-coalescing-operator@https://registry.npmjs.org/@babel/plugin-transform-nullish-coalescing-operator/-/plugin-transform-nullish-coalescing-operator-7.29.7.tgz 0ms (cache hit)
2286 http cache @babel/plugin-transform-modules-umd@https://registry.npmjs.org/@babel/plugin-transform-modules-umd/-/plugin-transform-modules-umd-7.29.7.tgz 0ms (cache hit)
2287 http cache @babel/plugin-transform-new-target@https://registry.npmjs.org/@babel/plugin-transform-new-target/-/plugin-transform-new-target-7.29.7.tgz 0ms (cache hit)
2288 http cache @babel/plugin-transform-named-capturing-groups-regex@https://registry.npmjs.org/@babel/plugin-transform-named-capturing-groups-regex/-/plugin-transform-named-capturing-groups-regex-7.29.7.tgz 0ms (cache hit)
2289 http cache @babel/plugin-transform-modules-systemjs@https://registry.npmjs.org/@babel/plugin-transform-modules-systemjs/-/plugin-transform-modules-systemjs-7.29.8.tgz 0ms (cache hit)
2290 http cache @babel/plugin-transform-member-expression-literals@https://registry.npmjs.org/@babel/plugin-transform-member-expression-literals/-/plugin-transform-member-expression-literals-7.29.7.tgz 0ms (cache hit)
2291 http cache @babel/plugin-transform-modules-amd@https://registry.npmjs.org/@babel/plugin-transform-modules-amd/-/plugin-transform-modules-amd-7.29.7.tgz 0ms (cache hit)
2292 http cache @babel/plugin-transform-modules-commonjs@https://registry.npmjs.org/@babel/plugin-transform-modules-commonjs/-/plugin-transform-modules-commonjs-7.29.7.tgz 0ms (cache hit)
2293 http cache @babel/plugin-transform-logical-assignment-operators@https://registry.npmjs.org/@babel/plugin-transform-logical-assignment-operators/-/plugin-transform-logical-assignment-operators-7.29.7.tgz 0ms (cache hit)
2294 http cache @babel/plugin-transform-literals@https://registry.npmjs.org/@babel/plugin-transform-literals/-/plugin-transform-literals-7.29.7.tgz 0ms (cache hit)
2295 http cache @babel/plugin-transform-function-name@https://registry.npmjs.org/@babel/plugin-transform-function-name/-/plugin-transform-function-name-7.29.7.tgz 1ms (cache hit)
2296 http cache @babel/plugin-transform-json-strings@https://registry.npmjs.org/@babel/plugin-transform-json-strings/-/plugin-transform-json-strings-7.29.7.tgz 0ms (cache hit)
2297 http cache @babel/plugin-transform-for-of@https://registry.npmjs.org/@babel/plugin-transform-for-of/-/plugin-transform-for-of-7.29.7.tgz 0ms (cache hit)
2298 http cache @babel/plugin-transform-exponentiation-operator@https://registry.npmjs.org/@babel/plugin-transform-exponentiation-operator/-/plugin-transform-exponentiation-operator-7.29.7.tgz 0ms (cache hit)
2299 http cache @babel/plugin-transform-template-literals@https://registry.npmjs.org/@babel/plugin-transform-template-literals/-/plugin-transform-template-literals-7.29.7.tgz 0ms (cache hit)
2300 http cache @babel/plugin-transform-export-namespace-from@https://registry.npmjs.org/@babel/plugin-transform-export-namespace-from/-/plugin-transform-export-namespace-from-7.29.7.tgz 0ms (cache hit)
2301 http cache @babel/plugin-transform-explicit-resource-management@https://registry.npmjs.org/@babel/plugin-transform-explicit-resource-management/-/plugin-transform-explicit-resource-management-7.29.7.tgz 0ms (cache hit)
2302 http cache @babel/plugin-transform-duplicate-named-capturing-groups-regex@https://registry.npmjs.org/@babel/plugin-transform-duplicate-named-capturing-groups-regex/-/plugin-transform-duplicate-named-capturing-groups-regex-7.29.7.tgz 0ms (cache hit)
2303 http cache @babel/plugin-transform-duplicate-keys@https://registry.npmjs.org/@babel/plugin-transform-duplicate-keys/-/plugin-transform-duplicate-keys-7.29.7.tgz 0ms (cache hit)
2304 http cache @babel/plugin-transform-dynamic-import@https://registry.npmjs.org/@babel/plugin-transform-dynamic-import/-/plugin-transform-dynamic-import-7.29.7.tgz 0ms (cache hit)
2305 http cache @babel/plugin-transform-dotall-regex@https://registry.npmjs.org/@babel/plugin-transform-dotall-regex/-/plugin-transform-dotall-regex-7.29.7.tgz 0ms (cache hit)
2306 http cache @babel/plugin-transform-destructuring@https://registry.npmjs.org/@babel/plugin-transform-destructuring/-/plugin-transform-destructuring-7.29.7.tgz 0ms (cache hit)
2307 http cache @babel/plugin-transform-computed-properties@https://registry.npmjs.org/@babel/plugin-transform-computed-properties/-/plugin-transform-computed-properties-7.29.7.tgz 0ms (cache hit)
2308 http cache @babel/plugin-transform-classes@https://registry.npmjs.org/@babel/plugin-transform-classes/-/plugin-transform-classes-7.29.7.tgz 0ms (cache hit)
2309 http cache @babel/plugin-transform-class-static-block@https://registry.npmjs.org/@babel/plugin-transform-class-static-block/-/plugin-transform-class-static-block-7.29.7.tgz 0ms (cache hit)
2310 http cache @babel/plugin-transform-block-scoping@https://registry.npmjs.org/@babel/plugin-transform-block-scoping/-/plugin-transform-block-scoping-7.29.7.tgz 0ms (cache hit)
2311 http cache @babel/plugin-transform-class-properties@https://registry.npmjs.org/@babel/plugin-transform-class-properties/-/plugin-transform-class-properties-7.29.7.tgz 0ms (cache hit)
2312 http cache @babel/plugin-transform-block-scoped-functions@https://registry.npmjs.org/@babel/plugin-transform-block-scoped-functions/-/plugin-transform-block-scoped-functions-7.29.7.tgz 0ms (cache hit)
2313 http cache @babel/plugin-syntax-unicode-sets-regex@https://registry.npmjs.org/@babel/plugin-syntax-unicode-sets-regex/-/plugin-syntax-unicode-sets-regex-7.18.6.tgz 0ms (cache hit)
2314 http cache @babel/plugin-transform-async-to-generator@https://registry.npmjs.org/@babel/plugin-transform-async-to-generator/-/plugin-transform-async-to-generator-7.29.7.tgz 0ms (cache hit)
2315 http cache @babel/plugin-transform-async-generator-functions@https://registry.npmjs.org/@babel/plugin-transform-async-generator-functions/-/plugin-transform-async-generator-functions-7.29.7.tgz 0ms (cache hit)
2316 http cache @babel/plugin-transform-arrow-functions@https://registry.npmjs.org/@babel/plugin-transform-arrow-functions/-/plugin-transform-arrow-functions-7.29.7.tgz 0ms (cache hit)
2317 http cache @babel/plugin-proposal-private-property-in-object@https://registry.npmjs.org/@babel/plugin-proposal-private-property-in-object/-/plugin-proposal-private-property-in-object-7.21.0-placeholder-for-preset-env.2.tgz 0ms (cache hit)
2318 http cache @babel/plugin-syntax-import-attributes@https://registry.npmjs.org/@babel/plugin-syntax-import-attributes/-/plugin-syntax-import-attributes-7.29.7.tgz 0ms (cache hit)
2319 http cache @babel/plugin-bugfix-v8-spread-parameters-in-optional-chaining@https://registry.npmjs.org/@babel/plugin-bugfix-v8-spread-parameters-in-optional-chaining/-/plugin-bugfix-v8-spread-parameters-in-optional-chaining-7.29.7.tgz 0ms (cache hit)
2320 http cache @babel/plugin-syntax-import-assertions@https://registry.npmjs.org/@babel/plugin-syntax-import-assertions/-/plugin-syntax-import-assertions-7.29.7.tgz 0ms (cache hit)
2321 http cache @babel/plugin-bugfix-safari-rest-destructuring-rhs-array@https://registry.npmjs.org/@babel/plugin-bugfix-safari-rest-destructuring-rhs-array/-/plugin-bugfix-safari-rest-destructuring-rhs-array-7.29.7.tgz 0ms (cache hit)
2322 http cache @babel/plugin-bugfix-v8-static-class-fields-redefine-readonly@https://registry.npmjs.org/@babel/plugin-bugfix-v8-static-class-fields-redefine-readonly/-/plugin-bugfix-v8-static-class-fields-redefine-readonly-7.29.7.tgz 0ms (cache hit)
2323 http cache @babel/plugin-bugfix-safari-id-destructuring-collision-in-function-expression@https://registry.npmjs.org/@babel/plugin-bugfix-safari-id-destructuring-collision-in-function-expression/-/plugin-bugfix-safari-id-destructuring-collision-in-function-expression-7.29.7.tgz 0ms (cache hit)
2324 http cache @babel/plugin-bugfix-safari-class-field-initializer-scope@https://registry.npmjs.org/@babel/plugin-bugfix-safari-class-field-initializer-scope/-/plugin-bugfix-safari-class-field-initializer-scope-7.29.7.tgz 0ms (cache hit)
2325 http cache @babel/helper-module-imports@https://registry.npmjs.org/@babel/helper-module-imports/-/helper-module-imports-7.29.7.tgz 0ms (cache hit)
2326 http cache lru-cache@https://registry.npmjs.org/lru-cache/-/lru-cache-5.1.1.tgz 0ms (cache hit)
2327 http cache @babel/helper-plugin-utils@https://registry.npmjs.org/@babel/helper-plugin-utils/-/helper-plugin-utils-7.29.7.tgz 0ms (cache hit)
2328 http cache jsesc@https://registry.npmjs.org/jsesc/-/jsesc-3.1.0.tgz 0ms (cache hit)
2329 http cache @babel/helper-validator-option@https://registry.npmjs.org/@babel/helper-validator-option/-/helper-validator-option-7.29.7.tgz 0ms (cache hit)
2330 http cache @babel/compat-data@https://registry.npmjs.org/@babel/compat-data/-/compat-data-7.29.7.tgz 0ms (cache hit)
2331 http cache @jridgewell/trace-mapping@https://registry.npmjs.org/@jridgewell/trace-mapping/-/trace-mapping-0.3.31.tgz 0ms (cache hit)
2332 http cache @babel/helper-validator-identifier@https://registry.npmjs.org/@babel/helper-validator-identifier/-/helper-validator-identifier-7.29.7.tgz 0ms (cache hit)
2333 http cache semver@https://registry.npmjs.org/semver/-/semver-6.3.1.tgz 0ms (cache hit)
2334 http cache js-tokens@https://registry.npmjs.org/js-tokens/-/js-tokens-4.0.0.tgz 0ms (cache hit)
2335 http cache @jridgewell/gen-mapping@https://registry.npmjs.org/@jridgewell/gen-mapping/-/gen-mapping-0.3.13.tgz 0ms (cache hit)
2336 http cache @babel/plugin-bugfix-firefox-class-in-computed-class-key@https://registry.npmjs.org/@babel/plugin-bugfix-firefox-class-in-computed-class-key/-/plugin-bugfix-firefox-class-in-computed-class-key-7.29.7.tgz 0ms (cache hit)
2337 http cache @jridgewell/remapping@https://registry.npmjs.org/@jridgewell/remapping/-/remapping-2.3.5.tgz 0ms (cache hit)
2338 http cache json5@https://registry.npmjs.org/json5/-/json5-2.2.3.tgz 0ms (cache hit)
2339 http cache gensync@https://registry.npmjs.org/gensync/-/gensync-1.0.0-beta.2.tgz 0ms (cache hit)
2340 http cache convert-source-map@https://registry.npmjs.org/convert-source-map/-/convert-source-map-2.0.0.tgz 0ms (cache hit)
2341 http cache @babel/traverse@https://registry.npmjs.org/@babel/traverse/-/traverse-7.29.8.tgz 0ms (cache hit)
2342 http cache @babel/types@https://registry.npmjs.org/@babel/types/-/types-7.29.8.tgz 0ms (cache hit)
2343 http cache @babel/helpers@https://registry.npmjs.org/@babel/helpers/-/helpers-7.29.7.tgz 0ms (cache hit)
2344 http cache @babel/template@https://registry.npmjs.org/@babel/template/-/template-7.29.7.tgz 0ms (cache hit)
2345 http cache @babel/parser@https://registry.npmjs.org/@babel/parser/-/parser-7.29.9.tgz 0ms (cache hit)
2346 http cache @babel/helper-module-transforms@https://registry.npmjs.org/@babel/helper-module-transforms/-/helper-module-transforms-7.29.7.tgz 0ms (cache hit)
2347 http cache leven@https://registry.npmjs.org/leven/-/leven-3.1.0.tgz 0ms (cache hit)
2348 http cache jsonpointer@https://registry.npmjs.org/jsonpointer/-/jsonpointer-5.0.1.tgz 0ms (cache hit)
2349 http cache @babel/helper-compilation-targets@https://registry.npmjs.org/@babel/helper-compilation-targets/-/helper-compilation-targets-7.29.7.tgz 0ms (cache hit)
2350 http cache @babel/code-frame@https://registry.npmjs.org/@babel/code-frame/-/code-frame-7.29.7.tgz 0ms (cache hit)
2351 http cache @babel/generator@https://registry.npmjs.org/@babel/generator/-/generator-7.29.8.tgz 0ms (cache hit)
2352 http cache workbox-sw@https://registry.npmjs.org/workbox-sw/-/workbox-sw-7.4.1.tgz 0ms (cache hit)
2353 http cache workbox-streams@https://registry.npmjs.org/workbox-streams/-/workbox-streams-7.4.1.tgz 0ms (cache hit)
2354 http cache workbox-routing@https://registry.npmjs.org/workbox-routing/-/workbox-routing-7.4.1.tgz 0ms (cache hit)
2355 http cache workbox-recipes@https://registry.npmjs.org/workbox-recipes/-/workbox-recipes-7.4.1.tgz 0ms (cache hit)
2356 http cache workbox-strategies@https://registry.npmjs.org/workbox-strategies/-/workbox-strategies-7.4.1.tgz 0ms (cache hit)
2357 http cache workbox-range-requests@https://registry.npmjs.org/workbox-range-requests/-/workbox-range-requests-7.4.1.tgz 0ms (cache hit)
2358 http cache workbox-google-analytics@https://registry.npmjs.org/workbox-google-analytics/-/workbox-google-analytics-7.4.1.tgz 0ms (cache hit)
2359 http cache workbox-expiration@https://registry.npmjs.org/workbox-expiration/-/workbox-expiration-7.4.1.tgz 0ms (cache hit)
2360 http cache workbox-precaching@https://registry.npmjs.org/workbox-precaching/-/workbox-precaching-7.4.1.tgz 0ms (cache hit)
2361 http cache workbox-navigation-preload@https://registry.npmjs.org/workbox-navigation-preload/-/workbox-navigation-preload-7.4.1.tgz 0ms (cache hit)
2362 http cache workbox-core@https://registry.npmjs.org/workbox-core/-/workbox-core-7.4.1.tgz 0ms (cache hit)
2363 http cache workbox-broadcast-update@https://registry.npmjs.org/workbox-broadcast-update/-/workbox-broadcast-update-7.4.1.tgz 0ms (cache hit)
2364 http cache workbox-background-sync@https://registry.npmjs.org/workbox-background-sync/-/workbox-background-sync-7.4.1.tgz 0ms (cache hit)
2365 http cache workbox-cacheable-response@https://registry.npmjs.org/workbox-cacheable-response/-/workbox-cacheable-response-7.4.1.tgz 0ms (cache hit)
2366 http cache upath@https://registry.npmjs.org/upath/-/upath-1.2.0.tgz 0ms (cache hit)
2367 http cache tempy@https://registry.npmjs.org/tempy/-/tempy-0.6.0.tgz 0ms (cache hit)
2368 http cache strip-comments@https://registry.npmjs.org/strip-comments/-/strip-comments-2.0.1.tgz 0ms (cache hit)
2369 http cache rollup@https://registry.npmjs.org/rollup/-/rollup-4.63.4.tgz 0ms (cache hit)
2370 http cache stringify-object@https://registry.npmjs.org/stringify-object/-/stringify-object-3.3.0.tgz 0ms (cache hit)
2371 http cache glob@https://registry.npmjs.org/glob/-/glob-11.1.0.tgz 0ms (cache hit)
2372 http cache source-map@https://registry.npmjs.org/source-map/-/source-map-0.8.0.tgz 0ms (cache hit)
2373 http cache fs-extra@https://registry.npmjs.org/fs-extra/-/fs-extra-9.1.0.tgz 0ms (cache hit)
2374 http cache fast-json-stable-stringify@https://registry.npmjs.org/fast-json-stable-stringify/-/fast-json-stable-stringify-2.1.0.tgz 0ms (cache hit)
2375 http cache @rollup/plugin-terser@https://registry.npmjs.org/@rollup/plugin-terser/-/plugin-terser-1.0.0.tgz 0ms (cache hit)
2376 http cache @rollup/plugin-replace@https://registry.npmjs.org/@rollup/plugin-replace/-/plugin-replace-6.0.3.tgz 0ms (cache hit)
2377 http cache @rollup/plugin-node-resolve@https://registry.npmjs.org/@rollup/plugin-node-resolve/-/plugin-node-resolve-16.0.3.tgz 0ms (cache hit)
2378 http cache eta@https://registry.npmjs.org/eta/-/eta-4.6.0.tgz 0ms (cache hit)
2379 http cache @trickfilm400/rollup-plugin-off-main-thread@https://registry.npmjs.org/@trickfilm400/rollup-plugin-off-main-thread/-/rollup-plugin-off-main-thread-3.0.0-pre1.tgz 0ms (cache hit)
2380 http cache @rollup/plugin-babel@https://registry.npmjs.org/@rollup/plugin-babel/-/plugin-babel-6.1.0.tgz 0ms (cache hit)
2381 http cache common-tags@https://registry.npmjs.org/common-tags/-/common-tags-1.8.2.tgz 0ms (cache hit)
2382 http cache ajv@https://registry.npmjs.org/ajv/-/ajv-8.20.0.tgz 0ms (cache hit)
2383 http cache @babel/runtime@https://registry.npmjs.org/@babel/runtime/-/runtime-7.29.7.tgz 0ms (cache hit)
2384 http cache @apideck/better-ajv-errors@https://registry.npmjs.org/@apideck/better-ajv-errors/-/better-ajv-errors-0.3.7.tgz 0ms (cache hit)
2385 http cache @babel/preset-env@https://registry.npmjs.org/@babel/preset-env/-/preset-env-7.29.7.tgz 0ms (cache hit)
2386 http cache ms@https://registry.npmjs.org/ms/-/ms-2.1.3.tgz 0ms (cache hit)
2387 http cache @babel/core@https://registry.npmjs.org/@babel/core/-/core-7.29.7.tgz 0ms (cache hit)
2388 http cache workbox-build@https://registry.npmjs.org/workbox-build/-/workbox-build-7.4.1.tgz 0ms (cache hit)
2389 http cache workbox-window@https://registry.npmjs.org/workbox-window/-/workbox-window-7.4.1.tgz 0ms (cache hit)
2390 http cache balanced-match@https://registry.npmjs.org/balanced-match/-/balanced-match-1.0.2.tgz 0ms (cache hit)
2391 http cache brace-expansion@https://registry.npmjs.org/brace-expansion/-/brace-expansion-2.1.7.tgz 0ms (cache hit)
2392 http cache source-map@https://registry.npmjs.org/source-map/-/source-map-0.6.1.tgz 0ms (cache hit)
2393 http cache pretty-bytes@https://registry.npmjs.org/pretty-bytes/-/pretty-bytes-6.1.1.tgz 0ms (cache hit)
2394 http cache lru-cache@https://registry.npmjs.org/lru-cache/-/lru-cache-11.5.3.tgz 0ms (cache hit)
2395 http cache minimatch@https://registry.npmjs.org/minimatch/-/minimatch-5.1.9.tgz 1ms (cache hit)
2396 http cache pretty-bytes@https://registry.npmjs.org/pretty-bytes/-/pretty-bytes-5.6.0.tgz 0ms (cache hit)
2397 silly tarball no local data for @types/trusted-types@https://registry.npmjs.org/@types/trusted-types/-/trusted-types-2.0.7.tgz. Extracting by manifest.
2398 silly tarball no local data for is-weakmap@https://registry.npmjs.org/is-weakmap/-/is-weakmap-2.0.2.tgz. Extracting by manifest.
2399 silly tarball no local data for is-weakset@https://registry.npmjs.org/is-weakset/-/is-weakset-2.0.4.tgz. Extracting by manifest.
2400 silly tarball no local data for idb@https://registry.npmjs.org/idb/-/idb-7.1.1.tgz. Extracting by manifest.
2401 silly tarball no local data for is-map@https://registry.npmjs.org/is-map/-/is-map-2.0.3.tgz. Extracting by manifest.
2402 silly tarball no local data for generator-function@https://registry.npmjs.org/generator-function/-/generator-function-2.0.1.tgz. Extracting by manifest.
2403 http cache @babel/plugin-transform-shorthand-properties@https://registry.npmjs.org/@babel/plugin-transform-shorthand-properties/-/plugin-transform-shorthand-properties-7.29.7.tgz 0ms (cache hit)
2404 silly tarball no local data for async-function@https://registry.npmjs.org/async-function/-/async-function-1.0.0.tgz. Extracting by manifest.
2405 silly tarball no local data for is-generator-function@https://registry.npmjs.org/is-generator-function/-/is-generator-function-1.1.2.tgz. Extracting by manifest.
2406 silly tarball no local data for which-collection@https://registry.npmjs.org/which-collection/-/which-collection-1.0.2.tgz. Extracting by manifest.
2407 silly tarball no local data for is-async-function@https://registry.npmjs.org/is-async-function/-/is-async-function-2.1.1.tgz. Extracting by manifest.
2408 silly tarball no local data for is-finalizationregistry@https://registry.npmjs.org/is-finalizationregistry/-/is-finalizationregistry-1.1.1.tgz. Extracting by manifest.
2409 silly tarball no local data for is-number-object@https://registry.npmjs.org/is-number-object/-/is-number-object-1.1.1.tgz. Extracting by manifest.
2410 silly tarball no local data for is-boolean-object@https://registry.npmjs.org/is-boolean-object/-/is-boolean-object-1.2.2.tgz. Extracting by manifest.
2411 silly tarball no local data for is-bigint@https://registry.npmjs.org/is-bigint/-/is-bigint-1.1.0.tgz. Extracting by manifest.
2412 silly tarball no local data for crypto-random-string@https://registry.npmjs.org/crypto-random-string/-/crypto-random-string-2.0.0.tgz. Extracting by manifest.
2413 silly tarball no local data for unicode-property-aliases-ecmascript@https://registry.npmjs.org/unicode-property-aliases-ecmascript/-/unicode-property-aliases-ecmascript-2.2.0.tgz. Extracting by manifest.
2414 silly tarball no local data for unicode-canonical-property-names-ecmascript@https://registry.npmjs.org/unicode-canonical-property-names-ecmascript/-/unicode-canonical-property-names-ecmascript-2.0.1.tgz. Extracting by manifest.
2415 silly tarball no local data for which-boxed-primitive@https://registry.npmjs.org/which-boxed-primitive/-/which-boxed-primitive-1.1.1.tgz. Extracting by manifest.
2416 silly tarball no local data for which-builtin-type@https://registry.npmjs.org/which-builtin-type/-/which-builtin-type-1.2.1.tgz. Extracting by manifest.
2417 silly tarball no local data for has-bigints@https://registry.npmjs.org/has-bigints/-/has-bigints-1.1.0.tgz. Extracting by manifest.
2418 silly tarball no local data for for-each@https://registry.npmjs.org/for-each/-/for-each-0.3.5.tgz. Extracting by manifest.
2419 silly tarball no local data for reflect.getprototypeof@https://registry.npmjs.org/reflect.getprototypeof/-/reflect.getprototypeof-1.0.10.tgz. Extracting by manifest.
2420 silly tarball no local data for buffer-from@https://registry.npmjs.org/buffer-from/-/buffer-from-1.1.2.tgz. Extracting by manifest.
2421 silly tarball no local data for @jridgewell/source-map@https://registry.npmjs.org/@jridgewell/source-map/-/source-map-0.3.11.tgz. Extracting by manifest.
2422 silly tarball no local data for commander@https://registry.npmjs.org/commander/-/commander-2.20.3.tgz. Extracting by manifest.
2423 silly tarball no local data for source-map-support@https://registry.npmjs.org/source-map-support/-/source-map-support-0.5.21.tgz. Extracting by manifest.
2424 silly tarball no local data for acorn@https://registry.npmjs.org/acorn/-/acorn-8.18.0.tgz. Extracting by manifest.
2425 silly tarball no local data for unique-string@https://registry.npmjs.org/unique-string/-/unique-string-2.0.0.tgz. Extracting by manifest.
2426 silly tarball no local data for temp-dir@https://registry.npmjs.org/temp-dir/-/temp-dir-2.0.0.tgz. Extracting by manifest.
2427 silly tarball no local data for type-fest@https://registry.npmjs.org/type-fest/-/type-fest-0.16.0.tgz. Extracting by manifest.
2428 silly tarball no local data for is-stream@https://registry.npmjs.org/is-stream/-/is-stream-2.0.1.tgz. Extracting by manifest.
2429 silly tarball no local data for is-regexp@https://registry.npmjs.org/is-regexp/-/is-regexp-1.0.0.tgz. Extracting by manifest.
2430 silly tarball no local data for is-obj@https://registry.npmjs.org/is-obj/-/is-obj-1.0.1.tgz. Extracting by manifest.
2431 silly tarball no local data for side-channel-weakmap@https://registry.npmjs.org/side-channel-weakmap/-/side-channel-weakmap-1.0.2.tgz. Extracting by manifest.
2432 silly tarball no local data for get-own-enumerable-property-symbols@https://registry.npmjs.org/get-own-enumerable-property-symbols/-/get-own-enumerable-property-symbols-3.0.2.tgz. Extracting by manifest.
2433 silly tarball no local data for side-channel-list@https://registry.npmjs.org/side-channel-list/-/side-channel-list-1.0.1.tgz. Extracting by manifest.
2434 silly tarball no local data for side-channel-map@https://registry.npmjs.org/side-channel-map/-/side-channel-map-1.0.1.tgz. Extracting by manifest.
2435 silly tarball no local data for dunder-proto@https://registry.npmjs.org/dunder-proto/-/dunder-proto-1.0.1.tgz. Extracting by manifest.
2436 silly tarball no local data for is-document.all@https://registry.npmjs.org/is-document.all/-/is-document.all-1.0.0.tgz. Extracting by manifest.
2437 silly tarball no local data for functions-have-names@https://registry.npmjs.org/functions-have-names/-/functions-have-names-1.2.3.tgz. Extracting by manifest.
2438 silly tarball no local data for is-symbol@https://registry.npmjs.org/is-symbol/-/is-symbol-1.1.1.tgz. Extracting by manifest.
2439 silly tarball no local data for is-date-object@https://registry.npmjs.org/is-date-object/-/is-date-object-1.1.0.tgz. Extracting by manifest.
2440 silly tarball no local data for es-abstract-get@https://registry.npmjs.org/es-abstract-get/-/es-abstract-get-1.0.0.tgz. Extracting by manifest.
2441 silly tarball no local data for has-tostringtag@https://registry.npmjs.org/has-tostringtag/-/has-tostringtag-1.0.2.tgz. Extracting by manifest.
2442 silly tarball no local data for isarray@https://registry.npmjs.org/isarray/-/isarray-2.0.5.tgz. Extracting by manifest.
2443 silly tarball no local data for possible-typed-array-names@https://registry.npmjs.org/possible-typed-array-names/-/possible-typed-array-names-1.1.0.tgz. Extracting by manifest.
2444 silly tarball no local data for which-typed-array@https://registry.npmjs.org/which-typed-array/-/which-typed-array-1.1.24.tgz. Extracting by manifest.
2445 silly tarball no local data for typed-array-byte-offset@https://registry.npmjs.org/typed-array-byte-offset/-/typed-array-byte-offset-1.0.5.tgz. Extracting by manifest.
2446 silly tarball no local data for unbox-primitive@https://registry.npmjs.org/unbox-primitive/-/unbox-primitive-1.1.0.tgz. Extracting by manifest.
2447 silly tarball no local data for typed-array-length@https://registry.npmjs.org/typed-array-length/-/typed-array-length-1.0.8.tgz. Extracting by manifest.
2448 silly tarball no local data for typed-array-byte-length@https://registry.npmjs.org/typed-array-byte-length/-/typed-array-byte-length-1.0.3.tgz. Extracting by manifest.
2449 silly tarball no local data for typed-array-buffer@https://registry.npmjs.org/typed-array-buffer/-/typed-array-buffer-1.0.3.tgz. Extracting by manifest.
2450 silly tarball no local data for string.prototype.trimend@https://registry.npmjs.org/string.prototype.trimend/-/string.prototype.trimend-1.0.10.tgz. Extracting by manifest.
2451 silly tarball no local data for string.prototype.trimstart@https://registry.npmjs.org/string.prototype.trimstart/-/string.prototype.trimstart-1.0.8.tgz. Extracting by manifest.
2452 silly tarball no local data for string.prototype.trim@https://registry.npmjs.org/string.prototype.trim/-/string.prototype.trim-1.2.11.tgz. Extracting by manifest.
2453 silly tarball no local data for stop-iteration-iterator@https://registry.npmjs.org/stop-iteration-iterator/-/stop-iteration-iterator-1.1.0.tgz. Extracting by manifest.
2454 silly tarball no local data for set-proto@https://registry.npmjs.org/set-proto/-/set-proto-1.0.0.tgz. Extracting by manifest.
2455 silly tarball no local data for safe-regex-test@https://registry.npmjs.org/safe-regex-test/-/safe-regex-test-1.1.0.tgz. Extracting by manifest.
2456 silly tarball no local data for safe-push-apply@https://registry.npmjs.org/safe-push-apply/-/safe-push-apply-1.0.0.tgz. Extracting by manifest.
2457 silly tarball no local data for safe-array-concat@https://registry.npmjs.org/safe-array-concat/-/safe-array-concat-1.1.4.tgz. Extracting by manifest.
2458 silly tarball no local data for own-keys@https://registry.npmjs.org/own-keys/-/own-keys-1.0.2.tgz. Extracting by manifest.
2459 silly tarball no local data for object-inspect@https://registry.npmjs.org/object-inspect/-/object-inspect-1.13.4.tgz. Extracting by manifest.
2460 silly tarball no local data for math-intrinsics@https://registry.npmjs.org/math-intrinsics/-/math-intrinsics-1.1.0.tgz. Extracting by manifest.
2461 silly tarball no local data for object.assign@https://registry.npmjs.org/object.assign/-/object.assign-4.1.7.tgz. Extracting by manifest.
2462 silly tarball no local data for is-weakref@https://registry.npmjs.org/is-weakref/-/is-weakref-1.1.1.tgz. Extracting by manifest.
2463 silly tarball no local data for is-string@https://registry.npmjs.org/is-string/-/is-string-1.1.1.tgz. Extracting by manifest.
2464 silly tarball no local data for is-typed-array@https://registry.npmjs.org/is-typed-array/-/is-typed-array-1.1.15.tgz. Extracting by manifest.
2465 silly tarball no local data for is-shared-array-buffer@https://registry.npmjs.org/is-shared-array-buffer/-/is-shared-array-buffer-1.0.4.tgz. Extracting by manifest.
2466 silly tarball no local data for is-regex@https://registry.npmjs.org/is-regex/-/is-regex-1.2.1.tgz. Extracting by manifest.
2467 silly tarball no local data for is-data-view@https://registry.npmjs.org/is-data-view/-/is-data-view-1.0.2.tgz. Extracting by manifest.
2468 silly tarball no local data for is-negative-zero@https://registry.npmjs.org/is-negative-zero/-/is-negative-zero-2.0.3.tgz. Extracting by manifest.
2469 silly tarball no local data for is-set@https://registry.npmjs.org/is-set/-/is-set-2.0.3.tgz. Extracting by manifest.
2470 silly tarball no local data for is-array-buffer@https://registry.npmjs.org/is-array-buffer/-/is-array-buffer-3.0.5.tgz. Extracting by manifest.
2471 silly tarball no local data for has-proto@https://registry.npmjs.org/has-proto/-/has-proto-1.2.0.tgz. Extracting by manifest.
2472 silly tarball no local data for is-callable@https://registry.npmjs.org/is-callable/-/is-callable-1.2.7.tgz. Extracting by manifest.
2473 silly tarball no local data for get-symbol-description@https://registry.npmjs.org/get-symbol-description/-/get-symbol-description-1.1.0.tgz. Extracting by manifest.
2474 silly tarball no local data for globalthis@https://registry.npmjs.org/globalthis/-/globalthis-1.0.4.tgz. Extracting by manifest.
2475 silly tarball no local data for get-proto@https://registry.npmjs.org/get-proto/-/get-proto-1.0.1.tgz. Extracting by manifest.
2476 silly tarball no local data for function.prototype.name@https://registry.npmjs.org/function.prototype.name/-/function.prototype.name-1.2.0.tgz. Extracting by manifest.
2477 silly tarball no local data for es-to-primitive@https://registry.npmjs.org/es-to-primitive/-/es-to-primitive-1.3.4.tgz. Extracting by manifest.
2478 silly tarball no local data for data-view-byte-length@https://registry.npmjs.org/data-view-byte-length/-/data-view-byte-length-1.0.2.tgz. Extracting by manifest.
2479 silly tarball no local data for es-set-tostringtag@https://registry.npmjs.org/es-set-tostringtag/-/es-set-tostringtag-2.1.0.tgz. Extracting by manifest.
2480 silly tarball no local data for data-view-byte-offset@https://registry.npmjs.org/data-view-byte-offset/-/data-view-byte-offset-1.0.1.tgz. Extracting by manifest.
2481 silly tarball no local data for data-view-buffer@https://registry.npmjs.org/data-view-buffer/-/data-view-buffer-1.0.2.tgz. Extracting by manifest.
2482 silly tarball no local data for available-typed-arrays@https://registry.npmjs.org/available-typed-arrays/-/available-typed-arrays-1.0.7.tgz. Extracting by manifest.
2483 silly tarball no local data for array-buffer-byte-length@https://registry.npmjs.org/array-buffer-byte-length/-/array-buffer-byte-length-1.0.2.tgz. Extracting by manifest.
2484 silly tarball no local data for arraybuffer.prototype.slice@https://registry.npmjs.org/arraybuffer.prototype.slice/-/arraybuffer.prototype.slice-1.0.4.tgz. Extracting by manifest.
2485 silly tarball no local data for object-keys@https://registry.npmjs.org/object-keys/-/object-keys-1.1.1.tgz. Extracting by manifest.
2486 silly tarball no local data for define-data-property@https://registry.npmjs.org/define-data-property/-/define-data-property-1.1.4.tgz. Extracting by manifest.
2487 silly tarball no local data for set-function-length@https://registry.npmjs.org/set-function-length/-/set-function-length-1.2.2.tgz. Extracting by manifest.
2488 silly tarball no local data for es-define-property@https://registry.npmjs.org/es-define-property/-/es-define-property-1.0.1.tgz. Extracting by manifest.
2489 silly tarball no local data for has-property-descriptors@https://registry.npmjs.org/has-property-descriptors/-/has-property-descriptors-1.0.2.tgz. Extracting by manifest.
2490 silly tarball no local data for call-bind-apply-helpers@https://registry.npmjs.org/call-bind-apply-helpers/-/call-bind-apply-helpers-1.0.2.tgz. Extracting by manifest.
2491 silly tarball no local data for set-function-name@https://registry.npmjs.org/set-function-name/-/set-function-name-2.0.2.tgz. Extracting by manifest.
2492 silly tarball no local data for side-channel@https://registry.npmjs.org/side-channel/-/side-channel-1.1.1.tgz. Extracting by manifest.
2493 http cache debug@https://registry.npmjs.org/debug/-/debug-4.4.3.tgz 0ms (cache hit)
2494 silly tarball no local data for regexp.prototype.flags@https://registry.npmjs.org/regexp.prototype.flags/-/regexp.prototype.flags-1.5.4.tgz. Extracting by manifest.
2495 silly tarball no local data for has-symbols@https://registry.npmjs.org/has-symbols/-/has-symbols-1.1.0.tgz. Extracting by manifest.
2496 silly tarball no local data for gopd@https://registry.npmjs.org/gopd/-/gopd-1.2.0.tgz. Extracting by manifest.
2497 silly tarball no local data for es-abstract@https://registry.npmjs.org/es-abstract/-/es-abstract-1.24.2.tgz. Extracting by manifest.
2498 silly tarball no local data for get-intrinsic@https://registry.npmjs.org/get-intrinsic/-/get-intrinsic-1.3.0.tgz. Extracting by manifest.
2499 silly tarball no local data for es-object-atoms@https://registry.npmjs.org/es-object-atoms/-/es-object-atoms-1.1.2.tgz. Extracting by manifest.
2500 silly tarball no local data for call-bind@https://registry.npmjs.org/call-bind/-/call-bind-1.0.9.tgz. Extracting by manifest.
2501 silly tarball no local data for define-properties@https://registry.npmjs.org/define-properties/-/define-properties-1.2.1.tgz. Extracting by manifest.
2502 silly tarball no local data for @rollup/rollup-win32-x64-msvc@https://registry.npmjs.org/@rollup/rollup-win32-x64-msvc/-/rollup-win32-x64-msvc-4.63.4.tgz. Extracting by manifest.
2503 silly tarball no local data for call-bound@https://registry.npmjs.org/call-bound/-/call-bound-1.0.4.tgz. Extracting by manifest.
2504 silly tarball no local data for @rollup/rollup-win32-x64-gnu@https://registry.npmjs.org/@rollup/rollup-win32-x64-gnu/-/rollup-win32-x64-gnu-4.63.4.tgz. Extracting by manifest.
2505 silly tarball no local data for function-bind@https://registry.npmjs.org/function-bind/-/function-bind-1.1.2.tgz. Extracting by manifest.
2506 silly tarball no local data for hasown@https://registry.npmjs.org/hasown/-/hasown-2.0.4.tgz. Extracting by manifest.
2507 silly tarball no local data for path-parse@https://registry.npmjs.org/path-parse/-/path-parse-1.0.7.tgz. Extracting by manifest.
2508 silly tarball no local data for supports-preserve-symlinks-flag@https://registry.npmjs.org/supports-preserve-symlinks-flag/-/supports-preserve-symlinks-flag-1.0.0.tgz. Extracting by manifest.
2509 silly tarball no local data for is-core-module@https://registry.npmjs.org/is-core-module/-/is-core-module-2.17.0.tgz. Extracting by manifest.
2510 silly tarball no local data for es-errors@https://registry.npmjs.org/es-errors/-/es-errors-1.3.0.tgz. Extracting by manifest.
2511 silly tarball no local data for unicode-match-property-value-ecmascript@https://registry.npmjs.org/unicode-match-property-value-ecmascript/-/unicode-match-property-value-ecmascript-2.2.1.tgz. Extracting by manifest.
2512 silly tarball no local data for regjsparser@https://registry.npmjs.org/regjsparser/-/regjsparser-0.13.3.tgz. Extracting by manifest.
2513 silly tarball no local data for unicode-match-property-ecmascript@https://registry.npmjs.org/unicode-match-property-ecmascript/-/unicode-match-property-ecmascript-2.0.0.tgz. Extracting by manifest.
2514 silly tarball no local data for regjsgen@https://registry.npmjs.org/regjsgen/-/regjsgen-0.8.0.tgz. Extracting by manifest.
2515 silly tarball no local data for regenerate@https://registry.npmjs.org/regenerate/-/regenerate-1.4.2.tgz. Extracting by manifest.
2516 silly tarball no local data for regenerate-unicode-properties@https://registry.npmjs.org/regenerate-unicode-properties/-/regenerate-unicode-properties-10.2.2.tgz. Extracting by manifest.
2517 silly tarball no local data for yallist@https://registry.npmjs.org/yallist/-/yallist-3.1.1.tgz. Extracting by manifest.
2518 silly tarball no local data for @isaacs/cliui@https://registry.npmjs.org/@isaacs/cliui/-/cliui-9.0.0.tgz. Extracting by manifest.
2519 silly tarball no local data for filelist@https://registry.npmjs.org/filelist/-/filelist-1.0.6.tgz. Extracting by manifest.
2520 silly tarball no local data for async@https://registry.npmjs.org/async/-/async-3.2.6.tgz. Extracting by manifest.
2521 silly tarball no local data for signal-exit@https://registry.npmjs.org/signal-exit/-/signal-exit-4.1.0.tgz. Extracting by manifest.
2522 silly tarball no local data for jackspeak@https://registry.npmjs.org/jackspeak/-/jackspeak-4.2.3.tgz. Extracting by manifest.
2523 silly tarball no local data for foreground-child@https://registry.npmjs.org/foreground-child/-/foreground-child-3.3.1.tgz. Extracting by manifest.
2524 silly tarball no local data for @babel/helper-define-polyfill-provider@https://registry.npmjs.org/@babel/helper-define-polyfill-provider/-/helper-define-polyfill-provider-0.6.8.tgz. Extracting by manifest.
2525 silly tarball no local data for jake@https://registry.npmjs.org/jake/-/jake-10.9.4.tgz. Extracting by manifest.
2526 silly tarball no local data for json-schema-traverse@https://registry.npmjs.org/json-schema-traverse/-/json-schema-traverse-1.0.0.tgz. Extracting by manifest.
2527 silly tarball no local data for fast-uri@https://registry.npmjs.org/fast-uri/-/fast-uri-3.1.8.tgz. Extracting by manifest.
2528 silly tarball no local data for string.prototype.matchall@https://registry.npmjs.org/string.prototype.matchall/-/string.prototype.matchall-4.1.0.tgz. Extracting by manifest.
2529 silly tarball no local data for fast-deep-equal@https://registry.npmjs.org/fast-deep-equal/-/fast-deep-equal-3.1.3.tgz. Extracting by manifest.
2530 silly tarball no local data for ejs@https://registry.npmjs.org/ejs/-/ejs-3.1.10.tgz. Extracting by manifest.
2531 silly tarball no local data for estree-walker@https://registry.npmjs.org/estree-walker/-/estree-walker-2.0.2.tgz. Extracting by manifest.
2532 silly tarball no local data for terser@https://registry.npmjs.org/terser/-/terser-5.51.2.tgz. Extracting by manifest.
2533 silly tarball no local data for @types/estree@https://registry.npmjs.org/@types/estree/-/estree-1.0.9.tgz. Extracting by manifest.
2534 silly tarball no local data for smob@https://registry.npmjs.org/smob/-/smob-1.6.2.tgz. Extracting by manifest.
2535 silly tarball no local data for serialize-javascript@https://registry.npmjs.org/serialize-javascript/-/serialize-javascript-7.1.1.tgz. Extracting by manifest.
2536 silly tarball no local data for magic-string@https://registry.npmjs.org/magic-string/-/magic-string-0.30.21.tgz. Extracting by manifest.
2537 silly tarball no local data for resolve@https://registry.npmjs.org/resolve/-/resolve-1.22.12.tgz. Extracting by manifest.
2538 silly tarball no local data for is-module@https://registry.npmjs.org/is-module/-/is-module-1.0.0.tgz. Extracting by manifest.
2539 http cache vite-plugin-pwa@https://registry.npmjs.org/vite-plugin-pwa/-/vite-plugin-pwa-1.3.0.tgz 0ms (cache hit)
2540 silly tarball no local data for deepmerge@https://registry.npmjs.org/deepmerge/-/deepmerge-4.3.1.tgz. Extracting by manifest.
2541 silly tarball no local data for @types/resolve@https://registry.npmjs.org/@types/resolve/-/resolve-1.20.2.tgz. Extracting by manifest.
2542 silly tarball no local data for @rollup/pluginutils@https://registry.npmjs.org/@rollup/pluginutils/-/pluginutils-5.4.0.tgz. Extracting by manifest.
2543 silly tarball no local data for @jridgewell/sourcemap-codec@https://registry.npmjs.org/@jridgewell/sourcemap-codec/-/sourcemap-codec-1.6.0.tgz. Extracting by manifest.
2544 silly tarball no local data for @jridgewell/resolve-uri@https://registry.npmjs.org/@jridgewell/resolve-uri/-/resolve-uri-3.1.2.tgz. Extracting by manifest.
2545 silly tarball no local data for @babel/helper-string-parser@https://registry.npmjs.org/@babel/helper-string-parser/-/helper-string-parser-7.29.7.tgz. Extracting by manifest.
2546 silly tarball no local data for @babel/helper-globals@https://registry.npmjs.org/@babel/helper-globals/-/helper-globals-7.29.7.tgz. Extracting by manifest.
2547 silly tarball no local data for @babel/helper-replace-supers@https://registry.npmjs.org/@babel/helper-replace-supers/-/helper-replace-supers-7.29.7.tgz. Extracting by manifest.
2548 silly tarball no local data for @babel/helper-optimise-call-expression@https://registry.npmjs.org/@babel/helper-optimise-call-expression/-/helper-optimise-call-expression-7.29.7.tgz. Extracting by manifest.
2549 silly tarball no local data for @babel/helper-member-expression-to-functions@https://registry.npmjs.org/@babel/helper-member-expression-to-functions/-/helper-member-expression-to-functions-7.29.7.tgz. Extracting by manifest.
2550 silly tarball no local data for @babel/helper-wrap-function@https://registry.npmjs.org/@babel/helper-wrap-function/-/helper-wrap-function-7.29.7.tgz. Extracting by manifest.
2551 silly tarball no local data for @babel/helper-create-class-features-plugin@https://registry.npmjs.org/@babel/helper-create-class-features-plugin/-/helper-create-class-features-plugin-7.29.7.tgz. Extracting by manifest.
2552 silly tarball no local data for @babel/helper-remap-async-to-generator@https://registry.npmjs.org/@babel/helper-remap-async-to-generator/-/helper-remap-async-to-generator-7.29.7.tgz. Extracting by manifest.
2553 silly tarball no local data for regexpu-core@https://registry.npmjs.org/regexpu-core/-/regexpu-core-6.4.0.tgz. Extracting by manifest.
2554 silly tarball no local data for @babel/helper-annotate-as-pure@https://registry.npmjs.org/@babel/helper-annotate-as-pure/-/helper-annotate-as-pure-7.29.7.tgz. Extracting by manifest.
2555 silly tarball no local data for esutils@https://registry.npmjs.org/esutils/-/esutils-2.0.3.tgz. Extracting by manifest.
2556 silly tarball no local data for @babel/helper-create-regexp-features-plugin@https://registry.npmjs.org/@babel/helper-create-regexp-features-plugin/-/helper-create-regexp-features-plugin-7.29.7.tgz. Extracting by manifest.
2557 silly tarball no local data for core-js-compat@https://registry.npmjs.org/core-js-compat/-/core-js-compat-3.50.0.tgz. Extracting by manifest.
2558 silly tarball no local data for @babel/helper-skip-transparent-expression-wrappers@https://registry.npmjs.org/@babel/helper-skip-transparent-expression-wrappers/-/helper-skip-transparent-expression-wrappers-7.29.7.tgz. Extracting by manifest.
2559 silly tarball no local data for babel-plugin-polyfill-regenerator@https://registry.npmjs.org/babel-plugin-polyfill-regenerator/-/babel-plugin-polyfill-regenerator-0.6.8.tgz. Extracting by manifest.
2560 silly tarball no local data for babel-plugin-polyfill-corejs3@https://registry.npmjs.org/babel-plugin-polyfill-corejs3/-/babel-plugin-polyfill-corejs3-0.14.2.tgz. Extracting by manifest.
2561 silly tarball no local data for babel-plugin-polyfill-corejs2@https://registry.npmjs.org/babel-plugin-polyfill-corejs2/-/babel-plugin-polyfill-corejs2-0.4.17.tgz. Extracting by manifest.
2562 silly tarball no local data for @babel/preset-modules@https://registry.npmjs.org/@babel/preset-modules/-/preset-modules-0.1.6-no-external-plugins.tgz. Extracting by manifest.
2563 silly tarball no local data for @babel/plugin-transform-unicode-sets-regex@https://registry.npmjs.org/@babel/plugin-transform-unicode-sets-regex/-/plugin-transform-unicode-sets-regex-7.29.7.tgz. Extracting by manifest.
2564 silly tarball no local data for lodash.debounce@https://registry.npmjs.org/lodash.debounce/-/lodash.debounce-4.0.8.tgz. Extracting by manifest.
2565 silly tarball no local data for @babel/plugin-transform-unicode-regex@https://registry.npmjs.org/@babel/plugin-transform-unicode-regex/-/plugin-transform-unicode-regex-7.29.7.tgz. Extracting by manifest.
2566 silly tarball no local data for require-from-string@https://registry.npmjs.org/require-from-string/-/require-from-string-2.0.2.tgz. Extracting by manifest.
2567 silly tarball no local data for @babel/plugin-transform-unicode-property-regex@https://registry.npmjs.org/@babel/plugin-transform-unicode-property-regex/-/plugin-transform-unicode-property-regex-7.29.7.tgz. Extracting by manifest.
2568 silly tarball no local data for @babel/plugin-transform-unicode-escapes@https://registry.npmjs.org/@babel/plugin-transform-unicode-escapes/-/plugin-transform-unicode-escapes-7.29.7.tgz. Extracting by manifest.
2569 silly tarball no local data for internal-slot@https://registry.npmjs.org/internal-slot/-/internal-slot-1.1.0.tgz. Extracting by manifest.
2570 silly tarball no local data for @babel/plugin-transform-typeof-symbol@https://registry.npmjs.org/@babel/plugin-transform-typeof-symbol/-/plugin-transform-typeof-symbol-7.29.7.tgz. Extracting by manifest.
2571 silly tarball no local data for @babel/plugin-transform-spread@https://registry.npmjs.org/@babel/plugin-transform-spread/-/plugin-transform-spread-7.29.8.tgz. Extracting by manifest.
2572 silly tarball no local data for @babel/plugin-transform-sticky-regex@https://registry.npmjs.org/@babel/plugin-transform-sticky-regex/-/plugin-transform-sticky-regex-7.29.7.tgz. Extracting by manifest.
2573 silly tarball no local data for @babel/plugin-transform-regexp-modifiers@https://registry.npmjs.org/@babel/plugin-transform-regexp-modifiers/-/plugin-transform-regexp-modifiers-7.29.7.tgz. Extracting by manifest.
2574 silly tarball no local data for @babel/plugin-transform-regenerator@https://registry.npmjs.org/@babel/plugin-transform-regenerator/-/plugin-transform-regenerator-7.29.8.tgz. Extracting by manifest.
2575 silly tarball no local data for @babel/plugin-transform-private-property-in-object@https://registry.npmjs.org/@babel/plugin-transform-private-property-in-object/-/plugin-transform-private-property-in-object-7.29.7.tgz. Extracting by manifest.
2576 silly tarball no local data for @babel/plugin-transform-reserved-words@https://registry.npmjs.org/@babel/plugin-transform-reserved-words/-/plugin-transform-reserved-words-7.29.7.tgz. Extracting by manifest.
2577 silly tarball no local data for @babel/plugin-transform-property-literals@https://registry.npmjs.org/@babel/plugin-transform-property-literals/-/plugin-transform-property-literals-7.29.7.tgz. Extracting by manifest.
2578 silly tarball no local data for @babel/plugin-transform-private-methods@https://registry.npmjs.org/@babel/plugin-transform-private-methods/-/plugin-transform-private-methods-7.29.7.tgz. Extracting by manifest.
2579 silly tarball no local data for @babel/plugin-transform-parameters@https://registry.npmjs.org/@babel/plugin-transform-parameters/-/plugin-transform-parameters-7.29.7.tgz. Extracting by manifest.
2580 silly tarball no local data for @babel/plugin-transform-optional-chaining@https://registry.npmjs.org/@babel/plugin-transform-optional-chaining/-/plugin-transform-optional-chaining-7.29.7.tgz. Extracting by manifest.
2581 silly tarball no local data for @babel/plugin-transform-optional-catch-binding@https://registry.npmjs.org/@babel/plugin-transform-optional-catch-binding/-/plugin-transform-optional-catch-binding-7.29.7.tgz. Extracting by manifest.
2582 silly tarball no local data for @babel/plugin-transform-object-rest-spread@https://registry.npmjs.org/@babel/plugin-transform-object-rest-spread/-/plugin-transform-object-rest-spread-7.29.7.tgz. Extracting by manifest.
2583 silly tarball no local data for @babel/plugin-transform-object-super@https://registry.npmjs.org/@babel/plugin-transform-object-super/-/plugin-transform-object-super-7.29.7.tgz. Extracting by manifest.
2584 silly tarball no local data for @babel/plugin-transform-numeric-separator@https://registry.npmjs.org/@babel/plugin-transform-numeric-separator/-/plugin-transform-numeric-separator-7.29.7.tgz. Extracting by manifest.
2585 silly tarball no local data for @babel/plugin-transform-nullish-coalescing-operator@https://registry.npmjs.org/@babel/plugin-transform-nullish-coalescing-operator/-/plugin-transform-nullish-coalescing-operator-7.29.7.tgz. Extracting by manifest.
2586 silly tarball no local data for @babel/plugin-transform-modules-umd@https://registry.npmjs.org/@babel/plugin-transform-modules-umd/-/plugin-transform-modules-umd-7.29.7.tgz. Extracting by manifest.
2587 silly tarball no local data for @babel/plugin-transform-new-target@https://registry.npmjs.org/@babel/plugin-transform-new-target/-/plugin-transform-new-target-7.29.7.tgz. Extracting by manifest.
2588 silly tarball no local data for @babel/plugin-transform-named-capturing-groups-regex@https://registry.npmjs.org/@babel/plugin-transform-named-capturing-groups-regex/-/plugin-transform-named-capturing-groups-regex-7.29.7.tgz. Extracting by manifest.
2589 silly tarball no local data for @babel/plugin-transform-modules-systemjs@https://registry.npmjs.org/@babel/plugin-transform-modules-systemjs/-/plugin-transform-modules-systemjs-7.29.8.tgz. Extracting by manifest.
2590 silly tarball no local data for @babel/plugin-transform-member-expression-literals@https://registry.npmjs.org/@babel/plugin-transform-member-expression-literals/-/plugin-transform-member-expression-literals-7.29.7.tgz. Extracting by manifest.
2591 silly tarball no local data for @babel/plugin-transform-modules-amd@https://registry.npmjs.org/@babel/plugin-transform-modules-amd/-/plugin-transform-modules-amd-7.29.7.tgz. Extracting by manifest.
2592 silly tarball no local data for @babel/plugin-transform-modules-commonjs@https://registry.npmjs.org/@babel/plugin-transform-modules-commonjs/-/plugin-transform-modules-commonjs-7.29.7.tgz. Extracting by manifest.
2593 silly tarball no local data for @babel/plugin-transform-logical-assignment-operators@https://registry.npmjs.org/@babel/plugin-transform-logical-assignment-operators/-/plugin-transform-logical-assignment-operators-7.29.7.tgz. Extracting by manifest.
2594 silly tarball no local data for @babel/plugin-transform-literals@https://registry.npmjs.org/@babel/plugin-transform-literals/-/plugin-transform-literals-7.29.7.tgz. Extracting by manifest.
2595 silly tarball no local data for @babel/plugin-transform-function-name@https://registry.npmjs.org/@babel/plugin-transform-function-name/-/plugin-transform-function-name-7.29.7.tgz. Extracting by manifest.
2596 silly tarball no local data for @babel/plugin-transform-json-strings@https://registry.npmjs.org/@babel/plugin-transform-json-strings/-/plugin-transform-json-strings-7.29.7.tgz. Extracting by manifest.
2597 silly tarball no local data for @babel/plugin-transform-for-of@https://registry.npmjs.org/@babel/plugin-transform-for-of/-/plugin-transform-for-of-7.29.7.tgz. Extracting by manifest.
2598 silly tarball no local data for @babel/plugin-transform-exponentiation-operator@https://registry.npmjs.org/@babel/plugin-transform-exponentiation-operator/-/plugin-transform-exponentiation-operator-7.29.7.tgz. Extracting by manifest.
2599 silly tarball no local data for @babel/plugin-transform-template-literals@https://registry.npmjs.org/@babel/plugin-transform-template-literals/-/plugin-transform-template-literals-7.29.7.tgz. Extracting by manifest.
2600 silly tarball no local data for @babel/plugin-transform-export-namespace-from@https://registry.npmjs.org/@babel/plugin-transform-export-namespace-from/-/plugin-transform-export-namespace-from-7.29.7.tgz. Extracting by manifest.
2601 silly tarball no local data for @babel/plugin-transform-explicit-resource-management@https://registry.npmjs.org/@babel/plugin-transform-explicit-resource-management/-/plugin-transform-explicit-resource-management-7.29.7.tgz. Extracting by manifest.
2602 silly tarball no local data for @babel/plugin-transform-duplicate-named-capturing-groups-regex@https://registry.npmjs.org/@babel/plugin-transform-duplicate-named-capturing-groups-regex/-/plugin-transform-duplicate-named-capturing-groups-regex-7.29.7.tgz. Extracting by manifest.
2603 silly tarball no local data for @babel/plugin-transform-duplicate-keys@https://registry.npmjs.org/@babel/plugin-transform-duplicate-keys/-/plugin-transform-duplicate-keys-7.29.7.tgz. Extracting by manifest.
2604 silly tarball no local data for @babel/plugin-transform-dynamic-import@https://registry.npmjs.org/@babel/plugin-transform-dynamic-import/-/plugin-transform-dynamic-import-7.29.7.tgz. Extracting by manifest.
2605 silly tarball no local data for @babel/plugin-transform-dotall-regex@https://registry.npmjs.org/@babel/plugin-transform-dotall-regex/-/plugin-transform-dotall-regex-7.29.7.tgz. Extracting by manifest.
2606 silly tarball no local data for @babel/plugin-transform-destructuring@https://registry.npmjs.org/@babel/plugin-transform-destructuring/-/plugin-transform-destructuring-7.29.7.tgz. Extracting by manifest.
2607 silly tarball no local data for @babel/plugin-transform-computed-properties@https://registry.npmjs.org/@babel/plugin-transform-computed-properties/-/plugin-transform-computed-properties-7.29.7.tgz. Extracting by manifest.
2608 silly tarball no local data for @babel/plugin-transform-classes@https://registry.npmjs.org/@babel/plugin-transform-classes/-/plugin-transform-classes-7.29.7.tgz. Extracting by manifest.
2609 silly tarball no local data for @babel/plugin-transform-class-static-block@https://registry.npmjs.org/@babel/plugin-transform-class-static-block/-/plugin-transform-class-static-block-7.29.7.tgz. Extracting by manifest.
2610 silly tarball no local data for @babel/plugin-transform-block-scoping@https://registry.npmjs.org/@babel/plugin-transform-block-scoping/-/plugin-transform-block-scoping-7.29.7.tgz. Extracting by manifest.
2611 silly tarball no local data for @babel/plugin-transform-class-properties@https://registry.npmjs.org/@babel/plugin-transform-class-properties/-/plugin-transform-class-properties-7.29.7.tgz. Extracting by manifest.
2612 silly tarball no local data for @babel/plugin-transform-block-scoped-functions@https://registry.npmjs.org/@babel/plugin-transform-block-scoped-functions/-/plugin-transform-block-scoped-functions-7.29.7.tgz. Extracting by manifest.
2613 silly tarball no local data for @babel/plugin-syntax-unicode-sets-regex@https://registry.npmjs.org/@babel/plugin-syntax-unicode-sets-regex/-/plugin-syntax-unicode-sets-regex-7.18.6.tgz. Extracting by manifest.
2614 silly tarball no local data for @babel/plugin-transform-async-to-generator@https://registry.npmjs.org/@babel/plugin-transform-async-to-generator/-/plugin-transform-async-to-generator-7.29.7.tgz. Extracting by manifest.
2615 silly tarball no local data for @babel/plugin-transform-async-generator-functions@https://registry.npmjs.org/@babel/plugin-transform-async-generator-functions/-/plugin-transform-async-generator-functions-7.29.7.tgz. Extracting by manifest.
2616 silly tarball no local data for @babel/plugin-transform-arrow-functions@https://registry.npmjs.org/@babel/plugin-transform-arrow-functions/-/plugin-transform-arrow-functions-7.29.7.tgz. Extracting by manifest.
2617 silly tarball no local data for @babel/plugin-proposal-private-property-in-object@https://registry.npmjs.org/@babel/plugin-proposal-private-property-in-object/-/plugin-proposal-private-property-in-object-7.21.0-placeholder-for-preset-env.2.tgz. Extracting by manifest.
2618 silly tarball no local data for @babel/plugin-syntax-import-attributes@https://registry.npmjs.org/@babel/plugin-syntax-import-attributes/-/plugin-syntax-import-attributes-7.29.7.tgz. Extracting by manifest.
2619 silly tarball no local data for @babel/plugin-bugfix-v8-spread-parameters-in-optional-chaining@https://registry.npmjs.org/@babel/plugin-bugfix-v8-spread-parameters-in-optional-chaining/-/plugin-bugfix-v8-spread-parameters-in-optional-chaining-7.29.7.tgz. Extracting by manifest.
2620 silly tarball no local data for @babel/plugin-syntax-import-assertions@https://registry.npmjs.org/@babel/plugin-syntax-import-assertions/-/plugin-syntax-import-assertions-7.29.7.tgz. Extracting by manifest.
2621 silly tarball no local data for @babel/plugin-bugfix-safari-rest-destructuring-rhs-array@https://registry.npmjs.org/@babel/plugin-bugfix-safari-rest-destructuring-rhs-array/-/plugin-bugfix-safari-rest-destructuring-rhs-array-7.29.7.tgz. Extracting by manifest.
2622 silly tarball no local data for @babel/plugin-bugfix-v8-static-class-fields-redefine-readonly@https://registry.npmjs.org/@babel/plugin-bugfix-v8-static-class-fields-redefine-readonly/-/plugin-bugfix-v8-static-class-fields-redefine-readonly-7.29.7.tgz. Extracting by manifest.
2623 silly tarball no local data for @babel/plugin-bugfix-safari-id-destructuring-collision-in-function-expression@https://registry.npmjs.org/@babel/plugin-bugfix-safari-id-destructuring-collision-in-function-expression/-/plugin-bugfix-safari-id-destructuring-collision-in-function-expression-7.29.7.tgz. Extracting by manifest.
2624 silly tarball no local data for @babel/plugin-bugfix-safari-class-field-initializer-scope@https://registry.npmjs.org/@babel/plugin-bugfix-safari-class-field-initializer-scope/-/plugin-bugfix-safari-class-field-initializer-scope-7.29.7.tgz. Extracting by manifest.
2625 silly tarball no local data for @babel/helper-module-imports@https://registry.npmjs.org/@babel/helper-module-imports/-/helper-module-imports-7.29.7.tgz. Extracting by manifest.
2626 silly tarball no local data for lru-cache@https://registry.npmjs.org/lru-cache/-/lru-cache-5.1.1.tgz. Extracting by manifest.
2627 silly tarball no local data for @babel/helper-plugin-utils@https://registry.npmjs.org/@babel/helper-plugin-utils/-/helper-plugin-utils-7.29.7.tgz. Extracting by manifest.
2628 silly tarball no local data for jsesc@https://registry.npmjs.org/jsesc/-/jsesc-3.1.0.tgz. Extracting by manifest.
2629 silly tarball no local data for @babel/helper-validator-option@https://registry.npmjs.org/@babel/helper-validator-option/-/helper-validator-option-7.29.7.tgz. Extracting by manifest.
2630 silly tarball no local data for @babel/compat-data@https://registry.npmjs.org/@babel/compat-data/-/compat-data-7.29.7.tgz. Extracting by manifest.
2631 silly tarball no local data for @jridgewell/trace-mapping@https://registry.npmjs.org/@jridgewell/trace-mapping/-/trace-mapping-0.3.31.tgz. Extracting by manifest.
2632 silly tarball no local data for @babel/helper-validator-identifier@https://registry.npmjs.org/@babel/helper-validator-identifier/-/helper-validator-identifier-7.29.7.tgz. Extracting by manifest.
2633 silly tarball no local data for semver@https://registry.npmjs.org/semver/-/semver-6.3.1.tgz. Extracting by manifest.
2634 silly tarball no local data for js-tokens@https://registry.npmjs.org/js-tokens/-/js-tokens-4.0.0.tgz. Extracting by manifest.
2635 silly tarball no local data for @jridgewell/gen-mapping@https://registry.npmjs.org/@jridgewell/gen-mapping/-/gen-mapping-0.3.13.tgz. Extracting by manifest.
2636 silly tarball no local data for @babel/plugin-bugfix-firefox-class-in-computed-class-key@https://registry.npmjs.org/@babel/plugin-bugfix-firefox-class-in-computed-class-key/-/plugin-bugfix-firefox-class-in-computed-class-key-7.29.7.tgz. Extracting by manifest.
2637 silly tarball no local data for @jridgewell/remapping@https://registry.npmjs.org/@jridgewell/remapping/-/remapping-2.3.5.tgz. Extracting by manifest.
2638 silly tarball no local data for json5@https://registry.npmjs.org/json5/-/json5-2.2.3.tgz. Extracting by manifest.
2639 silly tarball no local data for gensync@https://registry.npmjs.org/gensync/-/gensync-1.0.0-beta.2.tgz. Extracting by manifest.
2640 silly tarball no local data for convert-source-map@https://registry.npmjs.org/convert-source-map/-/convert-source-map-2.0.0.tgz. Extracting by manifest.
2641 silly tarball no local data for @babel/traverse@https://registry.npmjs.org/@babel/traverse/-/traverse-7.29.8.tgz. Extracting by manifest.
2642 silly tarball no local data for @babel/types@https://registry.npmjs.org/@babel/types/-/types-7.29.8.tgz. Extracting by manifest.
2643 silly tarball no local data for @babel/helpers@https://registry.npmjs.org/@babel/helpers/-/helpers-7.29.7.tgz. Extracting by manifest.
2644 silly tarball no local data for @babel/template@https://registry.npmjs.org/@babel/template/-/template-7.29.7.tgz. Extracting by manifest.
2645 silly tarball no local data for @babel/parser@https://registry.npmjs.org/@babel/parser/-/parser-7.29.9.tgz. Extracting by manifest.
2646 silly tarball no local data for @babel/helper-module-transforms@https://registry.npmjs.org/@babel/helper-module-transforms/-/helper-module-transforms-7.29.7.tgz. Extracting by manifest.
2647 silly tarball no local data for leven@https://registry.npmjs.org/leven/-/leven-3.1.0.tgz. Extracting by manifest.
2648 silly tarball no local data for jsonpointer@https://registry.npmjs.org/jsonpointer/-/jsonpointer-5.0.1.tgz. Extracting by manifest.
2649 silly tarball no local data for @babel/helper-compilation-targets@https://registry.npmjs.org/@babel/helper-compilation-targets/-/helper-compilation-targets-7.29.7.tgz. Extracting by manifest.
2650 silly tarball no local data for @babel/code-frame@https://registry.npmjs.org/@babel/code-frame/-/code-frame-7.29.7.tgz. Extracting by manifest.
2651 silly tarball no local data for @babel/generator@https://registry.npmjs.org/@babel/generator/-/generator-7.29.8.tgz. Extracting by manifest.
2652 silly tarball no local data for workbox-sw@https://registry.npmjs.org/workbox-sw/-/workbox-sw-7.4.1.tgz. Extracting by manifest.
2653 silly tarball no local data for workbox-streams@https://registry.npmjs.org/workbox-streams/-/workbox-streams-7.4.1.tgz. Extracting by manifest.
2654 silly tarball no local data for workbox-routing@https://registry.npmjs.org/workbox-routing/-/workbox-routing-7.4.1.tgz. Extracting by manifest.
2655 silly tarball no local data for workbox-recipes@https://registry.npmjs.org/workbox-recipes/-/workbox-recipes-7.4.1.tgz. Extracting by manifest.
2656 silly tarball no local data for workbox-strategies@https://registry.npmjs.org/workbox-strategies/-/workbox-strategies-7.4.1.tgz. Extracting by manifest.
2657 silly tarball no local data for workbox-range-requests@https://registry.npmjs.org/workbox-range-requests/-/workbox-range-requests-7.4.1.tgz. Extracting by manifest.
2658 silly tarball no local data for workbox-google-analytics@https://registry.npmjs.org/workbox-google-analytics/-/workbox-google-analytics-7.4.1.tgz. Extracting by manifest.
2659 silly tarball no local data for workbox-expiration@https://registry.npmjs.org/workbox-expiration/-/workbox-expiration-7.4.1.tgz. Extracting by manifest.
2660 silly tarball no local data for workbox-precaching@https://registry.npmjs.org/workbox-precaching/-/workbox-precaching-7.4.1.tgz. Extracting by manifest.
2661 silly tarball no local data for workbox-navigation-preload@https://registry.npmjs.org/workbox-navigation-preload/-/workbox-navigation-preload-7.4.1.tgz. Extracting by manifest.
2662 silly tarball no local data for workbox-core@https://registry.npmjs.org/workbox-core/-/workbox-core-7.4.1.tgz. Extracting by manifest.
2663 silly tarball no local data for workbox-broadcast-update@https://registry.npmjs.org/workbox-broadcast-update/-/workbox-broadcast-update-7.4.1.tgz. Extracting by manifest.
2664 silly tarball no local data for workbox-background-sync@https://registry.npmjs.org/workbox-background-sync/-/workbox-background-sync-7.4.1.tgz. Extracting by manifest.
2665 silly tarball no local data for workbox-cacheable-response@https://registry.npmjs.org/workbox-cacheable-response/-/workbox-cacheable-response-7.4.1.tgz. Extracting by manifest.
2666 silly tarball no local data for upath@https://registry.npmjs.org/upath/-/upath-1.2.0.tgz. Extracting by manifest.
2667 silly tarball no local data for tempy@https://registry.npmjs.org/tempy/-/tempy-0.6.0.tgz. Extracting by manifest.
2668 silly tarball no local data for strip-comments@https://registry.npmjs.org/strip-comments/-/strip-comments-2.0.1.tgz. Extracting by manifest.
2669 silly tarball no local data for rollup@https://registry.npmjs.org/rollup/-/rollup-4.63.4.tgz. Extracting by manifest.
2670 silly tarball no local data for stringify-object@https://registry.npmjs.org/stringify-object/-/stringify-object-3.3.0.tgz. Extracting by manifest.
2671 silly tarball no local data for glob@https://registry.npmjs.org/glob/-/glob-11.1.0.tgz. Extracting by manifest.
2672 silly tarball no local data for source-map@https://registry.npmjs.org/source-map/-/source-map-0.8.0.tgz. Extracting by manifest.
2673 silly tarball no local data for fast-json-stable-stringify@https://registry.npmjs.org/fast-json-stable-stringify/-/fast-json-stable-stringify-2.1.0.tgz. Extracting by manifest.
2674 silly tarball no local data for @rollup/plugin-terser@https://registry.npmjs.org/@rollup/plugin-terser/-/plugin-terser-1.0.0.tgz. Extracting by manifest.
2675 silly tarball no local data for @rollup/plugin-replace@https://registry.npmjs.org/@rollup/plugin-replace/-/plugin-replace-6.0.3.tgz. Extracting by manifest.
2676 silly tarball no local data for @rollup/plugin-node-resolve@https://registry.npmjs.org/@rollup/plugin-node-resolve/-/plugin-node-resolve-16.0.3.tgz. Extracting by manifest.
2677 silly tarball no local data for eta@https://registry.npmjs.org/eta/-/eta-4.6.0.tgz. Extracting by manifest.
2678 silly tarball no local data for @trickfilm400/rollup-plugin-off-main-thread@https://registry.npmjs.org/@trickfilm400/rollup-plugin-off-main-thread/-/rollup-plugin-off-main-thread-3.0.0-pre1.tgz. Extracting by manifest.
2679 silly tarball no local data for @rollup/plugin-babel@https://registry.npmjs.org/@rollup/plugin-babel/-/plugin-babel-6.1.0.tgz. Extracting by manifest.
2680 silly tarball no local data for common-tags@https://registry.npmjs.org/common-tags/-/common-tags-1.8.2.tgz. Extracting by manifest.
2681 silly tarball no local data for ajv@https://registry.npmjs.org/ajv/-/ajv-8.20.0.tgz. Extracting by manifest.
2682 silly tarball no local data for @babel/runtime@https://registry.npmjs.org/@babel/runtime/-/runtime-7.29.7.tgz. Extracting by manifest.
2683 silly tarball no local data for @apideck/better-ajv-errors@https://registry.npmjs.org/@apideck/better-ajv-errors/-/better-ajv-errors-0.3.7.tgz. Extracting by manifest.
2684 silly tarball no local data for @babel/preset-env@https://registry.npmjs.org/@babel/preset-env/-/preset-env-7.29.7.tgz. Extracting by manifest.
2685 silly tarball no local data for @babel/core@https://registry.npmjs.org/@babel/core/-/core-7.29.7.tgz. Extracting by manifest.
2686 silly tarball no local data for workbox-build@https://registry.npmjs.org/workbox-build/-/workbox-build-7.4.1.tgz. Extracting by manifest.
2687 silly tarball no local data for workbox-window@https://registry.npmjs.org/workbox-window/-/workbox-window-7.4.1.tgz. Extracting by manifest.
2688 silly tarball no local data for balanced-match@https://registry.npmjs.org/balanced-match/-/balanced-match-1.0.2.tgz. Extracting by manifest.
2689 silly tarball no local data for brace-expansion@https://registry.npmjs.org/brace-expansion/-/brace-expansion-2.1.7.tgz. Extracting by manifest.
2690 silly tarball no local data for source-map@https://registry.npmjs.org/source-map/-/source-map-0.6.1.tgz. Extracting by manifest.
2691 silly tarball no local data for pretty-bytes@https://registry.npmjs.org/pretty-bytes/-/pretty-bytes-6.1.1.tgz. Extracting by manifest.
2692 silly tarball no local data for minimatch@https://registry.npmjs.org/minimatch/-/minimatch-5.1.9.tgz. Extracting by manifest.
2693 silly tarball no local data for pretty-bytes@https://registry.npmjs.org/pretty-bytes/-/pretty-bytes-5.6.0.tgz. Extracting by manifest.
2694 silly tarball no local data for @babel/plugin-transform-shorthand-properties@https://registry.npmjs.org/@babel/plugin-transform-shorthand-properties/-/plugin-transform-shorthand-properties-7.29.7.tgz. Extracting by manifest.
2695 silly tarball no local data for vite-plugin-pwa@https://registry.npmjs.org/vite-plugin-pwa/-/vite-plugin-pwa-1.3.0.tgz. Extracting by manifest.
2696 http fetch POST 200 https://registry.npmjs.org/-/npm/v1/security/advisories/bulk 1281ms
2697 silly audit report {}
2698 http fetch GET 200 https://registry.npmjs.org/is-weakset/-/is-weakset-2.0.4.tgz 1304ms (cache miss)
2699 http fetch GET 200 https://registry.npmjs.org/async-function/-/async-function-1.0.0.tgz 1299ms (cache miss)
2700 http fetch GET 200 https://registry.npmjs.org/is-async-function/-/is-async-function-2.1.1.tgz 1295ms (cache miss)
2701 http fetch GET 200 https://registry.npmjs.org/is-finalizationregistry/-/is-finalizationregistry-1.1.1.tgz 1322ms (cache miss)
2702 http fetch GET 200 https://registry.npmjs.org/is-weakmap/-/is-weakmap-2.0.2.tgz 1338ms (cache miss)
2703 http fetch GET 200 https://registry.npmjs.org/which-collection/-/which-collection-1.0.2.tgz 1327ms (cache miss)
2704 http fetch GET 200 https://registry.npmjs.org/is-map/-/is-map-2.0.3.tgz 1351ms (cache miss)
2705 http fetch GET 200 https://registry.npmjs.org/@types/trusted-types/-/trusted-types-2.0.7.tgz 1359ms (cache miss)
2706 http fetch GET 200 https://registry.npmjs.org/is-number-object/-/is-number-object-1.1.1.tgz 1341ms (cache miss)
2707 http fetch GET 200 https://registry.npmjs.org/is-boolean-object/-/is-boolean-object-1.2.2.tgz 1340ms (cache miss)
2708 http fetch GET 200 https://registry.npmjs.org/generator-function/-/generator-function-2.0.1.tgz 1354ms (cache miss)
2709 http fetch GET 200 https://registry.npmjs.org/crypto-random-string/-/crypto-random-string-2.0.0.tgz 1339ms (cache miss)
2710 http fetch GET 200 https://registry.npmjs.org/is-bigint/-/is-bigint-1.1.0.tgz 1363ms (cache miss)
2711 http fetch GET 200 https://registry.npmjs.org/which-builtin-type/-/which-builtin-type-1.2.1.tgz 1352ms (cache miss)
2712 http fetch GET 200 https://registry.npmjs.org/unicode-property-aliases-ecmascript/-/unicode-property-aliases-ecmascript-2.2.0.tgz 1362ms (cache miss)
2713 http fetch GET 200 https://registry.npmjs.org/unicode-canonical-property-names-ecmascript/-/unicode-canonical-property-names-ecmascript-2.0.1.tgz 1369ms (cache miss)
2714 http fetch GET 200 https://registry.npmjs.org/for-each/-/for-each-0.3.5.tgz 1364ms (cache miss)
2715 http fetch GET 200 https://registry.npmjs.org/which-boxed-primitive/-/which-boxed-primitive-1.1.1.tgz 1369ms (cache miss)
2716 http fetch GET 200 https://registry.npmjs.org/has-bigints/-/has-bigints-1.1.0.tgz 1367ms (cache miss)
2717 http fetch GET 200 https://registry.npmjs.org/reflect.getprototypeof/-/reflect.getprototypeof-1.0.10.tgz 1365ms (cache miss)
2718 http fetch GET 200 https://registry.npmjs.org/unique-string/-/unique-string-2.0.0.tgz 1372ms (cache miss)
2719 http fetch GET 200 https://registry.npmjs.org/buffer-from/-/buffer-from-1.1.2.tgz 1389ms (cache miss)
2720 http fetch GET 200 https://registry.npmjs.org/temp-dir/-/temp-dir-2.0.0.tgz 1383ms (cache miss)
2721 http fetch GET 200 https://registry.npmjs.org/get-own-enumerable-property-symbols/-/get-own-enumerable-property-symbols-3.0.2.tgz 1384ms (cache miss)
2722 http fetch GET 200 https://registry.npmjs.org/is-stream/-/is-stream-2.0.1.tgz 1391ms (cache miss)
2723 http fetch GET 200 https://registry.npmjs.org/side-channel-list/-/side-channel-list-1.0.1.tgz 1384ms (cache miss)
2724 http fetch GET 200 https://registry.npmjs.org/is-document.all/-/is-document.all-1.0.0.tgz 1374ms (cache miss)
2725 http fetch GET 200 https://registry.npmjs.org/@jridgewell/source-map/-/source-map-0.3.11.tgz 1413ms (cache miss)
2726 http fetch GET 200 https://registry.npmjs.org/is-regexp/-/is-regexp-1.0.0.tgz 1401ms (cache miss)
2727 http fetch GET 200 https://registry.npmjs.org/functions-have-names/-/functions-have-names-1.2.3.tgz 1386ms (cache miss)
2728 http fetch GET 200 https://registry.npmjs.org/dunder-proto/-/dunder-proto-1.0.1.tgz 1414ms (cache miss)
2729 http fetch GET 200 https://registry.npmjs.org/is-obj/-/is-obj-1.0.1.tgz 1428ms (cache miss)
2730 http fetch GET 200 https://registry.npmjs.org/side-channel-map/-/side-channel-map-1.0.1.tgz 1422ms (cache miss)
2731 http fetch GET 200 https://registry.npmjs.org/side-channel-weakmap/-/side-channel-weakmap-1.0.2.tgz 1428ms (cache miss)
2732 http fetch GET 200 https://registry.npmjs.org/es-abstract-get/-/es-abstract-get-1.0.0.tgz 1409ms (cache miss)
2733 http fetch GET 200 https://registry.npmjs.org/has-tostringtag/-/has-tostringtag-1.0.2.tgz 1409ms (cache miss)
2734 http fetch GET 200 https://registry.npmjs.org/possible-typed-array-names/-/possible-typed-array-names-1.1.0.tgz 1457ms (cache miss)
2735 http fetch GET 200 https://registry.npmjs.org/unbox-primitive/-/unbox-primitive-1.1.0.tgz 1454ms (cache miss)
2736 http fetch GET 200 https://registry.npmjs.org/typed-array-byte-offset/-/typed-array-byte-offset-1.0.5.tgz 1455ms (cache miss)
2737 http fetch GET 200 https://registry.npmjs.org/typed-array-byte-length/-/typed-array-byte-length-1.0.3.tgz 1452ms (cache miss)
2738 http fetch GET 200 https://registry.npmjs.org/string.prototype.trimend/-/string.prototype.trimend-1.0.10.tgz 1458ms (cache miss)
2739 http fetch GET 200 https://registry.npmjs.org/typed-array-buffer/-/typed-array-buffer-1.0.3.tgz 1486ms (cache miss)
2740 http fetch GET 200 https://registry.npmjs.org/isarray/-/isarray-2.0.5.tgz 1501ms (cache miss)
2741 http fetch GET 200 https://registry.npmjs.org/stop-iteration-iterator/-/stop-iteration-iterator-1.1.0.tgz 1524ms (cache miss)
2742 http fetch GET 200 https://registry.npmjs.org/safe-regex-test/-/safe-regex-test-1.1.0.tgz 1521ms (cache miss)
2743 http fetch GET 200 https://registry.npmjs.org/string.prototype.trimstart/-/string.prototype.trimstart-1.0.8.tgz 1529ms (cache miss)
2744 http fetch GET 200 https://registry.npmjs.org/string.prototype.trim/-/string.prototype.trim-1.2.11.tgz 1528ms (cache miss)
2745 http fetch GET 200 https://registry.npmjs.org/safe-push-apply/-/safe-push-apply-1.0.0.tgz 1522ms (cache miss)
2746 http fetch GET 200 https://registry.npmjs.org/set-proto/-/set-proto-1.0.0.tgz 1553ms (cache miss)
2747 http fetch GET 200 https://registry.npmjs.org/math-intrinsics/-/math-intrinsics-1.1.0.tgz 1539ms (cache miss)
2748 http fetch GET 200 https://registry.npmjs.org/is-typed-array/-/is-typed-array-1.1.15.tgz 1573ms (cache miss)
2749 http fetch GET 200 https://registry.npmjs.org/is-string/-/is-string-1.1.1.tgz 1576ms (cache miss)
2750 http fetch GET 200 https://registry.npmjs.org/commander/-/commander-2.20.3.tgz 1655ms (cache miss)
2751 http fetch GET 200 https://registry.npmjs.org/is-weakref/-/is-weakref-1.1.1.tgz 1639ms (cache miss)
2752 http fetch GET 200 https://registry.npmjs.org/own-keys/-/own-keys-1.0.2.tgz 1686ms (cache miss)
2753 http fetch GET 200 https://registry.npmjs.org/source-map-support/-/source-map-support-0.5.21.tgz 1850ms (cache miss)
2754 http fetch GET 200 https://registry.npmjs.org/is-data-view/-/is-data-view-1.0.2.tgz 1792ms (cache miss)
2755 http fetch GET 200 https://registry.npmjs.org/is-set/-/is-set-2.0.3.tgz 1790ms (cache miss)
2756 http fetch GET 200 https://registry.npmjs.org/is-shared-array-buffer/-/is-shared-array-buffer-1.0.4.tgz 1796ms (cache miss)
2757 http fetch GET 200 https://registry.npmjs.org/is-negative-zero/-/is-negative-zero-2.0.3.tgz 1815ms (cache miss)
2758 http fetch GET 200 https://registry.npmjs.org/get-symbol-description/-/get-symbol-description-1.1.0.tgz 1809ms (cache miss)
2759 http fetch GET 200 https://registry.npmjs.org/get-proto/-/get-proto-1.0.1.tgz 1805ms (cache miss)
2760 http fetch GET 200 https://registry.npmjs.org/globalthis/-/globalthis-1.0.4.tgz 1808ms (cache miss)
2761 http fetch GET 200 https://registry.npmjs.org/has-proto/-/has-proto-1.2.0.tgz 1814ms (cache miss)
2762 http fetch GET 200 https://registry.npmjs.org/es-to-primitive/-/es-to-primitive-1.3.4.tgz 1805ms (cache miss)
2763 http fetch GET 200 https://registry.npmjs.org/es-set-tostringtag/-/es-set-tostringtag-2.1.0.tgz 1799ms (cache miss)
2764 http fetch GET 200 https://registry.npmjs.org/is-array-buffer/-/is-array-buffer-3.0.5.tgz 1829ms (cache miss)
2765 http fetch GET 200 https://registry.npmjs.org/function.prototype.name/-/function.prototype.name-1.2.0.tgz 1829ms (cache miss)
2766 http fetch GET 200 https://registry.npmjs.org/data-view-byte-offset/-/data-view-byte-offset-1.0.1.tgz 1819ms (cache miss)
2767 http fetch GET 200 https://registry.npmjs.org/arraybuffer.prototype.slice/-/arraybuffer.prototype.slice-1.0.4.tgz 1828ms (cache miss)
2768 http fetch GET 200 https://registry.npmjs.org/data-view-buffer/-/data-view-buffer-1.0.2.tgz 1834ms (cache miss)
2769 http fetch GET 200 https://registry.npmjs.org/available-typed-arrays/-/available-typed-arrays-1.0.7.tgz 1833ms (cache miss)
2770 http fetch GET 200 https://registry.npmjs.org/array-buffer-byte-length/-/array-buffer-byte-length-1.0.2.tgz 1833ms (cache miss)
2771 http fetch GET 200 https://registry.npmjs.org/set-function-length/-/set-function-length-1.2.2.tgz 1838ms (cache miss)
2772 http fetch GET 200 https://registry.npmjs.org/object-keys/-/object-keys-1.1.1.tgz 1843ms (cache miss)
2773 http fetch GET 200 https://registry.npmjs.org/has-property-descriptors/-/has-property-descriptors-1.0.2.tgz 1838ms (cache miss)
2774 http fetch GET 200 https://registry.npmjs.org/define-data-property/-/define-data-property-1.1.4.tgz 1844ms (cache miss)
2775 http fetch GET 200 https://registry.npmjs.org/es-define-property/-/es-define-property-1.0.1.tgz 1842ms (cache miss)
2776 http fetch GET 200 https://registry.npmjs.org/set-function-name/-/set-function-name-2.0.2.tgz 1839ms (cache miss)
2777 http fetch GET 200 https://registry.npmjs.org/has-symbols/-/has-symbols-1.1.0.tgz 1834ms (cache miss)
2778 http fetch GET 200 https://registry.npmjs.org/side-channel/-/side-channel-1.1.1.tgz 1840ms (cache miss)
2779 http fetch GET 200 https://registry.npmjs.org/gopd/-/gopd-1.2.0.tgz 1845ms (cache miss)
2780 http fetch GET 200 https://registry.npmjs.org/call-bind-apply-helpers/-/call-bind-apply-helpers-1.0.2.tgz 1855ms (cache miss)
2781 http fetch GET 200 https://registry.npmjs.org/call-bind/-/call-bind-1.0.9.tgz 1847ms (cache miss)
2782 http fetch GET 200 https://registry.npmjs.org/function-bind/-/function-bind-1.1.2.tgz 1845ms (cache miss)
2783 http fetch GET 200 https://registry.npmjs.org/call-bound/-/call-bound-1.0.4.tgz 1849ms (cache miss)
2784 http fetch GET 200 https://registry.npmjs.org/define-properties/-/define-properties-1.2.1.tgz 1857ms (cache miss)
2785 http fetch GET 200 https://registry.npmjs.org/es-object-atoms/-/es-object-atoms-1.1.2.tgz 1915ms (cache miss)
2786 http fetch GET 200 https://registry.npmjs.org/hasown/-/hasown-2.0.4.tgz 1899ms (cache miss)
2787 http fetch GET 200 https://registry.npmjs.org/supports-preserve-symlinks-flag/-/supports-preserve-symlinks-flag-1.0.0.tgz 1898ms (cache miss)
2788 http fetch GET 200 https://registry.npmjs.org/is-core-module/-/is-core-module-2.17.0.tgz 1897ms (cache miss)
2789 http fetch GET 200 https://registry.npmjs.org/regenerate/-/regenerate-1.4.2.tgz 1896ms (cache miss)
2790 http fetch GET 200 https://registry.npmjs.org/unicode-match-property-ecmascript/-/unicode-match-property-ecmascript-2.0.0.tgz 1900ms (cache miss)
2791 http fetch GET 200 https://registry.npmjs.org/regjsgen/-/regjsgen-0.8.0.tgz 1899ms (cache miss)
2792 http fetch GET 200 https://registry.npmjs.org/path-parse/-/path-parse-1.0.7.tgz 1925ms (cache miss)
2793 http fetch GET 200 https://registry.npmjs.org/es-errors/-/es-errors-1.3.0.tgz 1938ms (cache miss)
2794 http fetch GET 200 https://registry.npmjs.org/yallist/-/yallist-3.1.1.tgz 1939ms (cache miss)
2795 http fetch GET 200 https://registry.npmjs.org/filelist/-/filelist-1.0.6.tgz 1945ms (cache miss)
2796 http fetch GET 200 https://registry.npmjs.org/unicode-match-property-value-ecmascript/-/unicode-match-property-value-ecmascript-2.2.1.tgz 1964ms (cache miss)
2797 http fetch GET 200 https://registry.npmjs.org/signal-exit/-/signal-exit-4.1.0.tgz 1948ms (cache miss)
2798 http fetch GET 200 https://registry.npmjs.org/which-typed-array/-/which-typed-array-1.1.24.tgz 2092ms (cache miss)
2799 http fetch GET 200 https://registry.npmjs.org/typed-array-length/-/typed-array-length-1.0.8.tgz 2099ms (cache miss)
2800 http fetch GET 200 https://registry.npmjs.org/is-generator-function/-/is-generator-function-1.1.2.tgz 2191ms (cache miss)
2801 http fetch GET 200 https://registry.npmjs.org/is-date-object/-/is-date-object-1.1.0.tgz 2132ms (cache miss)
2802 http fetch GET 200 https://registry.npmjs.org/foreground-child/-/foreground-child-3.3.1.tgz 1985ms (cache miss)
2803 http fetch GET 200 https://registry.npmjs.org/is-symbol/-/is-symbol-1.1.1.tgz 2141ms (cache miss)
2804 http fetch GET 200 https://registry.npmjs.org/safe-array-concat/-/safe-array-concat-1.1.4.tgz 2112ms (cache miss)
2805 http fetch GET 200 https://registry.npmjs.org/regjsparser/-/regjsparser-0.13.3.tgz 2016ms (cache miss)
2806 http fetch GET 200 https://registry.npmjs.org/json-schema-traverse/-/json-schema-traverse-1.0.0.tgz 2003ms (cache miss)
2807 http fetch GET 200 https://registry.npmjs.org/is-callable/-/is-callable-1.2.7.tgz 2119ms (cache miss)
2808 http fetch GET 200 https://registry.npmjs.org/is-regex/-/is-regex-1.2.1.tgz 2132ms (cache miss)
2809 http fetch GET 200 https://registry.npmjs.org/data-view-byte-length/-/data-view-byte-length-1.0.2.tgz 2122ms (cache miss)
2810 http fetch GET 200 https://registry.npmjs.org/get-intrinsic/-/get-intrinsic-1.3.0.tgz 2090ms (cache miss)
2811 http fetch GET 200 https://registry.npmjs.org/acorn/-/acorn-8.18.0.tgz 2324ms (cache miss)
2812 http fetch GET 200 https://registry.npmjs.org/regexp.prototype.flags/-/regexp.prototype.flags-1.5.4.tgz 2237ms (cache miss)
2813 http fetch GET 200 https://registry.npmjs.org/@types/estree/-/estree-1.0.9.tgz 2169ms (cache miss)
2814 http fetch GET 200 https://registry.npmjs.org/object.assign/-/object.assign-4.1.7.tgz 2310ms (cache miss)
2815 http fetch GET 200 https://registry.npmjs.org/idb/-/idb-7.1.1.tgz 2426ms (cache miss)
2816 http fetch GET 200 https://registry.npmjs.org/fast-deep-equal/-/fast-deep-equal-3.1.3.tgz 2202ms (cache miss)
2817 http fetch GET 200 https://registry.npmjs.org/ejs/-/ejs-3.1.10.tgz 2205ms (cache miss)
2818 http fetch GET 200 https://registry.npmjs.org/string.prototype.matchall/-/string.prototype.matchall-4.1.0.tgz 2213ms (cache miss)
2819 http fetch GET 200 https://registry.npmjs.org/smob/-/smob-1.6.2.tgz 2220ms (cache miss)
2820 http fetch GET 200 https://registry.npmjs.org/serialize-javascript/-/serialize-javascript-7.1.1.tgz 2278ms (cache miss)
2821 http fetch GET 200 https://registry.npmjs.org/is-module/-/is-module-1.0.0.tgz 2282ms (cache miss)
2822 http fetch GET 200 https://registry.npmjs.org/estree-walker/-/estree-walker-2.0.2.tgz 2301ms (cache miss)
2823 http fetch GET 200 https://registry.npmjs.org/type-fest/-/type-fest-0.16.0.tgz 2499ms (cache miss)
2824 http fetch GET 200 https://registry.npmjs.org/@babel/helper-define-polyfill-provider/-/helper-define-polyfill-provider-0.6.8.tgz 2351ms (cache miss)
2825 http fetch GET 200 https://registry.npmjs.org/deepmerge/-/deepmerge-4.3.1.tgz 2321ms (cache miss)
2826 http fetch GET 200 https://registry.npmjs.org/object-inspect/-/object-inspect-1.13.4.tgz 2473ms (cache miss)
2827 http fetch GET 200 https://registry.npmjs.org/jackspeak/-/jackspeak-4.2.3.tgz 2374ms (cache miss)
2828 http fetch GET 200 https://registry.npmjs.org/@types/resolve/-/resolve-1.20.2.tgz 2360ms (cache miss)
2829 http fetch GET 200 https://registry.npmjs.org/@rollup/pluginutils/-/pluginutils-5.4.0.tgz 2358ms (cache miss)
2830 http fetch GET 200 https://registry.npmjs.org/magic-string/-/magic-string-0.30.21.tgz 2389ms (cache miss)
2831 http fetch GET 200 https://registry.npmjs.org/fast-uri/-/fast-uri-3.1.8.tgz 2470ms (cache miss)
2832 http fetch GET 200 https://registry.npmjs.org/@babel/helper-string-parser/-/helper-string-parser-7.29.7.tgz 2479ms (cache miss)
2833 http fetch GET 200 https://registry.npmjs.org/@babel/helper-globals/-/helper-globals-7.29.7.tgz 2479ms (cache miss)
2834 http fetch GET 200 https://registry.npmjs.org/@babel/helper-optimise-call-expression/-/helper-optimise-call-expression-7.29.7.tgz 2487ms (cache miss)
2835 http fetch GET 200 https://registry.npmjs.org/@babel/helper-replace-supers/-/helper-replace-supers-7.29.7.tgz 2491ms (cache miss)
2836 http fetch GET 200 https://registry.npmjs.org/jake/-/jake-10.9.4.tgz 2534ms (cache miss)
2837 http fetch GET 200 https://registry.npmjs.org/@babel/helper-member-expression-to-functions/-/helper-member-expression-to-functions-7.29.7.tgz 2490ms (cache miss)
2838 http fetch GET 200 https://registry.npmjs.org/@babel/helper-wrap-function/-/helper-wrap-function-7.29.7.tgz 2489ms (cache miss)
2839 http fetch GET 200 https://registry.npmjs.org/@jridgewell/resolve-uri/-/resolve-uri-3.1.2.tgz 2531ms (cache miss)
2840 http fetch GET 200 https://registry.npmjs.org/@jridgewell/sourcemap-codec/-/sourcemap-codec-1.6.0.tgz 2550ms (cache miss)
2841 http fetch GET 200 https://registry.npmjs.org/@babel/helper-annotate-as-pure/-/helper-annotate-as-pure-7.29.7.tgz 2576ms (cache miss)
2842 http fetch GET 200 https://registry.npmjs.org/@babel/helper-remap-async-to-generator/-/helper-remap-async-to-generator-7.29.7.tgz 2582ms (cache miss)
2843 http fetch GET 200 https://registry.npmjs.org/@babel/helper-create-class-features-plugin/-/helper-create-class-features-plugin-7.29.7.tgz 2616ms (cache miss)
2844 http fetch GET 200 https://registry.npmjs.org/regexpu-core/-/regexpu-core-6.4.0.tgz 2615ms (cache miss)
2845 http fetch GET 200 https://registry.npmjs.org/@babel/helper-skip-transparent-expression-wrappers/-/helper-skip-transparent-expression-wrappers-7.29.7.tgz 2663ms (cache miss)
2846 http fetch GET 200 https://registry.npmjs.org/babel-plugin-polyfill-regenerator/-/babel-plugin-polyfill-regenerator-0.6.8.tgz 2663ms (cache miss)
2847 http fetch GET 200 https://registry.npmjs.org/@babel/helper-create-regexp-features-plugin/-/helper-create-regexp-features-plugin-7.29.7.tgz 2673ms (cache miss)
2848 http fetch GET 200 https://registry.npmjs.org/esutils/-/esutils-2.0.3.tgz 2687ms (cache miss)
2849 http fetch GET 200 https://registry.npmjs.org/@babel/preset-modules/-/preset-modules-0.1.6-no-external-plugins.tgz 2707ms (cache miss)
2850 http fetch GET 200 https://registry.npmjs.org/babel-plugin-polyfill-corejs2/-/babel-plugin-polyfill-corejs2-0.4.17.tgz 2744ms (cache miss)
2851 http fetch GET 200 https://registry.npmjs.org/babel-plugin-polyfill-corejs3/-/babel-plugin-polyfill-corejs3-0.14.2.tgz 2779ms (cache miss)
2852 http fetch GET 200 https://registry.npmjs.org/terser/-/terser-5.51.2.tgz 2840ms (cache miss)
2853 http fetch GET 200 https://registry.npmjs.org/async/-/async-3.2.6.tgz 2895ms (cache miss)
2854 http fetch GET 200 https://registry.npmjs.org/@babel/plugin-transform-unicode-sets-regex/-/plugin-transform-unicode-sets-regex-7.29.7.tgz 2810ms (cache miss)
2855 http fetch GET 200 https://registry.npmjs.org/lodash.debounce/-/lodash.debounce-4.0.8.tgz 2829ms (cache miss)
2856 http fetch GET 200 https://registry.npmjs.org/@babel/plugin-transform-unicode-regex/-/plugin-transform-unicode-regex-7.29.7.tgz 2830ms (cache miss)
2857 http fetch GET 200 https://registry.npmjs.org/require-from-string/-/require-from-string-2.0.2.tgz 2849ms (cache miss)
2858 http fetch GET 200 https://registry.npmjs.org/@isaacs/cliui/-/cliui-9.0.0.tgz 2951ms (cache miss)
2859 http fetch GET 200 https://registry.npmjs.org/core-js-compat/-/core-js-compat-3.50.0.tgz 2893ms (cache miss)
2860 http fetch GET 200 https://registry.npmjs.org/internal-slot/-/internal-slot-1.1.0.tgz 2890ms (cache miss)
2861 http fetch GET 200 https://registry.npmjs.org/@babel/plugin-transform-unicode-escapes/-/plugin-transform-unicode-escapes-7.29.7.tgz 2892ms (cache miss)
2862 http fetch GET 200 https://registry.npmjs.org/@babel/plugin-transform-unicode-property-regex/-/plugin-transform-unicode-property-regex-7.29.7.tgz 2896ms (cache miss)
2863 http fetch GET 200 https://registry.npmjs.org/@babel/plugin-transform-typeof-symbol/-/plugin-transform-typeof-symbol-7.29.7.tgz 2884ms (cache miss)
2864 http fetch GET 200 https://registry.npmjs.org/resolve/-/resolve-1.22.12.tgz 3004ms (cache miss)
2865 http fetch GET 200 https://registry.npmjs.org/@rollup/rollup-win32-x64-msvc/-/rollup-win32-x64-msvc-4.63.4.tgz 3077ms (cache miss)
2866 http fetch GET 200 https://registry.npmjs.org/@babel/plugin-transform-regexp-modifiers/-/plugin-transform-regexp-modifiers-7.29.7.tgz 2962ms (cache miss)
2867 http fetch GET 200 https://registry.npmjs.org/@babel/plugin-transform-sticky-regex/-/plugin-transform-sticky-regex-7.29.7.tgz 2965ms (cache miss)
2868 http fetch GET 200 https://registry.npmjs.org/@babel/plugin-transform-spread/-/plugin-transform-spread-7.29.8.tgz 2968ms (cache miss)
2869 http fetch GET 200 https://registry.npmjs.org/@babel/plugin-transform-private-property-in-object/-/plugin-transform-private-property-in-object-7.29.7.tgz 2997ms (cache miss)
2870 http fetch GET 200 https://registry.npmjs.org/@babel/plugin-transform-reserved-words/-/plugin-transform-reserved-words-7.29.7.tgz 3000ms (cache miss)
2871 http fetch GET 200 https://registry.npmjs.org/@babel/plugin-transform-property-literals/-/plugin-transform-property-literals-7.29.7.tgz 2999ms (cache miss)
2872 http fetch GET 200 https://registry.npmjs.org/@babel/plugin-transform-private-methods/-/plugin-transform-private-methods-7.29.7.tgz 3010ms (cache miss)
2873 http fetch GET 200 https://registry.npmjs.org/@babel/plugin-transform-optional-chaining/-/plugin-transform-optional-chaining-7.29.7.tgz 3024ms (cache miss)
2874 http fetch GET 200 https://registry.npmjs.org/@babel/plugin-transform-optional-catch-binding/-/plugin-transform-optional-catch-binding-7.29.7.tgz 3053ms (cache miss)
2875 http fetch GET 200 https://registry.npmjs.org/@babel/plugin-transform-object-super/-/plugin-transform-object-super-7.29.7.tgz 3052ms (cache miss)
2876 http fetch GET 200 https://registry.npmjs.org/@babel/plugin-transform-numeric-separator/-/plugin-transform-numeric-separator-7.29.7.tgz 3073ms (cache miss)
2877 http fetch GET 200 https://registry.npmjs.org/@babel/plugin-transform-nullish-coalescing-operator/-/plugin-transform-nullish-coalescing-operator-7.29.7.tgz 3078ms (cache miss)
2878 http fetch GET 200 https://registry.npmjs.org/@babel/plugin-transform-modules-umd/-/plugin-transform-modules-umd-7.29.7.tgz 3078ms (cache miss)
2879 http fetch GET 200 https://registry.npmjs.org/@babel/plugin-transform-new-target/-/plugin-transform-new-target-7.29.7.tgz 3081ms (cache miss)
2880 http fetch GET 200 https://registry.npmjs.org/@babel/plugin-transform-named-capturing-groups-regex/-/plugin-transform-named-capturing-groups-regex-7.29.7.tgz 3080ms (cache miss)
2881 http fetch GET 200 https://registry.npmjs.org/@babel/plugin-transform-member-expression-literals/-/plugin-transform-member-expression-literals-7.29.7.tgz 3096ms (cache miss)
2882 http fetch GET 200 https://registry.npmjs.org/@babel/plugin-transform-object-rest-spread/-/plugin-transform-object-rest-spread-7.29.7.tgz 3110ms (cache miss)
2883 http fetch GET 200 https://registry.npmjs.org/@babel/plugin-transform-logical-assignment-operators/-/plugin-transform-logical-assignment-operators-7.29.7.tgz 3106ms (cache miss)
2884 http fetch GET 200 https://registry.npmjs.org/@babel/plugin-transform-modules-amd/-/plugin-transform-modules-amd-7.29.7.tgz 3162ms (cache miss)
2885 http fetch GET 200 https://registry.npmjs.org/@babel/plugin-transform-modules-systemjs/-/plugin-transform-modules-systemjs-7.29.8.tgz 3215ms (cache miss)
2886 http fetch GET 200 https://registry.npmjs.org/@babel/plugin-transform-exponentiation-operator/-/plugin-transform-exponentiation-operator-7.29.7.tgz 3211ms (cache miss)
2887 http fetch GET 200 https://registry.npmjs.org/@babel/plugin-transform-function-name/-/plugin-transform-function-name-7.29.7.tgz 3217ms (cache miss)
2888 http fetch GET 200 https://registry.npmjs.org/@babel/plugin-transform-literals/-/plugin-transform-literals-7.29.7.tgz 3220ms (cache miss)
2889 http fetch GET 200 https://registry.npmjs.org/@babel/plugin-transform-json-strings/-/plugin-transform-json-strings-7.29.7.tgz 3218ms (cache miss)
2890 http fetch GET 200 https://registry.npmjs.org/@babel/plugin-transform-template-literals/-/plugin-transform-template-literals-7.29.7.tgz 3226ms (cache miss)
2891 http fetch GET 200 https://registry.npmjs.org/@babel/plugin-transform-duplicate-keys/-/plugin-transform-duplicate-keys-7.29.7.tgz 3220ms (cache miss)
2892 http fetch GET 200 https://registry.npmjs.org/@babel/plugin-transform-export-namespace-from/-/plugin-transform-export-namespace-from-7.29.7.tgz 3225ms (cache miss)
2893 http fetch GET 200 https://registry.npmjs.org/@babel/plugin-transform-explicit-resource-management/-/plugin-transform-explicit-resource-management-7.29.7.tgz 3224ms (cache miss)
2894 http fetch GET 200 https://registry.npmjs.org/@babel/plugin-transform-duplicate-named-capturing-groups-regex/-/plugin-transform-duplicate-named-capturing-groups-regex-7.29.7.tgz 3231ms (cache miss)
2895 http fetch GET 200 https://registry.npmjs.org/@babel/plugin-transform-dynamic-import/-/plugin-transform-dynamic-import-7.29.7.tgz 3229ms (cache miss)
2896 http fetch GET 200 https://registry.npmjs.org/@babel/plugin-transform-dotall-regex/-/plugin-transform-dotall-regex-7.29.7.tgz 3229ms (cache miss)
2897 http fetch GET 200 https://registry.npmjs.org/@babel/plugin-transform-computed-properties/-/plugin-transform-computed-properties-7.29.7.tgz 3238ms (cache miss)
2898 http fetch GET 200 https://registry.npmjs.org/@babel/plugin-transform-class-static-block/-/plugin-transform-class-static-block-7.29.7.tgz 3285ms (cache miss)
2899 http fetch GET 200 https://registry.npmjs.org/@babel/plugin-transform-class-properties/-/plugin-transform-class-properties-7.29.7.tgz 3283ms (cache miss)
2900 http fetch GET 200 https://registry.npmjs.org/@babel/plugin-syntax-unicode-sets-regex/-/plugin-syntax-unicode-sets-regex-7.18.6.tgz 3281ms (cache miss)
2901 http fetch GET 200 https://registry.npmjs.org/@babel/plugin-transform-block-scoped-functions/-/plugin-transform-block-scoped-functions-7.29.7.tgz 3283ms (cache miss)
2902 http fetch GET 200 https://registry.npmjs.org/@babel/plugin-transform-async-generator-functions/-/plugin-transform-async-generator-functions-7.29.7.tgz 3282ms (cache miss)
2903 http fetch GET 200 https://registry.npmjs.org/@babel/plugin-transform-arrow-functions/-/plugin-transform-arrow-functions-7.29.7.tgz 3281ms (cache miss)
2904 http fetch GET 200 https://registry.npmjs.org/@babel/plugin-transform-async-to-generator/-/plugin-transform-async-to-generator-7.29.7.tgz 3289ms (cache miss)
2905 http fetch GET 200 https://registry.npmjs.org/@babel/plugin-syntax-import-attributes/-/plugin-syntax-import-attributes-7.29.7.tgz 3311ms (cache miss)
2906 http fetch GET 200 https://registry.npmjs.org/@babel/plugin-proposal-private-property-in-object/-/plugin-proposal-private-property-in-object-7.21.0-placeholder-for-preset-env.2.tgz 3312ms (cache miss)
2907 http fetch GET 200 https://registry.npmjs.org/@babel/plugin-syntax-import-assertions/-/plugin-syntax-import-assertions-7.29.7.tgz 3318ms (cache miss)
2908 http fetch GET 200 https://registry.npmjs.org/@babel/plugin-bugfix-v8-spread-parameters-in-optional-chaining/-/plugin-bugfix-v8-spread-parameters-in-optional-chaining-7.29.7.tgz 3322ms (cache miss)
2909 http fetch GET 200 https://registry.npmjs.org/@babel/plugin-bugfix-safari-rest-destructuring-rhs-array/-/plugin-bugfix-safari-rest-destructuring-rhs-array-7.29.7.tgz 3331ms (cache miss)
2910 http fetch GET 200 https://registry.npmjs.org/@babel/plugin-transform-destructuring/-/plugin-transform-destructuring-7.29.7.tgz 3373ms (cache miss)
2911 http fetch GET 200 https://registry.npmjs.org/@babel/plugin-bugfix-safari-id-destructuring-collision-in-function-expression/-/plugin-bugfix-safari-id-destructuring-collision-in-function-expression-7.29.7.tgz 3347ms (cache miss)
2912 http fetch GET 200 https://registry.npmjs.org/@babel/plugin-bugfix-safari-class-field-initializer-scope/-/plugin-bugfix-safari-class-field-initializer-scope-7.29.7.tgz 3352ms (cache miss)
2913 http fetch GET 200 https://registry.npmjs.org/lru-cache/-/lru-cache-5.1.1.tgz 3357ms (cache miss)
2914 http fetch GET 200 https://registry.npmjs.org/@babel/compat-data/-/compat-data-7.29.7.tgz 3352ms (cache miss)
2915 http fetch GET 200 https://registry.npmjs.org/@babel/helper-validator-option/-/helper-validator-option-7.29.7.tgz 3354ms (cache miss)
2916 http fetch GET 200 https://registry.npmjs.org/@babel/plugin-transform-parameters/-/plugin-transform-parameters-7.29.7.tgz 3455ms (cache miss)
2917 http fetch GET 200 https://registry.npmjs.org/@babel/helper-plugin-utils/-/helper-plugin-utils-7.29.7.tgz 3369ms (cache miss)
2918 http fetch GET 200 https://registry.npmjs.org/js-tokens/-/js-tokens-4.0.0.tgz 3360ms (cache miss)
2919 http fetch GET 200 https://registry.npmjs.org/@babel/plugin-transform-for-of/-/plugin-transform-for-of-7.29.7.tgz 3430ms (cache miss)
2920 http fetch GET 200 https://registry.npmjs.org/@babel/plugin-bugfix-v8-static-class-fields-redefine-readonly/-/plugin-bugfix-v8-static-class-fields-redefine-readonly-7.29.7.tgz 3384ms (cache miss)
2921 http fetch GET 200 https://registry.npmjs.org/@babel/plugin-bugfix-firefox-class-in-computed-class-key/-/plugin-bugfix-firefox-class-in-computed-class-key-7.29.7.tgz 3370ms (cache miss)
2922 http fetch GET 200 https://registry.npmjs.org/gensync/-/gensync-1.0.0-beta.2.tgz 3362ms (cache miss)
2923 http fetch GET 200 https://registry.npmjs.org/convert-source-map/-/convert-source-map-2.0.0.tgz 3363ms (cache miss)
2924 http fetch GET 200 https://registry.npmjs.org/jsesc/-/jsesc-3.1.0.tgz 3390ms (cache miss)
2925 http fetch GET 200 https://registry.npmjs.org/@babel/plugin-transform-modules-commonjs/-/plugin-transform-modules-commonjs-7.29.7.tgz 3475ms (cache miss)
2926 http fetch GET 200 https://registry.npmjs.org/semver/-/semver-6.3.1.tgz 3404ms (cache miss)
2927 http fetch GET 200 https://registry.npmjs.org/@babel/plugin-transform-classes/-/plugin-transform-classes-7.29.7.tgz 3458ms (cache miss)
2928 http fetch GET 200 https://registry.npmjs.org/@babel/helper-validator-identifier/-/helper-validator-identifier-7.29.7.tgz 3433ms (cache miss)
2929 http fetch GET 200 https://registry.npmjs.org/@babel/plugin-transform-block-scoping/-/plugin-transform-block-scoping-7.29.7.tgz 3475ms (cache miss)
2930 http fetch GET 200 https://registry.npmjs.org/@babel/helper-module-imports/-/helper-module-imports-7.29.7.tgz 3451ms (cache miss)
2931 http fetch GET 200 https://registry.npmjs.org/@babel/plugin-transform-regenerator/-/plugin-transform-regenerator-7.29.8.tgz 3551ms (cache miss)
2932 http fetch GET 200 https://registry.npmjs.org/@babel/template/-/template-7.29.7.tgz 3471ms (cache miss)
2933 http fetch GET 200 https://registry.npmjs.org/json5/-/json5-2.2.3.tgz 3486ms (cache miss)
2934 http fetch GET 200 https://registry.npmjs.org/@babel/helper-module-transforms/-/helper-module-transforms-7.29.7.tgz 3480ms (cache miss)
2935 http fetch GET 200 https://registry.npmjs.org/@jridgewell/remapping/-/remapping-2.3.5.tgz 3517ms (cache miss)
2936 http fetch GET 200 https://registry.npmjs.org/@jridgewell/gen-mapping/-/gen-mapping-0.3.13.tgz 3529ms (cache miss)
2937 http fetch GET 200 https://registry.npmjs.org/jsonpointer/-/jsonpointer-5.0.1.tgz 3576ms (cache miss)
2938 http fetch GET 200 https://registry.npmjs.org/workbox-sw/-/workbox-sw-7.4.1.tgz 3573ms (cache miss)
2939 http fetch GET 200 https://registry.npmjs.org/@jridgewell/trace-mapping/-/trace-mapping-0.3.31.tgz 3629ms (cache miss)
2940 http fetch GET 200 https://registry.npmjs.org/leven/-/leven-3.1.0.tgz 3600ms (cache miss)
2941 http fetch GET 200 https://registry.npmjs.org/@rollup/rollup-win32-x64-gnu/-/rollup-win32-x64-gnu-4.63.4.tgz 3894ms (cache miss)
2942 http fetch GET 200 https://registry.npmjs.org/@babel/helper-compilation-targets/-/helper-compilation-targets-7.29.7.tgz 3659ms (cache miss)
2943 http fetch GET 200 https://registry.npmjs.org/@babel/code-frame/-/code-frame-7.29.7.tgz 3729ms (cache miss)
2944 http fetch GET 200 https://registry.npmjs.org/workbox-streams/-/workbox-streams-7.4.1.tgz 3729ms (cache miss)
2945 http fetch GET 200 https://registry.npmjs.org/workbox-recipes/-/workbox-recipes-7.4.1.tgz 3750ms (cache miss)
2946 http fetch GET 200 https://registry.npmjs.org/@babel/traverse/-/traverse-7.29.8.tgz 3788ms (cache miss)
2947 http fetch GET 200 https://registry.npmjs.org/workbox-routing/-/workbox-routing-7.4.1.tgz 3788ms (cache miss)
2948 http fetch GET 200 https://registry.npmjs.org/workbox-strategies/-/workbox-strategies-7.4.1.tgz 3805ms (cache miss)
2949 http fetch GET 200 https://registry.npmjs.org/@babel/generator/-/generator-7.29.8.tgz 3823ms (cache miss)
2950 http fetch GET 200 https://registry.npmjs.org/workbox-google-analytics/-/workbox-google-analytics-7.4.1.tgz 3867ms (cache miss)
2951 http fetch GET 200 https://registry.npmjs.org/workbox-expiration/-/workbox-expiration-7.4.1.tgz 3917ms (cache miss)
2952 http fetch GET 200 https://registry.npmjs.org/workbox-range-requests/-/workbox-range-requests-7.4.1.tgz 3952ms (cache miss)
2953 http fetch GET 200 https://registry.npmjs.org/workbox-navigation-preload/-/workbox-navigation-preload-7.4.1.tgz 4061ms (cache miss)
2954 http fetch GET 200 https://registry.npmjs.org/tempy/-/tempy-0.6.0.tgz 4130ms (cache miss)
2955 http fetch GET 200 https://registry.npmjs.org/workbox-broadcast-update/-/workbox-broadcast-update-7.4.1.tgz 4142ms (cache miss)
2956 http fetch GET 200 https://registry.npmjs.org/upath/-/upath-1.2.0.tgz 4138ms (cache miss)
2957 http fetch GET 200 https://registry.npmjs.org/strip-comments/-/strip-comments-2.0.1.tgz 4140ms (cache miss)
2958 http fetch GET 200 https://registry.npmjs.org/stringify-object/-/stringify-object-3.3.0.tgz 4184ms (cache miss)
2959 http fetch GET 200 https://registry.npmjs.org/workbox-cacheable-response/-/workbox-cacheable-response-7.4.1.tgz 4215ms (cache miss)
2960 http fetch GET 200 https://registry.npmjs.org/workbox-precaching/-/workbox-precaching-7.4.1.tgz 4227ms (cache miss)
2961 http fetch GET 200 https://registry.npmjs.org/workbox-background-sync/-/workbox-background-sync-7.4.1.tgz 4241ms (cache miss)
2962 http fetch GET 200 https://registry.npmjs.org/fast-json-stable-stringify/-/fast-json-stable-stringify-2.1.0.tgz 4243ms (cache miss)
2963 http fetch GET 200 https://registry.npmjs.org/source-map/-/source-map-0.8.0.tgz 4317ms (cache miss)
2964 http fetch GET 200 https://registry.npmjs.org/@rollup/plugin-node-resolve/-/plugin-node-resolve-16.0.3.tgz 4327ms (cache miss)
2965 http fetch GET 200 https://registry.npmjs.org/@rollup/plugin-terser/-/plugin-terser-1.0.0.tgz 4336ms (cache miss)
2966 http fetch GET 200 https://registry.npmjs.org/@rollup/plugin-babel/-/plugin-babel-6.1.0.tgz 4378ms (cache miss)
2967 http fetch GET 200 https://registry.npmjs.org/eta/-/eta-4.6.0.tgz 4395ms (cache miss)
2968 http fetch GET 200 https://registry.npmjs.org/regenerate-unicode-properties/-/regenerate-unicode-properties-10.2.2.tgz 4721ms (cache miss)
2969 http fetch GET 200 https://registry.npmjs.org/@babel/types/-/types-7.29.8.tgz 4470ms (cache miss)
2970 http fetch GET 200 https://registry.npmjs.org/workbox-core/-/workbox-core-7.4.1.tgz 4507ms (cache miss)
2971 http fetch GET 200 https://registry.npmjs.org/@apideck/better-ajv-errors/-/better-ajv-errors-0.3.7.tgz 4476ms (cache miss)
2972 http fetch GET 200 https://registry.npmjs.org/glob/-/glob-11.1.0.tgz 4523ms (cache miss)
2973 warn deprecated glob@11.1.0: Old versions of glob are not supported, and contain widely publicized security vulnerabilities, which have been fixed in the current version. Please update. Support for old versions may be purchased (at exorbitant rates) by contacting i@izs.me
2974 http fetch GET 200 https://registry.npmjs.org/@rollup/plugin-replace/-/plugin-replace-6.0.3.tgz 4546ms (cache miss)
2975 http fetch GET 200 https://registry.npmjs.org/@babel/helpers/-/helpers-7.29.7.tgz 4649ms (cache miss)
2976 http fetch GET 200 https://registry.npmjs.org/@babel/preset-env/-/preset-env-7.29.7.tgz 4656ms (cache miss)
2977 http fetch GET 200 https://registry.npmjs.org/balanced-match/-/balanced-match-1.0.2.tgz 4667ms (cache miss)
2978 http fetch GET 200 https://registry.npmjs.org/@babel/parser/-/parser-7.29.9.tgz 4750ms (cache miss)
2979 http fetch GET 200 https://registry.npmjs.org/brace-expansion/-/brace-expansion-2.1.7.tgz 4801ms (cache miss)
2980 http fetch GET 200 https://registry.npmjs.org/pretty-bytes/-/pretty-bytes-6.1.1.tgz 4871ms (cache miss)
2981 http fetch GET 200 https://registry.npmjs.org/minimatch/-/minimatch-5.1.9.tgz 4871ms (cache miss)
2982 http fetch GET 200 https://registry.npmjs.org/pretty-bytes/-/pretty-bytes-5.6.0.tgz 4874ms (cache miss)
2983 http fetch GET 200 https://registry.npmjs.org/@babel/plugin-transform-shorthand-properties/-/plugin-transform-shorthand-properties-7.29.7.tgz 4892ms (cache miss)
2984 http fetch GET 200 https://registry.npmjs.org/common-tags/-/common-tags-1.8.2.tgz 4941ms (cache miss)
2985 http fetch GET 200 https://registry.npmjs.org/workbox-window/-/workbox-window-7.4.1.tgz 4946ms (cache miss)
2986 http fetch GET 200 https://registry.npmjs.org/source-map/-/source-map-0.6.1.tgz 4948ms (cache miss)
2987 http fetch GET 200 https://registry.npmjs.org/vite-plugin-pwa/-/vite-plugin-pwa-1.3.0.tgz 4885ms (cache miss)
2988 http fetch GET 200 https://registry.npmjs.org/@babel/core/-/core-7.29.7.tgz 5161ms (cache miss)
2989 http fetch GET 200 https://registry.npmjs.org/workbox-build/-/workbox-build-7.4.1.tgz 5175ms (cache miss)
2990 http fetch GET 200 https://registry.npmjs.org/@babel/runtime/-/runtime-7.29.7.tgz 5275ms (cache miss)
2991 http fetch GET 200 https://registry.npmjs.org/@trickfilm400/rollup-plugin-off-main-thread/-/rollup-plugin-off-main-thread-3.0.0-pre1.tgz 5429ms (cache miss)
2992 http fetch GET 200 https://registry.npmjs.org/ajv/-/ajv-8.20.0.tgz 5981ms (cache miss)
2993 http fetch GET 200 https://registry.npmjs.org/rollup/-/rollup-4.63.4.tgz 6229ms (cache miss)
2994 http fetch GET 200 https://registry.npmjs.org/es-abstract/-/es-abstract-1.24.2.tgz 8756ms (cache miss)
2995 silly ADD node_modules/@types/trusted-types
2996 silly ADD node_modules/idb
2997 silly ADD node_modules/is-weakset
2998 silly ADD node_modules/is-weakmap
2999 silly ADD node_modules/is-map
3000 silly ADD node_modules/generator-function
3001 silly ADD node_modules/async-function
3002 silly ADD node_modules/which-collection
3003 silly ADD node_modules/is-generator-function
3004 silly ADD node_modules/is-finalizationregistry
3005 silly ADD node_modules/is-async-function
3006 silly ADD node_modules/is-number-object
3007 silly ADD node_modules/is-boolean-object
3008 silly ADD node_modules/is-bigint
3009 silly ADD node_modules/isexe
3010 silly ADD node_modules/crypto-random-string
3011 silly ADD node_modules/unicode-property-aliases-ecmascript
3012 silly ADD node_modules/unicode-canonical-property-names-ecmascript
3013 silly ADD node_modules/which-boxed-primitive
3014 silly ADD node_modules/has-bigints
3015 silly ADD node_modules/which-builtin-type
3016 silly ADD node_modules/reflect.getprototypeof
3017 silly ADD node_modules/for-each
3018 silly ADD node_modules/buffer-from
3019 silly ADD node_modules/source-map-support
3020 silly ADD node_modules/source-map-support/node_modules/source-map
3021 silly ADD node_modules/commander
3022 silly ADD node_modules/acorn
3023 silly ADD node_modules/@jridgewell/source-map
3024 silly ADD node_modules/unique-string
3025 silly ADD node_modules/type-fest
3026 silly ADD node_modules/temp-dir
3027 silly ADD node_modules/is-stream
3028 silly ADD node_modules/is-regexp
3029 silly ADD node_modules/is-obj
3030 silly ADD node_modules/get-own-enumerable-property-symbols
3031 silly ADD node_modules/side-channel-weakmap
3032 silly ADD node_modules/side-channel-map
3033 silly ADD node_modules/side-channel-list
3034 silly ADD node_modules/isarray
3035 silly ADD node_modules/dunder-proto
3036 silly ADD node_modules/is-document.all
3037 silly ADD node_modules/functions-have-names
3038 silly ADD node_modules/is-symbol
3039 silly ADD node_modules/is-date-object
3040 silly ADD node_modules/es-abstract-get
3041 silly ADD node_modules/has-tostringtag
3042 silly ADD node_modules/possible-typed-array-names
3043 silly ADD node_modules/which-typed-array
3044 silly ADD node_modules/unbox-primitive
3045 silly ADD node_modules/typed-array-length
3046 silly ADD node_modules/typed-array-byte-offset
3047 silly ADD node_modules/typed-array-byte-length
3048 silly ADD node_modules/typed-array-buffer
3049 silly ADD node_modules/string.prototype.trimstart
3050 silly ADD node_modules/string.prototype.trimend
3051 silly ADD node_modules/string.prototype.trim
3052 silly ADD node_modules/stop-iteration-iterator
3053 silly ADD node_modules/set-proto
3054 silly ADD node_modules/safe-regex-test
3055 silly ADD node_modules/safe-push-apply
3056 silly ADD node_modules/safe-array-concat
3057 silly ADD node_modules/own-keys
3058 silly ADD node_modules/object.assign
3059 silly ADD node_modules/object-inspect
3060 silly ADD node_modules/math-intrinsics
3061 silly ADD node_modules/is-weakref
3062 silly ADD node_modules/is-typed-array
3063 silly ADD node_modules/is-string
3064 silly ADD node_modules/is-shared-array-buffer
3065 silly ADD node_modules/is-set
3066 silly ADD node_modules/is-regex
3067 silly ADD node_modules/is-negative-zero
3068 silly ADD node_modules/is-data-view
3069 silly ADD node_modules/is-callable
3070 silly ADD node_modules/is-array-buffer
3071 silly ADD node_modules/has-proto
3072 silly ADD node_modules/globalthis
3073 silly ADD node_modules/get-symbol-description
3074 silly ADD node_modules/get-proto
3075 silly ADD node_modules/function.prototype.name
3076 silly ADD node_modules/es-to-primitive
3077 silly ADD node_modules/es-set-tostringtag
3078 silly ADD node_modules/data-view-byte-offset
3079 silly ADD node_modules/data-view-byte-length
3080 silly ADD node_modules/data-view-buffer
3081 silly ADD node_modules/available-typed-arrays
3082 silly ADD node_modules/arraybuffer.prototype.slice
3083 silly ADD node_modules/array-buffer-byte-length
3084 silly ADD node_modules/object-keys
3085 silly ADD node_modules/has-property-descriptors
3086 silly ADD node_modules/define-data-property
3087 silly ADD node_modules/set-function-length
3088 silly ADD node_modules/es-define-property
3089 silly ADD node_modules/call-bind-apply-helpers
3090 silly ADD node_modules/side-channel
3091 silly ADD node_modules/set-function-name
3092 silly ADD node_modules/regexp.prototype.flags
3093 silly ADD node_modules/internal-slot
3094 silly ADD node_modules/has-symbols
3095 silly ADD node_modules/gopd
3096 silly ADD node_modules/get-intrinsic
3097 silly ADD node_modules/es-object-atoms
3098 silly ADD node_modules/es-abstract
3099 silly ADD node_modules/define-properties
3100 silly ADD node_modules/call-bound
3101 silly ADD node_modules/call-bind
3102 silly ADD node_modules/shebang-regex
3103 silly ADD node_modules/@rollup/rollup-win32-x64-msvc
3104 silly ADD node_modules/@rollup/rollup-win32-x64-gnu
3105 silly ADD node_modules/function-bind
3106 silly ADD node_modules/hasown
3107 silly ADD node_modules/supports-preserve-symlinks-flag
3108 silly ADD node_modules/path-parse
3109 silly ADD node_modules/is-core-module
3110 silly ADD node_modules/es-errors
3111 silly ADD node_modules/unicode-match-property-value-ecmascript
3112 silly ADD node_modules/unicode-match-property-ecmascript
3113 silly ADD node_modules/regjsparser
3114 silly ADD node_modules/regjsgen
3115 silly ADD node_modules/regenerate-unicode-properties
3116 silly ADD node_modules/regenerate
3117 silly ADD node_modules/balanced-match
3118 silly ADD node_modules/brace-expansion
3119 silly ADD node_modules/yallist
3120 silly ADD node_modules/filelist
3121 silly ADD node_modules/filelist/node_modules/balanced-match
3122 silly ADD node_modules/filelist/node_modules/brace-expansion
3123 silly ADD node_modules/filelist/node_modules/minimatch
3124 silly ADD node_modules/async
3125 silly ADD node_modules/@isaacs/cliui
3126 silly ADD node_modules/which
3127 silly ADD node_modules/shebang-command
3128 silly ADD node_modules/path-key
3129 silly ADD node_modules/signal-exit
3130 silly ADD node_modules/cross-spawn
3131 silly ADD node_modules/path-scurry
3132 silly ADD node_modules/path-scurry/node_modules/lru-cache
3133 silly ADD node_modules/package-json-from-dist
3134 silly ADD node_modules/minipass
3135 silly ADD node_modules/minimatch
3136 silly ADD node_modules/jackspeak
3137 silly ADD node_modules/foreground-child
3138 silly ADD node_modules/universalify
3139 silly ADD node_modules/jsonfile
3140 silly ADD node_modules/graceful-fs
3141 silly ADD node_modules/at-least-node
3142 silly ADD node_modules/jake
3143 silly ADD node_modules/lodash.debounce
3144 silly ADD node_modules/@babel/helper-define-polyfill-provider
3145 silly ADD node_modules/require-from-string
3146 silly ADD node_modules/json-schema-traverse
3147 silly ADD node_modules/fast-uri
3148 silly ADD node_modules/fast-deep-equal
3149 silly ADD node_modules/string.prototype.matchall
3150 silly ADD node_modules/ejs
3151 silly ADD node_modules/estree-walker
3152 silly ADD node_modules/@types/estree
3153 silly ADD node_modules/terser
3154 silly ADD node_modules/smob
3155 silly ADD node_modules/serialize-javascript
3156 silly ADD node_modules/magic-string
3157 silly ADD node_modules/resolve
3158 silly ADD node_modules/is-module
3159 silly ADD node_modules/deepmerge
3160 silly ADD node_modules/@types/resolve
3161 silly ADD node_modules/@rollup/pluginutils
3162 silly ADD node_modules/@jridgewell/resolve-uri
3163 silly ADD node_modules/@jridgewell/sourcemap-codec
3164 silly ADD node_modules/@babel/helper-string-parser
3165 silly ADD node_modules/esutils
3166 silly ADD node_modules/@babel/helper-globals
3167 silly ADD node_modules/@babel/helper-replace-supers
3168 silly ADD node_modules/@babel/helper-optimise-call-expression
3169 silly ADD node_modules/@babel/helper-member-expression-to-functions
3170 silly ADD node_modules/@babel/helper-create-class-features-plugin
3171 silly ADD node_modules/@babel/helper-wrap-function
3172 silly ADD node_modules/@babel/helper-remap-async-to-generator
3173 silly ADD node_modules/regexpu-core
3174 silly ADD node_modules/@babel/helper-annotate-as-pure
3175 silly ADD node_modules/@babel/helper-create-regexp-features-plugin
3176 silly ADD node_modules/@babel/helper-skip-transparent-expression-wrappers
3177 silly ADD node_modules/core-js-compat
3178 silly ADD node_modules/babel-plugin-polyfill-regenerator
3179 silly ADD node_modules/babel-plugin-polyfill-corejs3
3180 silly ADD node_modules/babel-plugin-polyfill-corejs2
3181 silly ADD node_modules/@babel/preset-modules
3182 silly ADD node_modules/@babel/plugin-transform-unicode-sets-regex
3183 silly ADD node_modules/@babel/plugin-transform-unicode-regex
3184 silly ADD node_modules/@babel/plugin-transform-unicode-property-regex
3185 silly ADD node_modules/@babel/plugin-transform-unicode-escapes
3186 silly ADD node_modules/@babel/plugin-transform-typeof-symbol
3187 silly ADD node_modules/@babel/plugin-transform-template-literals
3188 silly ADD node_modules/@babel/plugin-transform-sticky-regex
3189 silly ADD node_modules/@babel/plugin-transform-spread
3190 silly ADD node_modules/@babel/plugin-transform-shorthand-properties
3191 silly ADD node_modules/@babel/plugin-transform-reserved-words
3192 silly ADD node_modules/@babel/plugin-transform-regexp-modifiers
3193 silly ADD node_modules/@babel/plugin-transform-regenerator
3194 silly ADD node_modules/@babel/plugin-transform-property-literals
3195 silly ADD node_modules/@babel/plugin-transform-private-property-in-object
3196 silly ADD node_modules/@babel/plugin-transform-private-methods
3197 silly ADD node_modules/@babel/plugin-transform-parameters
3198 silly ADD node_modules/@babel/plugin-transform-optional-chaining
3199 silly ADD node_modules/@babel/plugin-transform-optional-catch-binding
3200 silly ADD node_modules/@babel/plugin-transform-object-super
3201 silly ADD node_modules/@babel/plugin-transform-object-rest-spread
3202 silly ADD node_modules/@babel/plugin-transform-numeric-separator
3203 silly ADD node_modules/@babel/plugin-transform-nullish-coalescing-operator
3204 silly ADD node_modules/@babel/plugin-transform-new-target
3205 silly ADD node_modules/@babel/plugin-transform-named-capturing-groups-regex
3206 silly ADD node_modules/@babel/plugin-transform-modules-umd
3207 silly ADD node_modules/@babel/plugin-transform-modules-systemjs
3208 silly ADD node_modules/@babel/plugin-transform-modules-commonjs
3209 silly ADD node_modules/@babel/plugin-transform-modules-amd
3210 silly ADD node_modules/@babel/plugin-transform-member-expression-literals
3211 silly ADD node_modules/@babel/plugin-transform-logical-assignment-operators
3212 silly ADD node_modules/@babel/plugin-transform-literals
3213 silly ADD node_modules/@babel/plugin-transform-json-strings
3214 silly ADD node_modules/@babel/plugin-transform-function-name
3215 silly ADD node_modules/@babel/plugin-transform-for-of
3216 silly ADD node_modules/@babel/plugin-transform-export-namespace-from
3217 silly ADD node_modules/@babel/plugin-transform-exponentiation-operator
3218 silly ADD node_modules/@babel/plugin-transform-explicit-resource-management
3219 silly ADD node_modules/@babel/plugin-transform-dynamic-import
3220 silly ADD node_modules/@babel/plugin-transform-duplicate-named-capturing-groups-regex
3221 silly ADD node_modules/@babel/plugin-transform-duplicate-keys
3222 silly ADD node_modules/@babel/plugin-transform-dotall-regex
3223 silly ADD node_modules/@babel/plugin-transform-destructuring
3224 silly ADD node_modules/@babel/plugin-transform-computed-properties
3225 silly ADD node_modules/@babel/plugin-transform-classes
3226 silly ADD node_modules/@babel/plugin-transform-class-static-block
3227 silly ADD node_modules/@babel/plugin-transform-class-properties
3228 silly ADD node_modules/@babel/plugin-transform-block-scoping
3229 silly ADD node_modules/@babel/plugin-transform-block-scoped-functions
3230 silly ADD node_modules/@babel/plugin-transform-async-to-generator
3231 silly ADD node_modules/@babel/plugin-transform-async-generator-functions
3232 silly ADD node_modules/@babel/plugin-transform-arrow-functions
3233 silly ADD node_modules/@babel/plugin-syntax-unicode-sets-regex
3234 silly ADD node_modules/@babel/plugin-syntax-import-attributes
3235 silly ADD node_modules/@babel/plugin-syntax-import-assertions
3236 silly ADD node_modules/@babel/plugin-proposal-private-property-in-object
3237 silly ADD node_modules/@babel/plugin-bugfix-v8-static-class-fields-redefine-readonly
3238 silly ADD node_modules/@babel/plugin-bugfix-v8-spread-parameters-in-optional-chaining
3239 silly ADD node_modules/@babel/plugin-bugfix-safari-rest-destructuring-rhs-array
3240 silly ADD node_modules/@babel/plugin-bugfix-safari-id-destructuring-collision-in-function-expression
3241 silly ADD node_modules/@babel/plugin-bugfix-safari-class-field-initializer-scope
3242 silly ADD node_modules/@babel/plugin-bugfix-firefox-class-in-computed-class-key
3243 silly ADD node_modules/@babel/helper-plugin-utils
3244 silly ADD node_modules/@babel/helper-module-imports
3245 silly ADD node_modules/lru-cache
3246 silly ADD node_modules/@babel/helper-validator-option
3247 silly ADD node_modules/@babel/compat-data
3248 silly ADD node_modules/jsesc
3249 silly ADD node_modules/@jridgewell/trace-mapping
3250 silly ADD node_modules/@jridgewell/gen-mapping
3251 silly ADD node_modules/js-tokens
3252 silly ADD node_modules/@babel/helper-validator-identifier
3253 silly ADD node_modules/semver
3254 silly ADD node_modules/json5
3255 silly ADD node_modules/gensync
3256 silly ADD node_modules/convert-source-map
3257 silly ADD node_modules/@jridgewell/remapping
3258 silly ADD node_modules/@babel/types
3259 silly ADD node_modules/@babel/traverse
3260 silly ADD node_modules/@babel/template
3261 silly ADD node_modules/@babel/parser
3262 silly ADD node_modules/@babel/helpers
3263 silly ADD node_modules/@babel/helper-module-transforms
3264 silly ADD node_modules/@babel/helper-compilation-targets
3265 silly ADD node_modules/@babel/generator
3266 silly ADD node_modules/@babel/code-frame
3267 silly ADD node_modules/leven
3268 silly ADD node_modules/jsonpointer
3269 silly ADD node_modules/workbox-sw
3270 silly ADD node_modules/workbox-streams
3271 silly ADD node_modules/workbox-strategies
3272 silly ADD node_modules/workbox-routing
3273 silly ADD node_modules/workbox-recipes
3274 silly ADD node_modules/workbox-range-requests
3275 silly ADD node_modules/workbox-precaching
3276 silly ADD node_modules/workbox-navigation-preload
3277 silly ADD node_modules/workbox-google-analytics
3278 silly ADD node_modules/workbox-expiration
3279 silly ADD node_modules/workbox-core
3280 silly ADD node_modules/workbox-cacheable-response
3281 silly ADD node_modules/workbox-broadcast-update
3282 silly ADD node_modules/workbox-background-sync
3283 silly ADD node_modules/upath
3284 silly ADD node_modules/tempy
3285 silly ADD node_modules/strip-comments
3286 silly ADD node_modules/stringify-object
3287 silly ADD node_modules/source-map
3288 silly ADD node_modules/rollup
3289 silly ADD node_modules/glob
3290 silly ADD node_modules/fs-extra
3291 silly ADD node_modules/fast-json-stable-stringify
3292 silly ADD node_modules/eta
3293 silly ADD node_modules/common-tags
3294 silly ADD node_modules/@trickfilm400/rollup-plugin-off-main-thread
3295 silly ADD node_modules/@rollup/plugin-terser
3296 silly ADD node_modules/@rollup/plugin-replace
3297 silly ADD node_modules/@rollup/plugin-node-resolve
3298 silly ADD node_modules/@rollup/plugin-babel
3299 silly ADD node_modules/@babel/runtime
3300 silly ADD node_modules/@babel/preset-env
3301 silly ADD node_modules/@babel/core
3302 silly ADD node_modules/ajv
3303 silly ADD node_modules/@apideck/better-ajv-errors
3304 silly ADD node_modules/ms
3305 silly ADD node_modules/workbox-window
3306 silly ADD node_modules/workbox-build
3307 silly ADD node_modules/workbox-build/node_modules/pretty-bytes
3308 silly ADD node_modules/pretty-bytes
3309 silly ADD node_modules/debug
3310 silly ADD node_modules/vite-plugin-pwa
3311 verbose cwd D:\DayMeet-OS-main\daymeet-v2
3312 verbose os Windows_NT 10.0.26200
3313 verbose node v20.19.4
3314 verbose npm  v11.14.1
3315 verbose exit 0
3316 info ok
