0 verbose cli F:\Node js\node.exe C:\Users\prane\AppData\Roaming\npm\node_modules\npm\bin\npm-cli.js
1 info using npm@11.14.1
2 info using node@v20.19.4
3 silly config load:file:C:\Users\prane\AppData\Roaming\npm\node_modules\npm\npmrc
4 silly config load:file:D:\DayMeet-OS-main\daymeet-v2\.npmrc
5 silly config load:file:C:\Users\prane\.npmrc
6 silly config load:file:C:\Users\prane\AppData\Roaming\npm\etc\npmrc
7 verbose title npm install react-router-dom zustand firebase @capacitor/camera @capacitor/splash-screen
8 verbose argv "install" "react-router-dom" "zustand" "firebase" "@capacitor/camera" "@capacitor/splash-screen" "--cache" "../.npm-cache"
9 verbose logfile logs-max:10 dir:D:\DayMeet-OS-main\.npm-cache\_logs\2026-09-20T13_27_57_052Z-
10 verbose logfile D:\DayMeet-OS-main\.npm-cache\_logs\2026-09-20T13_27_57_052Z-debug-0.log
11 silly logfile done cleaning log files
12 silly packumentCache heap:2197815296 maxSize:549453824 maxEntrySize:274726912
13 silly idealTree buildDeps
14 silly fetch manifest react-router-dom@*
15 silly packumentCache full:https://registry.npmjs.org/react-router-dom cache-miss
16 http fetch GET 200 https://registry.npmjs.org/react-router-dom 1135ms (cache miss)
17 silly packumentCache full:https://registry.npmjs.org/react-router-dom set size:undefined disposed:false
18 silly fetch manifest react@^19.2.8
19 silly packumentCache full:https://registry.npmjs.org/react cache-miss
20 http fetch GET 200 https://registry.npmjs.org/react 178ms (cache revalidated)
21 silly packumentCache full:https://registry.npmjs.org/react set size:6997055 disposed:false
22 silly fetch manifest react-dom@^19.2.8
23 silly packumentCache full:https://registry.npmjs.org/react-dom cache-miss
24 http fetch GET 200 https://registry.npmjs.org/react-dom 278ms (cache revalidated)
25 silly packumentCache full:https://registry.npmjs.org/react-dom set size:9424681 disposed:false
26 silly fetch manifest zustand@*
27 silly packumentCache full:https://registry.npmjs.org/zustand cache-miss
28 http fetch GET 200 https://registry.npmjs.org/zustand 177ms (cache miss)
29 silly packumentCache full:https://registry.npmjs.org/zustand set size:undefined disposed:false
30 silly fetch manifest @types/react@^19.2.18
31 silly packumentCache full:https://registry.npmjs.org/@types%2freact cache-miss
32 http fetch GET 200 https://registry.npmjs.org/@types%2freact 201ms (cache revalidated)
33 silly packumentCache full:https://registry.npmjs.org/@types%2freact set size:2642161 disposed:false
34 silly fetch manifest immer@>=9.0.6
35 silly packumentCache full:https://registry.npmjs.org/immer cache-miss
36 http fetch GET 200 https://registry.npmjs.org/immer 162ms (cache miss)
37 silly packumentCache full:https://registry.npmjs.org/immer set size:undefined disposed:false
38 silly fetch manifest use-sync-external-store@>=1.2.0
39 silly packumentCache full:https://registry.npmjs.org/use-sync-external-store cache-miss
40 http fetch GET 200 https://registry.npmjs.org/use-sync-external-store 462ms (cache miss)
41 silly packumentCache full:https://registry.npmjs.org/use-sync-external-store set size:undefined disposed:false
42 silly fetch manifest firebase@*
43 silly packumentCache full:https://registry.npmjs.org/firebase cache-miss
44 http fetch GET 200 https://registry.npmjs.org/firebase 1690ms (cache miss)
45 silly packumentCache full:https://registry.npmjs.org/firebase set size:undefined disposed:false
46 silly fetch manifest @capacitor/camera@*
47 silly packumentCache full:https://registry.npmjs.org/@capacitor%2fcamera cache-miss
48 http fetch GET 200 https://registry.npmjs.org/@capacitor%2fcamera 1339ms (cache miss)
49 silly packumentCache full:https://registry.npmjs.org/@capacitor%2fcamera set size:undefined disposed:false
50 silly fetch manifest @capacitor/core@>=8.0.0
51 silly packumentCache full:https://registry.npmjs.org/@capacitor%2fcore cache-miss
52 http fetch GET 200 https://registry.npmjs.org/@capacitor%2fcore 822ms (cache revalidated)
53 silly packumentCache full:https://registry.npmjs.org/@capacitor%2fcore set size:4843462 disposed:false
54 silly fetch manifest @capacitor/splash-screen@*
55 silly packumentCache full:https://registry.npmjs.org/@capacitor%2fsplash-screen cache-miss
56 http fetch GET 200 https://registry.npmjs.org/@capacitor%2fsplash-screen 1544ms (cache miss)
57 silly packumentCache full:https://registry.npmjs.org/@capacitor%2fsplash-screen set size:undefined disposed:false
58 silly placeDep ROOT @capacitor/camera@8.2.4 OK for: daymeet-v2@0.0.0 want: *
59 silly placeDep ROOT @capacitor/splash-screen@8.0.2 OK for: daymeet-v2@0.0.0 want: *
60 silly placeDep ROOT firebase@12.19.0 OK for: daymeet-v2@0.0.0 want: *
61 silly placeDep ROOT react-router-dom@7.18.4 OK for: daymeet-v2@0.0.0 want: *
62 silly placeDep ROOT zustand@5.0.15 OK for: daymeet-v2@0.0.0 want: *
63 silly fetch manifest @firebase/ai@2.16.0
64 silly packumentCache full:https://registry.npmjs.org/@firebase%2fai cache-miss
65 silly fetch manifest @firebase/app@0.16.2
66 silly packumentCache full:https://registry.npmjs.org/@firebase%2fapp cache-miss
67 silly fetch manifest @firebase/auth@1.13.6
68 silly packumentCache full:https://registry.npmjs.org/@firebase%2fauth cache-miss
69 silly fetch manifest @firebase/util@1.15.3
70 silly packumentCache full:https://registry.npmjs.org/@firebase%2futil cache-miss
71 silly fetch manifest @firebase/storage@0.14.5
72 silly packumentCache full:https://registry.npmjs.org/@firebase%2fstorage cache-miss
73 silly fetch manifest @firebase/database@1.1.5
74 silly packumentCache full:https://registry.npmjs.org/@firebase%2fdatabase cache-miss
75 silly fetch manifest @firebase/analytics@0.10.25
76 silly packumentCache full:https://registry.npmjs.org/@firebase%2fanalytics cache-miss
77 silly fetch manifest @firebase/app-check@0.13.1
78 silly packumentCache full:https://registry.npmjs.org/@firebase%2fapp-check cache-miss
79 silly fetch manifest @firebase/app-types@0.9.6
80 silly packumentCache full:https://registry.npmjs.org/@firebase%2fapp-types cache-miss
81 silly fetch manifest @firebase/firestore@4.17.2
82 silly packumentCache full:https://registry.npmjs.org/@firebase%2ffirestore cache-miss
83 silly fetch manifest @firebase/functions@0.14.0
84 silly packumentCache full:https://registry.npmjs.org/@firebase%2ffunctions cache-miss
85 silly fetch manifest @firebase/messaging@0.13.3
86 silly packumentCache full:https://registry.npmjs.org/@firebase%2fmessaging cache-miss
87 silly fetch manifest @firebase/app-compat@0.5.18
88 silly packumentCache full:https://registry.npmjs.org/@firebase%2fapp-compat cache-miss
89 silly fetch manifest @firebase/auth-compat@0.6.11
90 silly packumentCache full:https://registry.npmjs.org/@firebase%2fauth-compat cache-miss
91 silly fetch manifest @firebase/performance@0.7.14
92 silly packumentCache full:https://registry.npmjs.org/@firebase%2fperformance cache-miss
93 http fetch GET 200 https://registry.npmjs.org/@firebase%2fai 284ms (cache miss)
94 silly packumentCache full:https://registry.npmjs.org/@firebase%2fai set size:undefined disposed:false
95 silly fetch manifest @firebase/data-connect@0.7.4
96 silly packumentCache full:https://registry.npmjs.org/@firebase%2fdata-connect cache-miss
97 http fetch GET 200 https://registry.npmjs.org/@firebase%2fdata-connect 1374ms (cache miss)
98 silly packumentCache full:https://registry.npmjs.org/@firebase%2fdata-connect set size:undefined disposed:false
99 silly fetch manifest @firebase/installations@0.6.24
100 silly packumentCache full:https://registry.npmjs.org/@firebase%2finstallations cache-miss
101 http fetch GET 200 https://registry.npmjs.org/@firebase%2fapp-check 5964ms (cache miss)
102 silly packumentCache full:https://registry.npmjs.org/@firebase%2fapp-check set size:undefined disposed:false
103 silly fetch manifest @firebase/remote-config@0.9.2
104 silly packumentCache full:https://registry.npmjs.org/@firebase%2fremote-config cache-miss
105 http fetch GET 200 https://registry.npmjs.org/@firebase%2finstallations 4418ms (cache miss)
106 silly packumentCache full:https://registry.npmjs.org/@firebase%2finstallations set size:undefined disposed:false
107 silly fetch manifest @firebase/storage-compat@0.4.5
108 silly packumentCache full:https://registry.npmjs.org/@firebase%2fstorage-compat cache-miss
109 http fetch GET 200 https://registry.npmjs.org/@firebase%2fapp-compat 6395ms (cache miss)
110 silly packumentCache full:https://registry.npmjs.org/@firebase%2fapp-compat set size:undefined disposed:false
111 silly fetch manifest @firebase/database-compat@2.1.7
112 silly packumentCache full:https://registry.npmjs.org/@firebase%2fdatabase-compat cache-miss
113 http fetch GET 200 https://registry.npmjs.org/@firebase%2fstorage-compat 1548ms (cache miss)
114 silly packumentCache full:https://registry.npmjs.org/@firebase%2fstorage-compat set size:undefined disposed:false
115 silly fetch manifest @firebase/analytics-compat@0.2.31
116 silly packumentCache full:https://registry.npmjs.org/@firebase%2fanalytics-compat cache-miss
117 http fetch GET 200 https://registry.npmjs.org/@firebase%2fanalytics-compat 698ms (cache miss)
118 silly packumentCache full:https://registry.npmjs.org/@firebase%2fanalytics-compat set size:undefined disposed:false
119 silly fetch manifest @firebase/app-check-compat@0.4.7
120 silly packumentCache full:https://registry.npmjs.org/@firebase%2fapp-check-compat cache-miss
121 http fetch GET 200 https://registry.npmjs.org/@firebase%2fapp-check-compat 816ms (cache miss)
122 silly packumentCache full:https://registry.npmjs.org/@firebase%2fapp-check-compat set size:undefined disposed:false
123 silly fetch manifest @firebase/firestore-compat@0.4.14
124 silly packumentCache full:https://registry.npmjs.org/@firebase%2ffirestore-compat cache-miss
125 http fetch GET 200 https://registry.npmjs.org/@firebase%2fapp-types 9561ms (cache miss)
126 silly packumentCache full:https://registry.npmjs.org/@firebase%2fapp-types set size:undefined disposed:false
127 silly fetch manifest @firebase/functions-compat@0.5.0
128 silly packumentCache full:https://registry.npmjs.org/@firebase%2ffunctions-compat cache-miss
129 http fetch GET 200 https://registry.npmjs.org/@firebase%2fdatabase-compat 3330ms (cache miss)
130 silly packumentCache full:https://registry.npmjs.org/@firebase%2fdatabase-compat set size:undefined disposed:false
131 silly fetch manifest @firebase/messaging-compat@0.2.30
132 silly packumentCache full:https://registry.npmjs.org/@firebase%2fmessaging-compat cache-miss
133 http fetch GET 200 https://registry.npmjs.org/@firebase%2ffirestore-compat 447ms (cache miss)
134 silly packumentCache full:https://registry.npmjs.org/@firebase%2ffirestore-compat set size:undefined disposed:false
135 silly fetch manifest @firebase/performance-compat@0.2.27
136 silly packumentCache full:https://registry.npmjs.org/@firebase%2fperformance-compat cache-miss
137 http fetch GET 200 https://registry.npmjs.org/@firebase%2futil 10268ms (cache miss)
138 silly packumentCache full:https://registry.npmjs.org/@firebase%2futil set size:undefined disposed:false
139 silly fetch manifest @firebase/installations-compat@0.2.24
140 silly packumentCache full:https://registry.npmjs.org/@firebase%2finstallations-compat cache-miss
141 http fetch GET 200 https://registry.npmjs.org/@firebase%2fperformance-compat 791ms (cache miss)
142 silly packumentCache full:https://registry.npmjs.org/@firebase%2fperformance-compat set size:undefined disposed:false
143 silly fetch manifest @firebase/remote-config-compat@0.2.29
144 silly packumentCache full:https://registry.npmjs.org/@firebase%2fremote-config-compat cache-miss
145 http fetch GET 200 https://registry.npmjs.org/@firebase%2fdatabase 10974ms (cache miss)
146 silly packumentCache full:https://registry.npmjs.org/@firebase%2fdatabase set size:undefined disposed:false
147 silly fetch manifest react-router@7.18.4
148 silly packumentCache full:https://registry.npmjs.org/react-router cache-miss
149 http fetch GET 200 https://registry.npmjs.org/@firebase%2fremote-config 5479ms (cache miss)
150 silly packumentCache full:https://registry.npmjs.org/@firebase%2fremote-config set size:undefined disposed:false
151 http fetch GET 200 https://registry.npmjs.org/@firebase%2fremote-config-compat 1005ms (cache miss)
152 silly packumentCache full:https://registry.npmjs.org/@firebase%2fremote-config-compat set size:undefined disposed:false
153 http fetch GET 200 https://registry.npmjs.org/react-router 1565ms (cache miss)
154 silly packumentCache full:https://registry.npmjs.org/react-router set size:undefined disposed:false
155 http fetch GET 200 https://registry.npmjs.org/@firebase%2fmessaging-compat 3050ms (cache miss)
156 silly packumentCache full:https://registry.npmjs.org/@firebase%2fmessaging-compat set size:undefined disposed:false
157 http fetch GET 200 https://registry.npmjs.org/@firebase%2finstallations-compat 2648ms (cache miss)
158 silly packumentCache full:https://registry.npmjs.org/@firebase%2finstallations-compat set size:undefined disposed:false
159 http fetch GET 200 https://registry.npmjs.org/@firebase%2ffunctions-compat 3533ms (cache miss)
160 silly packumentCache full:https://registry.npmjs.org/@firebase%2ffunctions-compat set size:undefined disposed:false
161 http fetch GET 200 https://registry.npmjs.org/@firebase%2fauth 13408ms (cache miss)
162 silly packumentCache full:https://registry.npmjs.org/@firebase%2fauth set size:undefined disposed:false
163 http fetch GET 200 https://registry.npmjs.org/@firebase%2fapp 16239ms (cache miss)
164 silly packumentCache full:https://registry.npmjs.org/@firebase%2fapp set size:undefined disposed:false
165 http fetch GET 200 https://registry.npmjs.org/@firebase%2fauth-compat 16681ms (cache miss)
166 silly packumentCache full:https://registry.npmjs.org/@firebase%2fauth-compat set size:undefined disposed:false
167 http fetch GET 200 https://registry.npmjs.org/@firebase%2fperformance 18122ms (cache miss)
168 silly packumentCache full:https://registry.npmjs.org/@firebase%2fperformance set size:undefined disposed:false
169 http fetch GET 200 https://registry.npmjs.org/@firebase%2fmessaging 18297ms (cache miss)
170 silly packumentCache full:https://registry.npmjs.org/@firebase%2fmessaging set size:undefined disposed:false
171 http fetch GET 200 https://registry.npmjs.org/@firebase%2ffunctions 18544ms (cache miss)
172 silly packumentCache full:https://registry.npmjs.org/@firebase%2ffunctions set size:undefined disposed:false
173 http fetch GET 200 https://registry.npmjs.org/@firebase%2fanalytics 18743ms (cache miss)
174 silly packumentCache full:https://registry.npmjs.org/@firebase%2fanalytics set size:undefined disposed:false
175 http fetch GET 200 https://registry.npmjs.org/@firebase%2ffirestore 18857ms (cache miss)
176 silly packumentCache full:https://registry.npmjs.org/@firebase%2ffirestore set size:undefined disposed:false
177 http fetch GET 200 https://registry.npmjs.org/@firebase%2fstorage 20133ms (cache miss)
178 silly packumentCache full:https://registry.npmjs.org/@firebase%2fstorage set size:undefined disposed:false
179 silly fetch manifest @react-native-async-storage/async-storage@^2.2.0 || ^3.0.0
180 silly packumentCache full:https://registry.npmjs.org/@react-native-async-storage%2fasync-storage cache-miss
181 http fetch GET 200 https://registry.npmjs.org/@react-native-async-storage%2fasync-storage 952ms (cache miss)
182 silly packumentCache full:https://registry.npmjs.org/@react-native-async-storage%2fasync-storage set size:undefined disposed:false
183 silly fetch manifest react@*
184 silly packumentCache full:https://registry.npmjs.org/react cache-miss
185 http cache https://registry.npmjs.org/react 52ms (cache hit)
186 silly packumentCache full:https://registry.npmjs.org/react set size:6997055 disposed:false
187 silly fetch manifest react-native@*
188 silly packumentCache full:https://registry.npmjs.org/react-native cache-miss
189 http fetch GET 200 https://registry.npmjs.org/react-native 1555ms (cache miss)
190 silly packumentCache full:https://registry.npmjs.org/react-native set size:undefined disposed:false
191 silly fetch manifest @react-native/jest-preset@0.86.3
192 silly packumentCache full:https://registry.npmjs.org/@react-native%2fjest-preset cache-miss
193 http fetch GET 200 https://registry.npmjs.org/@react-native%2fjest-preset 732ms (cache miss)
194 silly packumentCache full:https://registry.npmjs.org/@react-native%2fjest-preset set size:undefined disposed:false
195 silly fetch manifest @types/react@^19.1.1
196 silly packumentCache full:https://registry.npmjs.org/@types%2freact cache-miss
197 http cache https://registry.npmjs.org/@types%2freact 19ms (cache hit)
198 silly packumentCache full:https://registry.npmjs.org/@types%2freact set size:2642161 disposed:false
199 silly placeDep ROOT @firebase/ai@2.16.0 OK for: firebase@12.19.0 want: 2.16.0
200 silly placeDep ROOT @firebase/app@0.16.2 OK for: @firebase/ai@2.16.0 want: 0.x
201 silly placeDep ROOT @firebase/app-types@0.9.6 OK for: @firebase/ai@2.16.0 want: 0.x
202 silly placeDep ROOT @firebase/analytics@0.10.25 OK for: firebase@12.19.0 want: 0.10.25
203 silly placeDep ROOT @firebase/analytics-compat@0.2.31 OK for: firebase@12.19.0 want: 0.2.31
204 silly placeDep ROOT @firebase/app-compat@0.5.18 OK for: @firebase/analytics-compat@0.2.31 want: 0.x
205 silly placeDep ROOT @firebase/app-check@0.13.1 OK for: firebase@12.19.0 want: 0.13.1
206 silly placeDep ROOT @firebase/app-check-compat@0.4.7 OK for: firebase@12.19.0 want: 0.4.7
207 silly placeDep ROOT @firebase/auth@1.13.6 OK for: firebase@12.19.0 want: 1.13.6
208 silly placeDep ROOT @firebase/auth-compat@0.6.11 OK for: firebase@12.19.0 want: 0.6.11
209 silly placeDep ROOT @firebase/data-connect@0.7.4 OK for: firebase@12.19.0 want: 0.7.4
210 silly placeDep ROOT @firebase/database@1.1.5 OK for: firebase@12.19.0 want: 1.1.5
211 silly placeDep ROOT @firebase/database-compat@2.1.7 OK for: firebase@12.19.0 want: 2.1.7
212 silly placeDep ROOT @firebase/firestore@4.17.2 OK for: firebase@12.19.0 want: 4.17.2
213 silly placeDep ROOT @firebase/firestore-compat@0.4.14 OK for: firebase@12.19.0 want: 0.4.14
214 silly placeDep ROOT @firebase/functions@0.14.0 OK for: firebase@12.19.0 want: 0.14.0
215 silly placeDep ROOT @firebase/functions-compat@0.5.0 OK for: firebase@12.19.0 want: 0.5.0
216 silly placeDep ROOT @firebase/installations@0.6.24 OK for: firebase@12.19.0 want: 0.6.24
217 silly placeDep ROOT @firebase/installations-compat@0.2.24 OK for: firebase@12.19.0 want: 0.2.24
218 silly placeDep ROOT @firebase/messaging@0.13.3 OK for: firebase@12.19.0 want: 0.13.3
219 silly placeDep ROOT @firebase/messaging-compat@0.2.30 OK for: firebase@12.19.0 want: 0.2.30
220 silly placeDep ROOT @firebase/performance@0.7.14 OK for: firebase@12.19.0 want: 0.7.14
221 silly placeDep ROOT @firebase/performance-compat@0.2.27 OK for: firebase@12.19.0 want: 0.2.27
222 silly placeDep ROOT @firebase/remote-config@0.9.2 OK for: firebase@12.19.0 want: 0.9.2
223 silly placeDep ROOT @firebase/remote-config-compat@0.2.29 OK for: firebase@12.19.0 want: 0.2.29
224 silly placeDep ROOT @firebase/storage@0.14.5 OK for: firebase@12.19.0 want: 0.14.5
225 silly placeDep ROOT @firebase/storage-compat@0.4.5 OK for: firebase@12.19.0 want: 0.4.5
226 silly placeDep ROOT @firebase/util@1.15.3 OK for: firebase@12.19.0 want: 1.15.3
227 silly fetch manifest @firebase/logger@0.5.2
228 silly packumentCache full:https://registry.npmjs.org/@firebase%2flogger cache-miss
229 silly fetch manifest @firebase/component@0.7.5
230 silly packumentCache full:https://registry.npmjs.org/@firebase%2fcomponent cache-miss
231 silly fetch manifest @firebase/app-check-interop-types@0.3.5
232 silly packumentCache full:https://registry.npmjs.org/@firebase%2fapp-check-interop-types cache-miss
233 silly fetch manifest @firebase/logger@0.5.2
234 silly packumentCache full:https://registry.npmjs.org/@firebase%2flogger cache-miss
235 silly fetch manifest @firebase/logger@0.5.2
236 silly packumentCache full:https://registry.npmjs.org/@firebase%2flogger cache-miss
237 silly fetch manifest @firebase/component@0.7.5
238 silly packumentCache full:https://registry.npmjs.org/@firebase%2fcomponent cache-miss
239 silly fetch manifest @firebase/logger@0.5.2
240 silly packumentCache full:https://registry.npmjs.org/@firebase%2flogger cache-miss
241 silly fetch manifest @firebase/component@0.7.5
242 silly packumentCache full:https://registry.npmjs.org/@firebase%2fcomponent cache-miss
243 silly fetch manifest @firebase/component@0.7.5
244 silly packumentCache full:https://registry.npmjs.org/@firebase%2fcomponent cache-miss
245 silly fetch manifest @firebase/analytics-types@0.8.5
246 silly packumentCache full:https://registry.npmjs.org/@firebase%2fanalytics-types cache-miss
247 silly fetch manifest @firebase/logger@0.5.2
248 silly packumentCache full:https://registry.npmjs.org/@firebase%2flogger cache-miss
249 silly fetch manifest @firebase/component@0.7.5
250 silly packumentCache full:https://registry.npmjs.org/@firebase%2fcomponent cache-miss
251 silly fetch manifest @firebase/logger@0.5.2
252 silly packumentCache full:https://registry.npmjs.org/@firebase%2flogger cache-miss
253 silly fetch manifest @firebase/component@0.7.5
254 silly packumentCache full:https://registry.npmjs.org/@firebase%2fcomponent cache-miss
255 silly fetch manifest @firebase/logger@0.5.2
256 silly packumentCache full:https://registry.npmjs.org/@firebase%2flogger cache-miss
257 http fetch GET 200 https://registry.npmjs.org/@firebase%2fcomponent 2200ms (cache miss)
258 silly packumentCache full:https://registry.npmjs.org/@firebase%2fcomponent set size:undefined disposed:false
259 silly fetch manifest @firebase/app-check-types@0.5.5
260 silly packumentCache full:https://registry.npmjs.org/@firebase%2fapp-check-types cache-miss
261 http fetch GET 200 https://registry.npmjs.org/@firebase%2fapp-check-types 1898ms (cache miss)
262 silly packumentCache full:https://registry.npmjs.org/@firebase%2fapp-check-types set size:undefined disposed:false
263 silly fetch manifest @firebase/logger@0.5.2
264 silly packumentCache full:https://registry.npmjs.org/@firebase%2flogger cache-miss
265 http fetch GET 200 https://registry.npmjs.org/@firebase%2fapp-check-interop-types 6531ms (cache miss)
266 silly packumentCache full:https://registry.npmjs.org/@firebase%2fapp-check-interop-types set size:undefined disposed:false
267 silly fetch manifest @firebase/auth-types@0.13.2
268 silly packumentCache full:https://registry.npmjs.org/@firebase%2fauth-types cache-miss
269 http fetch GET 200 https://registry.npmjs.org/@firebase%2flogger 3537ms (cache miss)
270 silly packumentCache full:https://registry.npmjs.org/@firebase%2flogger set size:undefined disposed:false
271 silly fetch manifest @firebase/auth-interop-types@0.2.6
272 silly packumentCache full:https://registry.npmjs.org/@firebase%2fauth-interop-types cache-miss
273 http fetch GET 200 https://registry.npmjs.org/@firebase%2fcomponent 11273ms (cache miss)
274 silly packumentCache full:https://registry.npmjs.org/@firebase%2fcomponent set size:undefined disposed:false
275 silly fetch manifest faye-websocket@0.11.4
276 silly packumentCache full:https://registry.npmjs.org/faye-websocket cache-miss
277 http fetch GET 200 https://registry.npmjs.org/@firebase%2fauth-interop-types 3477ms (cache miss)
278 silly packumentCache full:https://registry.npmjs.org/@firebase%2fauth-interop-types set size:undefined disposed:false
279 silly fetch manifest @firebase/database-types@1.0.22
280 silly packumentCache full:https://registry.npmjs.org/@firebase%2fdatabase-types cache-miss
281 http fetch GET 200 https://registry.npmjs.org/faye-websocket 1225ms (cache miss)
282 silly packumentCache full:https://registry.npmjs.org/faye-websocket set size:undefined disposed:false
283 silly fetch manifest re2js@^2.8.3
284 silly packumentCache full:https://registry.npmjs.org/re2js cache-miss
285 http fetch GET 200 https://registry.npmjs.org/re2js 1306ms (cache miss)
286 silly packumentCache full:https://registry.npmjs.org/re2js set size:undefined disposed:false
287 silly fetch manifest @grpc/grpc-js@~1.9.0
288 silly packumentCache full:https://registry.npmjs.org/@grpc%2fgrpc-js cache-miss
289 http fetch GET 200 https://registry.npmjs.org/@firebase%2fanalytics-types 14124ms (cache miss)
290 silly packumentCache full:https://registry.npmjs.org/@firebase%2fanalytics-types set size:undefined disposed:false
291 silly fetch manifest @grpc/proto-loader@^0.7.8
292 silly packumentCache full:https://registry.npmjs.org/@grpc%2fproto-loader cache-miss
293 http fetch GET 200 https://registry.npmjs.org/@firebase%2fdatabase-types 2995ms (cache miss)
294 silly packumentCache full:https://registry.npmjs.org/@firebase%2fdatabase-types set size:undefined disposed:false
295 silly fetch manifest @firebase/webchannel-wrapper@1.0.7
296 silly packumentCache full:https://registry.npmjs.org/@firebase%2fwebchannel-wrapper cache-miss
297 http fetch GET 200 https://registry.npmjs.org/@firebase%2fcomponent 14691ms (cache miss)
298 silly packumentCache full:https://registry.npmjs.org/@firebase%2fcomponent set size:undefined disposed:false
299 silly fetch manifest @firebase/firestore-types@3.0.5
300 silly packumentCache full:https://registry.npmjs.org/@firebase%2ffirestore-types cache-miss
301 http fetch GET 200 https://registry.npmjs.org/@firebase%2flogger 14796ms (cache miss)
302 silly packumentCache full:https://registry.npmjs.org/@firebase%2flogger set size:undefined disposed:false
303 silly fetch manifest @firebase/messaging-interop-types@0.2.6
304 silly packumentCache full:https://registry.npmjs.org/@firebase%2fmessaging-interop-types cache-miss
305 http fetch GET 200 https://registry.npmjs.org/@grpc%2fgrpc-js 1095ms (cache miss)
306 silly packumentCache full:https://registry.npmjs.org/@grpc%2fgrpc-js set size:undefined disposed:false
307 silly fetch manifest @firebase/functions-types@0.6.5
308 silly packumentCache full:https://registry.npmjs.org/@firebase%2ffunctions-types cache-miss
309 http fetch GET 200 https://registry.npmjs.org/@grpc%2fproto-loader 1011ms (cache miss)
310 silly packumentCache full:https://registry.npmjs.org/@grpc%2fproto-loader set size:undefined disposed:false
311 silly fetch manifest @firebase/installations-types@0.5.5
312 silly packumentCache full:https://registry.npmjs.org/@firebase%2finstallations-types cache-miss
313 http fetch GET 200 https://registry.npmjs.org/@firebase%2fcomponent 15365ms (cache miss)
314 silly packumentCache full:https://registry.npmjs.org/@firebase%2fcomponent set size:undefined disposed:false
315 silly fetch manifest @firebase/messaging-interop-types@0.2.6
316 silly packumentCache full:https://registry.npmjs.org/@firebase%2fmessaging-interop-types cache-miss
317 http fetch GET 200 https://registry.npmjs.org/@firebase%2fwebchannel-wrapper 2060ms (cache miss)
318 silly packumentCache full:https://registry.npmjs.org/@firebase%2fwebchannel-wrapper set size:undefined disposed:false
319 silly fetch manifest web-vitals@^4.2.4
320 silly packumentCache full:https://registry.npmjs.org/web-vitals cache-miss
321 http fetch GET 200 https://registry.npmjs.org/@firebase%2fcomponent 17045ms (cache miss)
322 silly packumentCache full:https://registry.npmjs.org/@firebase%2fcomponent set size:undefined disposed:false
323 silly fetch manifest @firebase/performance-types@0.2.5
324 silly packumentCache full:https://registry.npmjs.org/@firebase%2fperformance-types cache-miss
325 http fetch GET 200 https://registry.npmjs.org/@firebase%2fmessaging-interop-types 3042ms (cache miss)
326 silly packumentCache full:https://registry.npmjs.org/@firebase%2fmessaging-interop-types set size:undefined disposed:false
327 silly fetch manifest @firebase/remote-config-types@0.5.2
328 silly packumentCache full:https://registry.npmjs.org/@firebase%2fremote-config-types cache-miss
329 http fetch GET 200 https://registry.npmjs.org/@firebase%2flogger 18355ms (cache miss)
330 silly packumentCache full:https://registry.npmjs.org/@firebase%2flogger set size:undefined disposed:false
331 silly fetch manifest @firebase/storage-types@0.8.5
332 silly packumentCache full:https://registry.npmjs.org/@firebase%2fstorage-types cache-miss
333 http fetch GET 200 https://registry.npmjs.org/@firebase%2fmessaging-interop-types 3048ms (cache miss)
334 silly packumentCache full:https://registry.npmjs.org/@firebase%2fmessaging-interop-types set size:undefined disposed:false
335 http fetch GET 200 https://registry.npmjs.org/@firebase%2flogger 18601ms (cache miss)
336 silly packumentCache full:https://registry.npmjs.org/@firebase%2flogger set size:undefined disposed:false
337 http fetch GET 200 https://registry.npmjs.org/@firebase%2flogger 18739ms (cache miss)
338 silly packumentCache full:https://registry.npmjs.org/@firebase%2flogger set size:undefined disposed:false
339 http fetch GET 200 https://registry.npmjs.org/@firebase%2flogger 18884ms (cache miss)
340 silly packumentCache full:https://registry.npmjs.org/@firebase%2flogger set size:undefined disposed:false
341 http fetch GET 200 https://registry.npmjs.org/web-vitals 2278ms (cache miss)
342 silly packumentCache full:https://registry.npmjs.org/web-vitals set size:undefined disposed:false
343 http fetch GET 200 https://registry.npmjs.org/@firebase%2flogger 19652ms (cache miss)
344 silly packumentCache full:https://registry.npmjs.org/@firebase%2flogger set size:undefined disposed:false
345 http fetch GET 200 https://registry.npmjs.org/@firebase%2fauth-types 13237ms (cache miss)
346 silly packumentCache full:https://registry.npmjs.org/@firebase%2fauth-types set size:undefined disposed:false
347 http fetch GET 200 https://registry.npmjs.org/@firebase%2flogger 21197ms (cache miss)
348 silly packumentCache full:https://registry.npmjs.org/@firebase%2flogger set size:undefined disposed:false
349 http fetch GET 200 https://registry.npmjs.org/@firebase%2ffunctions-types 6377ms (cache miss)
350 silly packumentCache full:https://registry.npmjs.org/@firebase%2ffunctions-types set size:undefined disposed:false
351 http fetch GET 200 https://registry.npmjs.org/@firebase%2fremote-config-types 4085ms (cache miss)
352 silly packumentCache full:https://registry.npmjs.org/@firebase%2fremote-config-types set size:undefined disposed:false
353 http fetch GET 200 https://registry.npmjs.org/@firebase%2finstallations-types 7301ms (cache miss)
354 silly packumentCache full:https://registry.npmjs.org/@firebase%2finstallations-types set size:undefined disposed:false
355 http fetch GET 200 https://registry.npmjs.org/@firebase%2ffirestore-types 8769ms (cache miss)
356 silly packumentCache full:https://registry.npmjs.org/@firebase%2ffirestore-types set size:undefined disposed:false
357 http fetch GET 200 https://registry.npmjs.org/@firebase%2fperformance-types 7606ms (cache miss)
358 silly packumentCache full:https://registry.npmjs.org/@firebase%2fperformance-types set size:undefined disposed:false
359 http fetch GET 200 https://registry.npmjs.org/@firebase%2fstorage-types 6870ms (cache miss)
360 silly packumentCache full:https://registry.npmjs.org/@firebase%2fstorage-types set size:undefined disposed:false
361 http fetch GET 200 https://registry.npmjs.org/@firebase%2fcomponent 27538ms (cache miss)
362 silly packumentCache full:https://registry.npmjs.org/@firebase%2fcomponent set size:undefined disposed:false
363 silly placeDep ROOT @firebase/app-check-interop-types@0.3.5 OK for: @firebase/ai@2.16.0 want: 0.3.5
364 silly placeDep ROOT @firebase/component@0.7.5 OK for: @firebase/ai@2.16.0 want: 0.7.5
365 silly placeDep ROOT @firebase/logger@0.5.2 OK for: @firebase/ai@2.16.0 want: 0.5.2
366 silly placeDep ROOT @firebase/analytics-types@0.8.5 OK for: @firebase/analytics-compat@0.2.31 want: 0.8.5
367 silly placeDep ROOT @firebase/app-check-types@0.5.5 OK for: @firebase/app-check-compat@0.4.7 want: 0.5.5
368 silly fetch manifest @firebase/app-types@0.x
369 silly packumentCache full:https://registry.npmjs.org/@firebase%2fapp-types cache-miss
370 http cache https://registry.npmjs.org/@firebase%2fapp-types 39ms (cache hit)
371 silly packumentCache full:https://registry.npmjs.org/@firebase%2fapp-types set size:8599607 disposed:false
372 silly placeDep ROOT @firebase/auth-types@0.13.2 OK for: @firebase/auth-compat@0.6.11 want: 0.13.2
373 silly placeDep ROOT @firebase/auth-interop-types@0.2.6 OK for: @firebase/data-connect@0.7.4 want: 0.2.6
374 silly placeDep ROOT faye-websocket@0.11.4 OK for: @firebase/database@1.1.5 want: 0.11.4
375 silly fetch manifest websocket-driver@>=0.5.1
376 silly packumentCache full:https://registry.npmjs.org/websocket-driver cache-miss
377 http fetch GET 200 https://registry.npmjs.org/websocket-driver 141ms (cache miss)
378 silly packumentCache full:https://registry.npmjs.org/websocket-driver set size:undefined disposed:false
379 silly placeDep ROOT @firebase/database-types@1.0.22 OK for: @firebase/database-compat@2.1.7 want: 1.0.22
380 silly placeDep ROOT @firebase/webchannel-wrapper@1.0.7 OK for: @firebase/firestore@4.17.2 want: 1.0.7
381 silly placeDep ROOT @grpc/grpc-js@1.9.16 OK for: @firebase/firestore@4.17.2 want: ~1.9.0
382 silly placeDep ROOT @grpc/proto-loader@0.7.15 OK for: @firebase/firestore@4.17.2 want: ^0.7.8
383 silly placeDep ROOT re2js@2.8.6 OK for: @firebase/firestore@4.17.2 want: ^2.8.3
384 silly fetch manifest @types/node@>=12.12.47
385 silly packumentCache full:https://registry.npmjs.org/@types%2fnode cache-miss
386 silly fetch manifest long@^5.0.0
387 silly packumentCache full:https://registry.npmjs.org/long cache-miss
388 silly fetch manifest yargs@^17.7.2
389 silly packumentCache full:https://registry.npmjs.org/yargs cache-miss
390 silly fetch manifest protobufjs@^7.2.5
391 silly packumentCache full:https://registry.npmjs.org/protobufjs cache-miss
392 silly fetch manifest lodash.camelcase@^4.3.0
393 silly packumentCache full:https://registry.npmjs.org/lodash.camelcase cache-miss
394 http fetch GET 200 https://registry.npmjs.org/lodash.camelcase 116ms (cache miss)
395 silly packumentCache full:https://registry.npmjs.org/lodash.camelcase set size:undefined disposed:false
396 http fetch GET 200 https://registry.npmjs.org/@types%2fnode 204ms (cache revalidated)
397 silly packumentCache full:https://registry.npmjs.org/@types%2fnode set size:11150508 disposed:false
398 http fetch GET 200 https://registry.npmjs.org/long 383ms (cache miss)
399 silly packumentCache full:https://registry.npmjs.org/long set size:undefined disposed:false
400 http fetch GET 200 https://registry.npmjs.org/protobufjs 485ms (cache miss)
401 silly packumentCache full:https://registry.npmjs.org/protobufjs set size:undefined disposed:false
402 http fetch GET 200 https://registry.npmjs.org/yargs 611ms (cache miss)
403 silly packumentCache full:https://registry.npmjs.org/yargs set size:undefined disposed:false
404 silly placeDep ROOT @firebase/firestore-types@3.0.5 OK for: @firebase/firestore-compat@0.4.14 want: 3.0.5
405 silly placeDep ROOT @firebase/messaging-interop-types@0.2.6 OK for: @firebase/functions@0.14.0 want: 0.2.6
406 silly placeDep ROOT @firebase/functions-types@0.6.5 OK for: @firebase/functions-compat@0.5.0 want: 0.6.5
407 silly placeDep ROOT @firebase/installations-types@0.5.5 OK for: @firebase/installations-compat@0.2.24 want: 0.5.5
408 silly placeDep ROOT web-vitals@4.2.4 OK for: @firebase/performance@0.7.14 want: ^4.2.4
409 silly placeDep ROOT @firebase/performance-types@0.2.5 OK for: @firebase/performance-compat@0.2.27 want: 0.2.5
410 silly placeDep ROOT @firebase/remote-config-types@0.5.2 OK for: @firebase/remote-config-compat@0.2.29 want: 0.5.2
411 silly placeDep ROOT @firebase/storage-types@0.8.5 OK for: @firebase/storage-compat@0.4.5 want: 0.8.5
412 silly placeDep ROOT @types/node@26.6.2 OK for: @grpc/grpc-js@1.9.16 want: >=12.12.47
413 silly fetch manifest undici-types@~8.9.0
414 silly packumentCache full:https://registry.npmjs.org/undici-types cache-miss
415 http fetch GET 200 https://registry.npmjs.org/undici-types 170ms (cache revalidated)
416 silly packumentCache full:https://registry.npmjs.org/undici-types set size:258898 disposed:false
417 silly placeDep ROOT lodash.camelcase@4.3.0 OK for: @grpc/proto-loader@0.7.15 want: ^4.3.0
418 silly placeDep ROOT long@5.3.2 OK for: @grpc/proto-loader@0.7.15 want: ^5.0.0
419 silly placeDep ROOT protobufjs@7.6.6 OK for: @grpc/proto-loader@0.7.15 want: ^7.2.5
420 silly placeDep ROOT yargs@17.7.3 OK for: @grpc/proto-loader@0.7.15 want: ^17.7.2
421 silly fetch manifest @protobufjs/path@^1.1.2
422 silly packumentCache full:https://registry.npmjs.org/@protobufjs%2fpath cache-miss
423 silly fetch manifest @protobufjs/pool@^1.1.0
424 silly packumentCache full:https://registry.npmjs.org/@protobufjs%2fpool cache-miss
425 silly fetch manifest @protobufjs/utf8@^1.1.1
426 silly packumentCache full:https://registry.npmjs.org/@protobufjs%2futf8 cache-miss
427 silly fetch manifest @protobufjs/fetch@^1.1.1
428 silly packumentCache full:https://registry.npmjs.org/@protobufjs%2ffetch cache-miss
429 silly fetch manifest @protobufjs/float@^1.0.2
430 silly packumentCache full:https://registry.npmjs.org/@protobufjs%2ffloat cache-miss
431 silly fetch manifest @protobufjs/base64@^1.1.2
432 silly packumentCache full:https://registry.npmjs.org/@protobufjs%2fbase64 cache-miss
433 silly fetch manifest @protobufjs/codegen@^2.0.5
434 silly packumentCache full:https://registry.npmjs.org/@protobufjs%2fcodegen cache-miss
435 silly fetch manifest @protobufjs/aspromise@^1.1.2
436 silly packumentCache full:https://registry.npmjs.org/@protobufjs%2faspromise cache-miss
437 silly fetch manifest @protobufjs/eventemitter@^1.1.1
438 silly packumentCache full:https://registry.npmjs.org/@protobufjs%2feventemitter cache-miss
439 silly fetch manifest y18n@^5.0.5
440 silly packumentCache full:https://registry.npmjs.org/y18n cache-miss
441 silly fetch manifest cliui@^8.0.1
442 silly packumentCache full:https://registry.npmjs.org/cliui cache-miss
443 silly fetch manifest string-width@^4.2.3
444 silly packumentCache full:https://registry.npmjs.org/string-width cache-miss
445 silly fetch manifest yargs-parser@^21.1.1
446 silly packumentCache full:https://registry.npmjs.org/yargs-parser cache-miss
447 silly fetch manifest get-caller-file@^2.0.5
448 silly packumentCache full:https://registry.npmjs.org/get-caller-file cache-miss
449 silly fetch manifest require-directory@^2.1.1
450 silly packumentCache full:https://registry.npmjs.org/require-directory cache-miss
451 http fetch GET 200 https://registry.npmjs.org/@protobufjs%2ffloat 262ms (cache miss)
452 silly packumentCache full:https://registry.npmjs.org/@protobufjs%2ffloat set size:undefined disposed:false
453 http fetch GET 200 https://registry.npmjs.org/@protobufjs%2faspromise 266ms (cache miss)
454 silly packumentCache full:https://registry.npmjs.org/@protobufjs%2faspromise set size:undefined disposed:false
455 http fetch GET 200 https://registry.npmjs.org/require-directory 256ms (cache miss)
456 silly packumentCache full:https://registry.npmjs.org/require-directory set size:undefined disposed:false
457 http fetch GET 200 https://registry.npmjs.org/@protobufjs%2feventemitter 272ms (cache miss)
458 silly packumentCache full:https://registry.npmjs.org/@protobufjs%2feventemitter set size:undefined disposed:false
459 http fetch GET 200 https://registry.npmjs.org/@protobufjs%2ffetch 281ms (cache miss)
460 silly packumentCache full:https://registry.npmjs.org/@protobufjs%2ffetch set size:undefined disposed:false
461 http fetch GET 200 https://registry.npmjs.org/get-caller-file 295ms (cache miss)
462 silly packumentCache full:https://registry.npmjs.org/get-caller-file set size:undefined disposed:false
463 http fetch GET 200 https://registry.npmjs.org/@protobufjs%2futf8 318ms (cache miss)
464 silly packumentCache full:https://registry.npmjs.org/@protobufjs%2futf8 set size:undefined disposed:false
465 http fetch GET 200 https://registry.npmjs.org/@protobufjs%2fpool 325ms (cache miss)
466 silly packumentCache full:https://registry.npmjs.org/@protobufjs%2fpool set size:undefined disposed:false
467 http fetch GET 200 https://registry.npmjs.org/string-width 314ms (cache revalidated)
468 silly packumentCache full:https://registry.npmjs.org/string-width set size:72458 disposed:false
469 http fetch GET 200 https://registry.npmjs.org/y18n 321ms (cache miss)
470 silly packumentCache full:https://registry.npmjs.org/y18n set size:undefined disposed:false
471 http fetch GET 200 https://registry.npmjs.org/@protobufjs%2fcodegen 336ms (cache miss)
472 silly packumentCache full:https://registry.npmjs.org/@protobufjs%2fcodegen set size:undefined disposed:false
473 http fetch GET 200 https://registry.npmjs.org/cliui 347ms (cache miss)
474 silly packumentCache full:https://registry.npmjs.org/cliui set size:undefined disposed:false
475 http fetch GET 200 https://registry.npmjs.org/@protobufjs%2fbase64 426ms (cache miss)
476 silly packumentCache full:https://registry.npmjs.org/@protobufjs%2fbase64 set size:undefined disposed:false
477 http fetch GET 200 https://registry.npmjs.org/@protobufjs%2fpath 436ms (cache miss)
478 silly packumentCache full:https://registry.npmjs.org/@protobufjs%2fpath set size:undefined disposed:false
479 http fetch GET 200 https://registry.npmjs.org/yargs-parser 463ms (cache miss)
480 silly packumentCache full:https://registry.npmjs.org/yargs-parser set size:undefined disposed:false
481 silly placeDep ROOT undici-types@8.9.0 OK for: @types/node@26.6.2 want: ~8.9.0
482 silly placeDep ROOT websocket-driver@0.7.5 OK for: faye-websocket@0.11.4 want: >=0.5.1
483 silly fetch manifest http-parser-js@>=0.5.1
484 silly packumentCache full:https://registry.npmjs.org/http-parser-js cache-miss
485 silly fetch manifest safe-buffer@>=5.1.0
486 silly packumentCache full:https://registry.npmjs.org/safe-buffer cache-miss
487 silly fetch manifest websocket-extensions@>=0.1.1
488 silly packumentCache full:https://registry.npmjs.org/websocket-extensions cache-miss
489 http fetch GET 200 https://registry.npmjs.org/websocket-extensions 127ms (cache miss)
490 silly packumentCache full:https://registry.npmjs.org/websocket-extensions set size:undefined disposed:false
491 http fetch GET 200 https://registry.npmjs.org/http-parser-js 171ms (cache miss)
492 silly packumentCache full:https://registry.npmjs.org/http-parser-js set size:undefined disposed:false
493 http fetch GET 200 https://registry.npmjs.org/safe-buffer 209ms (cache revalidated)
494 silly packumentCache full:https://registry.npmjs.org/safe-buffer set size:41183 disposed:false
495 silly placeDep ROOT @protobufjs/aspromise@1.1.2 OK for: protobufjs@7.6.6 want: ^1.1.2
496 silly placeDep ROOT @protobufjs/base64@1.1.2 OK for: protobufjs@7.6.6 want: ^1.1.2
497 silly placeDep ROOT @protobufjs/codegen@2.0.5 OK for: protobufjs@7.6.6 want: ^2.0.5
498 silly placeDep ROOT @protobufjs/eventemitter@1.1.1 OK for: protobufjs@7.6.6 want: ^1.1.1
499 silly placeDep ROOT @protobufjs/fetch@1.1.1 OK for: protobufjs@7.6.6 want: ^1.1.1
500 silly placeDep ROOT @protobufjs/float@1.0.2 OK for: protobufjs@7.6.6 want: ^1.0.2
501 silly placeDep ROOT @protobufjs/path@1.1.2 OK for: protobufjs@7.6.6 want: ^1.1.2
502 silly placeDep ROOT @protobufjs/pool@1.1.0 OK for: protobufjs@7.6.6 want: ^1.1.0
503 silly placeDep ROOT @protobufjs/utf8@1.1.2 OK for: protobufjs@7.6.6 want: ^1.1.1
504 silly fetch manifest react@>=18
505 silly packumentCache full:https://registry.npmjs.org/react cache-miss
506 http cache https://registry.npmjs.org/react 28ms (cache hit)
507 silly packumentCache full:https://registry.npmjs.org/react set size:6997055 disposed:false
508 silly fetch manifest react-dom@>=18
509 silly packumentCache full:https://registry.npmjs.org/react-dom cache-miss
510 http cache https://registry.npmjs.org/react-dom 62ms (cache hit)
511 silly packumentCache full:https://registry.npmjs.org/react-dom set size:9424681 disposed:false
512 silly placeDep ROOT react-router@7.18.4 OK for: react-router-dom@7.18.4 want: 7.18.4
513 silly fetch manifest cookie@^1.0.1
514 silly packumentCache full:https://registry.npmjs.org/cookie cache-miss
515 silly fetch manifest set-cookie-parser@^2.6.0
516 silly packumentCache full:https://registry.npmjs.org/set-cookie-parser cache-miss
517 http fetch GET 200 https://registry.npmjs.org/cookie 173ms (cache miss)
518 silly packumentCache full:https://registry.npmjs.org/cookie set size:undefined disposed:false
519 http fetch GET 200 https://registry.npmjs.org/set-cookie-parser 409ms (cache miss)
520 silly packumentCache full:https://registry.npmjs.org/set-cookie-parser set size:undefined disposed:false
521 silly placeDep ROOT cookie@1.1.1 OK for: react-router@7.18.4 want: ^1.0.1
522 silly placeDep ROOT set-cookie-parser@2.7.2 OK for: react-router@7.18.4 want: ^2.6.0
523 silly placeDep ROOT http-parser-js@0.5.10 OK for: websocket-driver@0.7.5 want: >=0.5.1
524 silly placeDep ROOT safe-buffer@5.2.1 OK for: websocket-driver@0.7.5 want: >=5.1.0
525 silly placeDep ROOT websocket-extensions@0.1.4 OK for: websocket-driver@0.7.5 want: >=0.1.1
526 silly placeDep ROOT cliui@8.0.1 OK for: yargs@17.7.3 want: ^8.0.1
527 silly placeDep ROOT get-caller-file@2.0.5 OK for: yargs@17.7.3 want: ^2.0.5
528 silly placeDep ROOT require-directory@2.1.1 OK for: yargs@17.7.3 want: ^2.1.1
529 silly placeDep ROOT string-width@4.2.3 OK for: yargs@17.7.3 want: ^4.2.3
530 silly placeDep ROOT y18n@5.0.8 OK for: yargs@17.7.3 want: ^5.0.5
531 silly placeDep ROOT yargs-parser@21.1.1 OK for: yargs@17.7.3 want: ^21.1.1
532 silly fetch manifest wrap-ansi@^7.0.0
533 silly packumentCache full:https://registry.npmjs.org/wrap-ansi cache-miss
534 silly fetch manifest strip-ansi@^6.0.1
535 silly packumentCache full:https://registry.npmjs.org/strip-ansi cache-miss
536 silly fetch manifest string-width@^4.2.0
537 silly packumentCache full:https://registry.npmjs.org/string-width cache-hit
538 silly fetch manifest strip-ansi@^6.0.1
539 silly packumentCache full:https://registry.npmjs.org/strip-ansi cache-miss
540 silly fetch manifest emoji-regex@^8.0.0
541 silly packumentCache full:https://registry.npmjs.org/emoji-regex cache-miss
542 silly fetch manifest is-fullwidth-code-point@^3.0.0
543 silly packumentCache full:https://registry.npmjs.org/is-fullwidth-code-point cache-miss
544 http fetch GET 200 https://registry.npmjs.org/wrap-ansi 200ms (cache revalidated)
545 silly packumentCache full:https://registry.npmjs.org/wrap-ansi set size:57461 disposed:false
546 http fetch GET 200 https://registry.npmjs.org/emoji-regex 197ms (cache revalidated)
547 silly packumentCache full:https://registry.npmjs.org/emoji-regex set size:91540 disposed:false
548 http fetch GET 200 https://registry.npmjs.org/strip-ansi 203ms (cache revalidated)
549 silly packumentCache full:https://registry.npmjs.org/strip-ansi set size:44998 disposed:false
550 http fetch GET 200 https://registry.npmjs.org/strip-ansi 207ms (cache revalidated)
551 silly packumentCache full:https://registry.npmjs.org/strip-ansi set size:44998 disposed:false
552 silly packumentCache full:https://registry.npmjs.org/strip-ansi dispose
553 http fetch GET 200 https://registry.npmjs.org/is-fullwidth-code-point 204ms (cache revalidated)
554 silly packumentCache full:https://registry.npmjs.org/is-fullwidth-code-point set size:14578 disposed:false
555 silly placeDep ROOT strip-ansi@6.0.1 OK for: cliui@8.0.1 want: ^6.0.1
556 silly placeDep ROOT wrap-ansi@7.0.0 OK for: cliui@8.0.1 want: ^7.0.0
557 silly fetch manifest ansi-regex@^5.0.1
558 silly packumentCache full:https://registry.npmjs.org/ansi-regex cache-miss
559 silly fetch manifest ansi-styles@^4.0.0
560 silly packumentCache full:https://registry.npmjs.org/ansi-styles cache-miss
561 http fetch GET 200 https://registry.npmjs.org/ansi-styles 194ms (cache revalidated)
562 silly packumentCache full:https://registry.npmjs.org/ansi-styles set size:71772 disposed:false
563 http fetch GET 200 https://registry.npmjs.org/ansi-regex 199ms (cache revalidated)
564 silly packumentCache full:https://registry.npmjs.org/ansi-regex set size:48203 disposed:false
565 silly placeDep ROOT emoji-regex@8.0.0 OK for: string-width@4.2.3 want: ^8.0.0
566 silly placeDep ROOT is-fullwidth-code-point@3.0.0 OK for: string-width@4.2.3 want: ^3.0.0
567 silly placeDep ROOT ansi-regex@5.0.1 OK for: strip-ansi@6.0.1 want: ^5.0.1
568 silly placeDep ROOT ansi-styles@4.3.0 OK for: wrap-ansi@7.0.0 want: ^4.0.0
569 silly fetch manifest color-convert@^2.0.1
570 silly packumentCache full:https://registry.npmjs.org/color-convert cache-miss
571 http fetch GET 200 https://registry.npmjs.org/color-convert 180ms (cache revalidated)
572 silly packumentCache full:https://registry.npmjs.org/color-convert set size:72663 disposed:false
573 silly placeDep ROOT color-convert@2.0.1 OK for: ansi-styles@4.3.0 want: ^2.0.1
574 silly fetch manifest color-name@~1.1.4
575 silly packumentCache full:https://registry.npmjs.org/color-name cache-miss
576 http fetch GET 200 https://registry.npmjs.org/color-name 172ms (cache revalidated)
577 silly packumentCache full:https://registry.npmjs.org/color-name set size:20968 disposed:false
578 silly placeDep ROOT color-name@1.1.4 OK for: color-convert@2.0.1 want: ~1.1.4
579 silly reify moves {}
580 silly audit bulk request {
580 silly audit   '@alloc/quick-lru': [ '5.3.0' ],
580 silly audit   '@apideck/better-ajv-errors': [ '0.3.7' ],
580 silly audit   '@babel/code-frame': [ '7.29.7' ],
580 silly audit   '@babel/compat-data': [ '7.29.7' ],
580 silly audit   '@babel/core': [ '7.29.7' ],
580 silly audit   '@babel/generator': [ '7.29.8' ],
580 silly audit   '@babel/helper-annotate-as-pure': [ '7.29.7' ],
580 silly audit   '@babel/helper-compilation-targets': [ '7.29.7' ],
580 silly audit   '@babel/helper-create-class-features-plugin': [ '7.29.7' ],
580 silly audit   '@babel/helper-create-regexp-features-plugin': [ '7.29.7' ],
580 silly audit   '@babel/helper-define-polyfill-provider': [ '0.6.8' ],
580 silly audit   '@babel/helper-globals': [ '7.29.7' ],
580 silly audit   '@babel/helper-member-expression-to-functions': [ '7.29.7' ],
580 silly audit   '@babel/helper-module-imports': [ '7.29.7' ],
580 silly audit   '@babel/helper-module-transforms': [ '7.29.7' ],
580 silly audit   '@babel/helper-optimise-call-expression': [ '7.29.7' ],
580 silly audit   '@babel/helper-plugin-utils': [ '7.29.7' ],
580 silly audit   '@babel/helper-remap-async-to-generator': [ '7.29.7' ],
580 silly audit   '@babel/helper-replace-supers': [ '7.29.7' ],
580 silly audit   '@babel/helper-skip-transparent-expression-wrappers': [ '7.29.7' ],
580 silly audit   '@babel/helper-string-parser': [ '7.29.7' ],
580 silly audit   '@babel/helper-validator-identifier': [ '7.29.7' ],
580 silly audit   '@babel/helper-validator-option': [ '7.29.7' ],
580 silly audit   '@babel/helper-wrap-function': [ '7.29.7' ],
580 silly audit   '@babel/helpers': [ '7.29.7' ],
580 silly audit   '@babel/parser': [ '7.29.9' ],
580 silly audit   '@babel/plugin-bugfix-firefox-class-in-computed-class-key': [ '7.29.7' ],
580 silly audit   '@babel/plugin-bugfix-safari-class-field-initializer-scope': [ '7.29.7' ],
580 silly audit   '@babel/plugin-bugfix-safari-id-destructuring-collision-in-function-expression': [ '7.29.7' ],
580 silly audit   '@babel/plugin-bugfix-safari-rest-destructuring-rhs-array': [ '7.29.7' ],
580 silly audit   '@babel/plugin-bugfix-v8-spread-parameters-in-optional-chaining': [ '7.29.7' ],
580 silly audit   '@babel/plugin-bugfix-v8-static-class-fields-redefine-readonly': [ '7.29.7' ],
580 silly audit   '@babel/plugin-proposal-private-property-in-object': [ '7.21.0-placeholder-for-preset-env.2' ],
580 silly audit   '@babel/plugin-syntax-import-assertions': [ '7.29.7' ],
580 silly audit   '@babel/plugin-syntax-import-attributes': [ '7.29.7' ],
580 silly audit   '@babel/plugin-syntax-unicode-sets-regex': [ '7.18.6' ],
580 silly audit   '@babel/plugin-transform-arrow-functions': [ '7.29.7' ],
580 silly audit   '@babel/plugin-transform-async-generator-functions': [ '7.29.7' ],
580 silly audit   '@babel/plugin-transform-async-to-generator': [ '7.29.7' ],
580 silly audit   '@babel/plugin-transform-block-scoped-functions': [ '7.29.7' ],
580 silly audit   '@babel/plugin-transform-block-scoping': [ '7.29.7' ],
580 silly audit   '@babel/plugin-transform-class-properties': [ '7.29.7' ],
580 silly audit   '@babel/plugin-transform-class-static-block': [ '7.29.7' ],
580 silly audit   '@babel/plugin-transform-classes': [ '7.29.7' ],
580 silly audit   '@babel/plugin-transform-computed-properties': [ '7.29.7' ],
580 silly audit   '@babel/plugin-transform-destructuring': [ '7.29.7' ],
580 silly audit   '@babel/plugin-transform-dotall-regex': [ '7.29.7' ],
580 silly audit   '@babel/plugin-transform-duplicate-keys': [ '7.29.7' ],
580 silly audit   '@babel/plugin-transform-duplicate-named-capturing-groups-regex': [ '7.29.7' ],
580 silly audit   '@babel/plugin-transform-dynamic-import': [ '7.29.7' ],
580 silly audit   '@babel/plugin-transform-explicit-resource-management': [ '7.29.7' ],
580 silly audit   '@babel/plugin-transform-exponentiation-operator': [ '7.29.7' ],
580 silly audit   '@babel/plugin-transform-export-namespace-from': [ '7.29.7' ],
580 silly audit   '@babel/plugin-transform-for-of': [ '7.29.7' ],
580 silly audit   '@babel/plugin-transform-function-name': [ '7.29.7' ],
580 silly audit   '@babel/plugin-transform-json-strings': [ '7.29.7' ],
580 silly audit   '@babel/plugin-transform-literals': [ '7.29.7' ],
580 silly audit   '@babel/plugin-transform-logical-assignment-operators': [ '7.29.7' ],
580 silly audit   '@babel/plugin-transform-member-expression-literals': [ '7.29.7' ],
580 silly audit   '@babel/plugin-transform-modules-amd': [ '7.29.7' ],
580 silly audit   '@babel/plugin-transform-modules-commonjs': [ '7.29.7' ],
580 silly audit   '@babel/plugin-transform-modules-systemjs': [ '7.29.8' ],
580 silly audit   '@babel/plugin-transform-modules-umd': [ '7.29.7' ],
580 silly audit   '@babel/plugin-transform-named-capturing-groups-regex': [ '7.29.7' ],
580 silly audit   '@babel/plugin-transform-new-target': [ '7.29.7' ],
580 silly audit   '@babel/plugin-transform-nullish-coalescing-operator': [ '7.29.7' ],
580 silly audit   '@babel/plugin-transform-numeric-separator': [ '7.29.7' ],
580 silly audit   '@babel/plugin-transform-object-rest-spread': [ '7.29.7' ],
580 silly audit   '@babel/plugin-transform-object-super': [ '7.29.7' ],
580 silly audit   '@babel/plugin-transform-optional-catch-binding': [ '7.29.7' ],
580 silly audit   '@babel/plugin-transform-optional-chaining': [ '7.29.7' ],
580 silly audit   '@babel/plugin-transform-parameters': [ '7.29.7' ],
580 silly audit   '@babel/plugin-transform-private-methods': [ '7.29.7' ],
580 silly audit   '@babel/plugin-transform-private-property-in-object': [ '7.29.7' ],
580 silly audit   '@babel/plugin-transform-property-literals': [ '7.29.7' ],
580 silly audit   '@babel/plugin-transform-regenerator': [ '7.29.8' ],
580 silly audit   '@babel/plugin-transform-regexp-modifiers': [ '7.29.7' ],
580 silly audit   '@babel/plugin-transform-reserved-words': [ '7.29.7' ],
580 silly audit   '@babel/plugin-transform-shorthand-properties': [ '7.29.7' ],
580 silly audit   '@babel/plugin-transform-spread': [ '7.29.8' ],
580 silly audit   '@babel/plugin-transform-sticky-regex': [ '7.29.7' ],
580 silly audit   '@babel/plugin-transform-template-literals': [ '7.29.7' ],
580 silly audit   '@babel/plugin-transform-typeof-symbol': [ '7.29.7' ],
580 silly audit   '@babel/plugin-transform-unicode-escapes': [ '7.29.7' ],
580 silly audit   '@babel/plugin-transform-unicode-property-regex': [ '7.29.7' ],
580 silly audit   '@babel/plugin-transform-unicode-regex': [ '7.29.7' ],
580 silly audit   '@babel/plugin-transform-unicode-sets-regex': [ '7.29.7' ],
580 silly audit   '@babel/preset-env': [ '7.29.7' ],
580 silly audit   '@babel/preset-modules': [ '0.1.6-no-external-plugins' ],
580 silly audit   '@babel/runtime': [ '7.29.7' ],
580 silly audit   '@babel/template': [ '7.29.7' ],
580 silly audit   '@babel/traverse': [ '7.29.8' ],
580 silly audit   '@babel/types': [ '7.29.8' ],
580 silly audit   '@capacitor/core': [ '8.5.2' ],
580 silly audit   '@capacitor/haptics': [ '8.0.2' ],
580 silly audit   '@capacitor/status-bar': [ '8.0.3' ],
580 silly audit   '@isaacs/cliui': [ '9.0.0' ],
580 silly audit   '@jridgewell/gen-mapping': [ '0.3.13' ],
580 silly audit   '@jridgewell/remapping': [ '2.3.5' ],
580 silly audit   '@jridgewell/resolve-uri': [ '3.1.2' ],
580 silly audit   '@jridgewell/source-map': [ '0.3.11' ],
580 silly audit   '@jridgewell/sourcemap-codec': [ '1.6.0' ],
580 silly audit   '@jridgewell/trace-mapping': [ '0.3.31' ],
580 silly audit   '@napi-rs/lzma-linux-x64-gnu': [ '1.5.1' ],
580 silly audit   '@oxc-project/types': [ '0.150.0' ],
580 silly audit   '@oxlint/binding-android-arm-eabi': [ '1.83.0' ],
580 silly audit   '@oxlint/binding-android-arm64': [ '1.83.0' ],
580 silly audit   '@oxlint/binding-darwin-arm64': [ '1.83.0' ],
580 silly audit   '@oxlint/binding-darwin-x64': [ '1.83.0' ],
580 silly audit   '@oxlint/binding-freebsd-x64': [ '1.83.0' ],
580 silly audit   '@oxlint/binding-linux-arm-gnueabihf': [ '1.83.0' ],
580 silly audit   '@oxlint/binding-linux-arm-musleabihf': [ '1.83.0' ],
580 silly audit   '@oxlint/binding-linux-arm64-gnu': [ '1.83.0' ],
580 silly audit   '@oxlint/binding-linux-arm64-musl': [ '1.83.0' ],
580 silly audit   '@oxlint/binding-linux-ppc64-gnu': [ '1.83.0' ],
580 silly audit   '@oxlint/binding-linux-riscv64-gnu': [ '1.83.0' ],
580 silly audit   '@oxlint/binding-linux-riscv64-musl': [ '1.83.0' ],
580 silly audit   '@oxlint/binding-linux-s390x-gnu': [ '1.83.0' ],
580 silly audit   '@oxlint/binding-linux-x64-gnu': [ '1.83.0' ],
580 silly audit   '@oxlint/binding-linux-x64-musl': [ '1.83.0' ],
580 silly audit   '@oxlint/binding-openharmony-arm64': [ '1.83.0' ],
580 silly audit   '@oxlint/binding-win32-arm64-msvc': [ '1.83.0' ],
580 silly audit   '@oxlint/binding-win32-ia32-msvc': [ '1.83.0' ],
580 silly audit   '@oxlint/binding-win32-x64-msvc': [ '1.83.0' ],
580 silly audit   '@rolldown/binding-android-arm-eabi': [ '1.2.9' ],
580 silly audit   '@rolldown/binding-android-arm64': [ '1.2.9' ],
580 silly audit   '@rolldown/binding-darwin-arm64': [ '1.2.9' ],
580 silly audit   '@rolldown/binding-darwin-x64': [ '1.2.9' ],
580 silly audit   '@rolldown/binding-freebsd-x64': [ '1.2.9' ],
580 silly audit   '@rolldown/binding-linux-arm-gnueabihf': [ '1.2.9' ],
580 silly audit   '@rolldown/binding-linux-arm64-gnu': [ '1.2.9' ],
580 silly audit   '@rolldown/binding-linux-arm64-musl': [ '1.2.9' ],
580 silly audit   '@rolldown/binding-linux-ppc64-gnu': [ '1.2.9' ],
580 silly audit   '@rolldown/binding-linux-s390x-gnu': [ '1.2.9' ],
580 silly audit   '@rolldown/binding-linux-x64-gnu': [ '1.2.9' ],
580 silly audit   '@rolldown/binding-linux-x64-musl': [ '1.2.9' ],
580 silly audit   '@rolldown/binding-openharmony-arm64': [ '1.2.9' ],
580 silly audit   '@rolldown/binding-win32-arm64-msvc': [ '1.2.9' ],
580 silly audit   '@rolldown/binding-win32-x64-msvc': [ '1.2.9' ],
580 silly audit   '@rolldown/pluginutils': [ '1.0.1' ],
580 silly audit   '@rollup/plugin-babel': [ '6.1.0' ],
580 silly audit   '@rollup/plugin-node-resolve': [ '16.0.3' ],
580 silly audit   '@rollup/plugin-replace': [ '6.0.3' ],
580 silly audit   '@rollup/plugin-terser': [ '1.0.0' ],
580 silly audit   '@rollup/pluginutils': [ '5.4.0' ],
580 silly audit   '@rollup/rollup-android-arm-eabi': [ '4.63.4' ],
580 silly audit   '@rollup/rollup-android-arm64': [ '4.63.4' ],
580 silly audit   '@rollup/rollup-darwin-arm64': [ '4.63.4' ],
580 silly audit   '@rollup/rollup-darwin-x64': [ '4.63.4' ],
580 silly audit   '@rollup/rollup-freebsd-arm64': [ '4.63.4' ],
580 silly audit   '@rollup/rollup-freebsd-x64': [ '4.63.4' ],
580 silly audit   '@rollup/rollup-linux-arm-gnueabihf': [ '4.63.4' ],
580 silly audit   '@rollup/rollup-linux-arm-musleabihf': [ '4.63.4' ],
580 silly audit   '@rollup/rollup-linux-arm64-gnu': [ '4.63.4' ],
580 silly audit   '@rollup/rollup-linux-arm64-musl': [ '4.63.4' ],
580 silly audit   '@rollup/rollup-linux-loong64-gnu': [ '4.63.4' ],
580 silly audit   '@rollup/rollup-linux-loong64-musl': [ '4.63.4' ],
580 silly audit   '@rollup/rollup-linux-ppc64-gnu': [ '4.63.4' ],
580 silly audit   '@rollup/rollup-linux-ppc64-musl': [ '4.63.4' ],
580 silly audit   '@rollup/rollup-linux-riscv64-gnu': [ '4.63.4' ],
580 silly audit   '@rollup/rollup-linux-riscv64-musl': [ '4.63.4' ],
580 silly audit   '@rollup/rollup-linux-s390x-gnu': [ '4.63.4' ],
580 silly audit   '@rollup/rollup-linux-x64-gnu': [ '4.63.4' ],
580 silly audit   '@rollup/rollup-linux-x64-musl': [ '4.63.4' ],
580 silly audit   '@rollup/rollup-openbsd-x64': [ '4.63.4' ],
580 silly audit   '@rollup/rollup-openharmony-arm64': [ '4.63.4' ],
580 silly audit   '@rollup/rollup-win32-arm64-msvc': [ '4.63.4' ],
580 silly audit   '@rollup/rollup-win32-ia32-msvc': [ '4.63.4' ],
580 silly audit   '@rollup/rollup-win32-x64-gnu': [ '4.63.4' ],
580 silly audit   '@rollup/rollup-win32-x64-msvc': [ '4.63.4' ],
580 silly audit   '@tailwindcss/node': [ '4.3.3' ],
580 silly audit   lightningcss: [ '1.32.0', '1.33.0' ],
580 silly audit   'lightningcss-android-arm64': [ '1.32.0', '1.33.0' ],
580 silly audit   'lightningcss-darwin-arm64': [ '1.32.0', '1.33.0' ],
580 silly audit   'lightningcss-darwin-x64': [ '1.32.0', '1.33.0' ],
580 silly audit   'lightningcss-freebsd-x64': [ '1.32.0', '1.33.0' ],
580 silly audit   'lightningcss-linux-arm-gnueabihf': [ '1.32.0', '1.33.0' ],
580 silly audit   'lightningcss-linux-arm64-gnu': [ '1.32.0', '1.33.0' ],
580 silly audit   'lightningcss-linux-arm64-musl': [ '1.32.0', '1.33.0' ],
580 silly audit   'lightningcss-linux-x64-gnu': [ '1.32.0', '1.33.0' ],
580 silly audit   'lightningcss-linux-x64-musl': [ '1.32.0', '1.33.0' ],
580 silly audit   'lightningcss-win32-arm64-msvc': [ '1.32.0', '1.33.0' ],
580 silly audit   'lightningcss-win32-x64-msvc': [ '1.32.0', '1.33.0' ],
580 silly audit   '@tailwindcss/oxide': [ '4.3.3' ],
580 silly audit   '@tailwindcss/oxide-android-arm64': [ '4.3.3' ],
580 silly audit   '@tailwindcss/oxide-darwin-arm64': [ '4.3.3' ],
580 silly audit   '@tailwindcss/oxide-darwin-x64': [ '4.3.3' ],
580 silly audit   '@tailwindcss/oxide-freebsd-x64': [ '4.3.3' ],
580 silly audit   '@tailwindcss/oxide-linux-arm-gnueabihf': [ '4.3.3' ],
580 silly audit   '@tailwindcss/oxide-linux-arm64-gnu': [ '4.3.3' ],
580 silly audit   '@tailwindcss/oxide-linux-arm64-musl': [ '4.3.3' ],
580 silly audit   '@tailwindcss/oxide-linux-x64-gnu': [ '4.3.3' ],
580 silly audit   '@tailwindcss/oxide-linux-x64-musl': [ '4.3.3' ],
580 silly audit   '@tailwindcss/oxide-wasm32-wasi': [ '4.3.3' ],
580 silly audit   '@tailwindcss/oxide-win32-arm64-msvc': [ '4.3.3' ],
580 silly audit   '@tailwindcss/oxide-win32-x64-msvc': [ '4.3.3' ],
580 silly audit   '@tailwindcss/postcss': [ '4.3.3' ],
580 silly audit   '@trickfilm400/rollup-plugin-off-main-thread': [ '3.0.0-pre1' ],
580 silly audit   '@types/estree': [ '1.0.9' ],
580 silly audit   '@types/react': [ '19.3.0' ],
580 silly audit   '@types/react-dom': [ '19.3.0' ],
580 silly audit   '@types/resolve': [ '1.20.2' ],
580 silly audit   '@types/trusted-types': [ '2.0.7' ],
580 silly audit   '@vitejs/plugin-react': [ '6.1.1' ],
580 silly audit   acorn: [ '8.18.0' ],
580 silly audit   ajv: [ '8.20.0' ],
580 silly audit   'array-buffer-byte-length': [ '1.0.2' ],
580 silly audit   'arraybuffer.prototype.slice': [ '1.0.4' ],
580 silly audit   async: [ '3.2.6' ],
580 silly audit   'async-function': [ '1.0.0' ],
580 silly audit   'at-least-node': [ '1.0.0' ],
580 silly audit   autoprefixer: [ '10.6.1' ],
580 silly audit   'available-typed-arrays': [ '1.0.7' ],
580 silly audit   'babel-plugin-polyfill-corejs2': [ '0.4.17' ],
580 silly audit   'babel-plugin-polyfill-corejs3': [ '0.14.2' ],
580 silly audit   'babel-plugin-polyfill-regenerator': [ '0.6.8' ],
580 silly audit   'balanced-match': [ '4.0.4', '1.0.2' ],
580 silly audit   'baseline-browser-mapping': [ '2.11.25' ],
580 silly audit   'brace-expansion': [ '5.0.12', '2.1.7' ],
580 silly audit   browserslist: [ '4.29.0' ],
580 silly audit   'buffer-from': [ '1.1.2' ],
580 silly audit   'call-bind': [ '1.0.9' ],
580 silly audit   'call-bind-apply-helpers': [ '1.0.2' ],
580 silly audit   'call-bound': [ '1.0.4' ],
580 silly audit   'caniuse-lite': [ '1.0.30001810' ],
580 silly audit   commander: [ '2.20.3' ],
580 silly audit   'common-tags': [ '1.8.2' ],
580 silly audit   'convert-source-map': [ '2.0.0' ],
580 silly audit   'core-js-compat': [ '3.50.0' ],
580 silly audit   'cross-spawn': [ '7.0.6' ],
580 silly audit   'crypto-random-string': [ '2.0.0' ],
580 silly audit   csstype: [ '3.2.3' ],
580 silly audit   'data-view-buffer': [ '1.0.2' ],
580 silly audit   'data-view-byte-length': [ '1.0.2' ],
580 silly audit   'data-view-byte-offset': [ '1.0.1' ],
580 silly audit   debug: [ '4.4.3' ],
580 silly audit   deepmerge: [ '4.3.1' ],
580 silly audit   'define-data-property': [ '1.1.4' ],
580 silly audit   'define-properties': [ '1.2.1' ],
580 silly audit   'detect-libc': [ '2.1.2' ],
580 silly audit   'dunder-proto': [ '1.0.1' ],
580 silly audit   ejs: [ '3.1.10' ],
580 silly audit   'electron-to-chromium': [ '1.5.433' ],
580 silly audit   'enhanced-resolve': [ '5.25.1' ],
580 silly audit   'es-abstract': [ '1.24.2' ],
580 silly audit   'es-abstract-get': [ '1.0.0' ],
580 silly audit   'es-define-property': [ '1.0.1' ],
580 silly audit   'es-errors': [ '1.3.0' ],
580 silly audit   'es-object-atoms': [ '1.1.2' ],
580 silly audit   'es-set-tostringtag': [ '2.1.0' ],
580 silly audit   'es-to-primitive': [ '1.3.4' ],
580 silly audit   escalade: [ '3.2.0' ],
580 silly audit   'estree-walker': [ '2.0.2' ],
580 silly audit   esutils: [ '2.0.3' ],
580 silly audit   eta: [ '4.6.0' ],
580 silly audit   'fast-deep-equal': [ '3.1.3' ],
580 silly audit   'fast-json-stable-stringify': [ '2.1.0' ],
580 silly audit   'fast-uri': [ '3.1.8' ],
580 silly audit   fdir: [ '6.5.0' ],
580 silly audit   filelist: [ '1.0.6' ],
580 silly audit   minimatch: [ '5.1.9', '10.2.6' ],
580 silly audit   'for-each': [ '0.3.5' ],
580 silly audit   'foreground-child': [ '3.3.1' ],
580 silly audit   'fraction.js': [ '5.3.4' ],
580 silly audit   'fs-extra': [ '9.1.0' ],
580 silly audit   fsevents: [ '2.3.3' ],
580 silly audit   'function-bind': [ '1.1.2' ],
580 silly audit   'function.prototype.name': [ '1.2.0' ],
580 silly audit   'functions-have-names': [ '1.2.3' ],
580 silly audit   'generator-function': [ '2.0.1' ],
580 silly audit   gensync: [ '1.0.0-beta.2' ],
580 silly audit   'get-intrinsic': [ '1.3.0' ],
580 silly audit   'get-own-enumerable-property-symbols': [ '3.0.2' ],
580 silly audit   'get-proto': [ '1.0.1' ],
580 silly audit   'get-symbol-description': [ '1.1.0' ],
580 silly audit   glob: [ '11.1.0' ],
580 silly audit   globalthis: [ '1.0.4' ],
580 silly audit   gopd: [ '1.2.0' ],
580 silly audit   'graceful-fs': [ '4.2.11' ],
580 silly audit   'has-bigints': [ '1.1.0' ],
580 silly audit   'has-property-descriptors': [ '1.0.2' ],
580 silly audit   'has-proto': [ '1.2.0' ],
580 silly audit   'has-symbols': [ '1.1.0' ],
580 silly audit   'has-tostringtag': [ '1.0.2' ],
580 silly audit   hasown: [ '2.0.4' ],
580 silly audit   idb: [ '7.1.1' ],
580 silly audit   'internal-slot': [ '1.1.0' ],
580 silly audit   'is-array-buffer': [ '3.0.5' ],
580 silly audit   'is-async-function': [ '2.1.1' ],
580 silly audit   'is-bigint': [ '1.1.0' ],
580 silly audit   'is-boolean-object': [ '1.2.2' ],
580 silly audit   'is-callable': [ '1.2.7' ],
580 silly audit   'is-core-module': [ '2.17.0' ],
580 silly audit   'is-data-view': [ '1.0.2' ],
580 silly audit   'is-date-object': [ '1.1.0' ],
580 silly audit   'is-document.all': [ '1.0.0' ],
580 silly audit   'is-finalizationregistry': [ '1.1.1' ],
580 silly audit   'is-generator-function': [ '1.1.2' ],
580 silly audit   'is-map': [ '2.0.3' ],
580 silly audit   'is-module': [ '1.0.0' ],
580 silly audit   'is-negative-zero': [ '2.0.3' ],
580 silly audit   'is-number-object': [ '1.1.1' ],
580 silly audit   'is-obj': [ '1.0.1' ],
580 silly audit   'is-regex': [ '1.2.1' ],
580 silly audit   'is-regexp': [ '1.0.0' ],
580 silly audit   'is-set': [ '2.0.3' ],
580 silly audit   'is-shared-array-buffer': [ '1.0.4' ],
580 silly audit   'is-stream': [ '2.0.1' ],
580 silly audit   'is-string': [ '1.1.1' ],
580 silly audit   'is-symbol': [ '1.1.1' ],
580 silly audit   'is-typed-array': [ '1.1.15' ],
580 silly audit   'is-weakmap': [ '2.0.2' ],
580 silly audit   'is-weakref': [ '1.1.1' ],
580 silly audit   'is-weakset': [ '2.0.4' ],
580 silly audit   isarray: [ '2.0.5' ],
580 silly audit   isexe: [ '2.0.0' ],
580 silly audit   jackspeak: [ '4.2.3' ],
580 silly audit   jake: [ '10.9.4' ],
580 silly audit   jiti: [ '2.7.0' ],
580 silly audit   'js-tokens': [ '4.0.0' ],
580 silly audit   jsesc: [ '3.1.0' ],
580 silly audit   'json-schema-traverse': [ '1.0.0' ],
580 silly audit   json5: [ '2.2.3' ],
580 silly audit   jsonfile: [ '6.2.1' ],
580 silly audit   jsonpointer: [ '5.0.1' ],
580 silly audit   leven: [ '3.1.0' ],
580 silly audit   'lodash.debounce': [ '4.0.8' ],
580 silly audit   'lru-cache': [ '5.1.1', '11.5.3' ],
580 silly audit   'magic-string': [ '0.30.21' ],
580 silly audit   'math-intrinsics': [ '1.1.0' ],
580 silly audit   minipass: [ '7.1.3' ],
580 silly audit   ms: [ '2.1.3' ],
580 silly audit   nanoid: [ '3.3.19' ],
580 silly audit   'node-releases': [ '2.0.56' ],
580 silly audit   'object-inspect': [ '1.13.4' ],
580 silly audit   'object-keys': [ '1.1.1' ],
580 silly audit   'object.assign': [ '4.1.7' ],
580 silly audit   'own-keys': [ '1.0.2' ],
580 silly audit   oxlint: [ '1.83.0' ],
580 silly audit   'package-json-from-dist': [ '1.0.1' ],
580 silly audit   'path-key': [ '3.1.1' ],
580 silly audit   'path-parse': [ '1.0.7' ],
580 silly audit   'path-scurry': [ '2.0.2' ],
580 silly audit   picocolors: [ '1.1.1' ],
580 silly audit   picomatch: [ '4.0.7' ],
580 silly audit   'possible-typed-array-names': [ '1.1.0' ],
580 silly audit   postcss: [ '8.5.28' ],
580 silly audit   'postcss-value-parser': [ '4.2.0' ],
580 silly audit   'pretty-bytes': [ '6.1.1', '5.6.0' ],
580 silly audit   react: [ '19.3.0' ],
580 silly audit   'react-dom': [ '19.3.0' ],
580 silly audit   'reflect.getprototypeof': [ '1.0.10' ],
580 silly audit   regenerate: [ '1.4.2' ],
580 silly audit   'regenerate-unicode-properties': [ '10.2.2' ],
580 silly audit   'regexp.prototype.flags': [ '1.5.4' ],
580 silly audit   'regexpu-core': [ '6.4.0' ],
580 silly audit   regjsgen: [ '0.8.0' ],
580 silly audit   regjsparser: [ '0.13.3' ],
580 silly audit   'require-from-string': [ '2.0.2' ],
580 silly audit   resolve: [ '1.22.12' ],
580 silly audit   rolldown: [ '1.2.9' ],
580 silly audit   rollup: [ '4.63.4' ],
580 silly audit   'safe-array-concat': [ '1.1.4' ],
580 silly audit   'safe-push-apply': [ '1.0.0' ],
580 silly audit   'safe-regex-test': [ '1.1.0' ],
580 silly audit   scheduler: [ '0.28.0' ],
580 silly audit   semver: [ '6.3.1' ],
580 silly audit   'serialize-javascript': [ '7.1.1' ],
580 silly audit   'set-function-length': [ '1.2.2' ],
580 silly audit   'set-function-name': [ '2.0.2' ],
580 silly audit   'set-proto': [ '1.0.0' ],
580 silly audit   'shebang-command': [ '2.0.0' ],
580 silly audit   'shebang-regex': [ '3.0.0' ],
580 silly audit   'side-channel': [ '1.1.1' ],
580 silly audit   'side-channel-list': [ '1.0.1' ],
580 silly audit   'side-channel-map': [ '1.0.1' ],
580 silly audit   'side-channel-weakmap': [ '1.0.2' ],
580 silly audit   'signal-exit': [ '4.1.0' ],
580 silly audit   smob: [ '1.6.2' ],
580 silly audit   'source-map': [ '0.8.0', '0.6.1' ],
580 silly audit   'source-map-js': [ '1.2.1' ],
580 silly audit   'source-map-support': [ '0.5.21' ],
580 silly audit   'stop-iteration-iterator': [ '1.1.0' ],
580 silly audit   'string.prototype.matchall': [ '4.1.0' ],
580 silly audit   'string.prototype.trim': [ '1.2.11' ],
580 silly audit   'string.prototype.trimend': [ '1.0.10' ],
580 silly audit   'string.prototype.trimstart': [ '1.0.8' ],
580 silly audit   'stringify-object': [ '3.3.0' ],
580 silly audit   'strip-comments': [ '2.0.1' ],
580 silly audit   'supports-preserve-symlinks-flag': [ '1.0.0' ],
580 silly audit   tailwindcss: [ '4.3.3' ],
580 silly audit   tapable: [ '2.3.3' ],
580 silly audit   'temp-dir': [ '2.0.0' ],
580 silly audit   tempy: [ '0.6.0' ],
580 silly audit   terser: [ '5.51.2' ],
580 silly audit   tinyglobby: [ '0.2.17' ],
580 silly audit   tslib: [ '2.8.1' ],
580 silly audit   'type-fest': [ '0.16.0' ],
580 silly audit   'typed-array-buffer': [ '1.0.3' ],
580 silly audit   'typed-array-byte-length': [ '1.0.3' ],
580 silly audit   'typed-array-byte-offset': [ '1.0.5' ],
580 silly audit   'typed-array-length': [ '1.0.8' ],
580 silly audit   'unbox-primitive': [ '1.1.0' ],
580 silly audit   'unicode-canonical-property-names-ecmascript': [ '2.0.1' ],
580 silly audit   'unicode-match-property-ecmascript': [ '2.0.0' ],
580 silly audit   'unicode-match-property-value-ecmascript': [ '2.2.1' ],
580 silly audit   'unicode-property-aliases-ecmascript': [ '2.2.0' ],
580 silly audit   'unique-string': [ '2.0.0' ],
580 silly audit   universalify: [ '2.0.1' ],
580 silly audit   upath: [ '1.2.0' ],
580 silly audit   'update-browserslist-db': [ '1.3.3' ],
580 silly audit   vite: [ '8.3.0' ],
580 silly audit   'vite-plugin-pwa': [ '1.3.0' ],
580 silly audit   which: [ '2.0.2' ],
580 silly audit   'which-boxed-primitive': [ '1.1.1' ],
580 silly audit   'which-builtin-type': [ '1.2.1' ],
580 silly audit   'which-collection': [ '1.0.2' ],
580 silly audit   'which-typed-array': [ '1.1.24' ],
580 silly audit   'workbox-background-sync': [ '7.4.1' ],
580 silly audit   'workbox-broadcast-update': [ '7.4.1' ],
580 silly audit   'workbox-build': [ '7.4.1' ],
580 silly audit   'workbox-cacheable-response': [ '7.4.1' ],
580 silly audit   'workbox-core': [ '7.4.1' ],
580 silly audit   'workbox-expiration': [ '7.4.1' ],
580 silly audit   'workbox-google-analytics': [ '7.4.1' ],
580 silly audit   'workbox-navigation-preload': [ '7.4.1' ],
580 silly audit   'workbox-precaching': [ '7.4.1' ],
580 silly audit   'workbox-range-requests': [ '7.4.1' ],
580 silly audit   'workbox-recipes': [ '7.4.1' ],
580 silly audit   'workbox-routing': [ '7.4.1' ],
580 silly audit   'workbox-strategies': [ '7.4.1' ],
580 silly audit   'workbox-streams': [ '7.4.1' ],
580 silly audit   'workbox-sw': [ '7.4.1' ],
580 silly audit   'workbox-window': [ '7.4.1' ],
580 silly audit   yallist: [ '3.1.1' ],
580 silly audit   '@capacitor/camera': [ '8.2.4' ],
580 silly audit   '@capacitor/splash-screen': [ '8.0.2' ],
580 silly audit   firebase: [ '12.19.0' ],
580 silly audit   'react-router-dom': [ '7.18.4' ],
580 silly audit   zustand: [ '5.0.15' ],
580 silly audit   '@firebase/ai': [ '2.16.0' ],
580 silly audit   '@firebase/app': [ '0.16.2' ],
580 silly audit   '@firebase/app-types': [ '0.9.6' ],
580 silly audit   '@firebase/analytics': [ '0.10.25' ],
580 silly audit   '@firebase/analytics-compat': [ '0.2.31' ],
580 silly audit   '@firebase/app-compat': [ '0.5.18' ],
580 silly audit   '@firebase/app-check': [ '0.13.1' ],
580 silly audit   '@firebase/app-check-compat': [ '0.4.7' ],
580 silly audit   '@firebase/auth': [ '1.13.6' ],
580 silly audit   '@firebase/auth-compat': [ '0.6.11' ],
580 silly audit   '@firebase/data-connect': [ '0.7.4' ],
580 silly audit   '@firebase/database': [ '1.1.5' ],
580 silly audit   '@firebase/database-compat': [ '2.1.7' ],
580 silly audit   '@firebase/firestore': [ '4.17.2' ],
580 silly audit   '@firebase/firestore-compat': [ '0.4.14' ],
580 silly audit   '@firebase/functions': [ '0.14.0' ],
580 silly audit   '@firebase/functions-compat': [ '0.5.0' ],
580 silly audit   '@firebase/installations': [ '0.6.24' ],
580 silly audit   '@firebase/installations-compat': [ '0.2.24' ],
580 silly audit   '@firebase/messaging': [ '0.13.3' ],
580 silly audit   '@firebase/messaging-compat': [ '0.2.30' ],
580 silly audit   '@firebase/performance': [ '0.7.14' ],
580 silly audit   '@firebase/performance-compat': [ '0.2.27' ],
580 silly audit   '@firebase/remote-config': [ '0.9.2' ],
580 silly audit   '@firebase/remote-config-compat': [ '0.2.29' ],
580 silly audit   '@firebase/storage': [ '0.14.5' ],
580 silly audit   '@firebase/storage-compat': [ '0.4.5' ],
580 silly audit   '@firebase/util': [ '1.15.3' ],
580 silly audit   '@firebase/app-check-interop-types': [ '0.3.5' ],
580 silly audit   '@firebase/component': [ '0.7.5' ],
580 silly audit   '@firebase/logger': [ '0.5.2' ],
580 silly audit   '@firebase/analytics-types': [ '0.8.5' ],
580 silly audit   '@firebase/app-check-types': [ '0.5.5' ],
580 silly audit   '@firebase/auth-types': [ '0.13.2' ],
580 silly audit   '@firebase/auth-interop-types': [ '0.2.6' ],
580 silly audit   'faye-websocket': [ '0.11.4' ],
580 silly audit   '@firebase/database-types': [ '1.0.22' ],
580 silly audit   '@firebase/webchannel-wrapper': [ '1.0.7' ],
580 silly audit   '@grpc/grpc-js': [ '1.9.16' ],
580 silly audit   '@grpc/proto-loader': [ '0.7.15' ],
580 silly audit   re2js: [ '2.8.6' ],
580 silly audit   '@firebase/firestore-types': [ '3.0.5' ],
580 silly audit   '@firebase/messaging-interop-types': [ '0.2.6' ],
580 silly audit   '@firebase/functions-types': [ '0.6.5' ],
580 silly audit   '@firebase/installations-types': [ '0.5.5' ],
580 silly audit   'web-vitals': [ '4.2.4' ],
580 silly audit   '@firebase/performance-types': [ '0.2.5' ],
580 silly audit   '@firebase/remote-config-types': [ '0.5.2' ],
580 silly audit   '@firebase/storage-types': [ '0.8.5' ],
580 silly audit   '@types/node': [ '26.6.2' ],
580 silly audit   'lodash.camelcase': [ '4.3.0' ],
580 silly audit   long: [ '5.3.2' ],
580 silly audit   protobufjs: [ '7.6.6' ],
580 silly audit   yargs: [ '17.7.3' ],
580 silly audit   'undici-types': [ '8.9.0' ],
580 silly audit   'websocket-driver': [ '0.7.5' ],
580 silly audit   '@protobufjs/aspromise': [ '1.1.2' ],
580 silly audit   '@protobufjs/base64': [ '1.1.2' ],
580 silly audit   '@protobufjs/codegen': [ '2.0.5' ],
580 silly audit   '@protobufjs/eventemitter': [ '1.1.1' ],
580 silly audit   '@protobufjs/fetch': [ '1.1.1' ],
580 silly audit   '@protobufjs/float': [ '1.0.2' ],
580 silly audit   '@protobufjs/path': [ '1.1.2' ],
580 silly audit   '@protobufjs/pool': [ '1.1.0' ],
580 silly audit   '@protobufjs/utf8': [ '1.1.2' ],
580 silly audit   'react-router': [ '7.18.4' ],
580 silly audit   cookie: [ '1.1.1' ],
580 silly audit   'set-cookie-parser': [ '2.7.2' ],
580 silly audit   'http-parser-js': [ '0.5.10' ],
580 silly audit   'safe-buffer': [ '5.2.1' ],
580 silly audit   'websocket-extensions': [ '0.1.4' ],
580 silly audit   cliui: [ '8.0.1' ],
580 silly audit   'get-caller-file': [ '2.0.5' ],
580 silly audit   'require-directory': [ '2.1.1' ],
580 silly audit   'string-width': [ '4.2.3' ],
580 silly audit   y18n: [ '5.0.8' ],
580 silly audit   'yargs-parser': [ '21.1.1' ],
580 silly audit   'strip-ansi': [ '6.0.1' ],
580 silly audit   'wrap-ansi': [ '7.0.0' ],
580 silly audit   'emoji-regex': [ '8.0.0' ],
580 silly audit   'is-fullwidth-code-point': [ '3.0.0' ],
580 silly audit   'ansi-regex': [ '5.0.1' ],
580 silly audit   'ansi-styles': [ '4.3.0' ],
580 silly audit   'color-convert': [ '2.0.1' ],
580 silly audit   'color-name': [ '1.1.4' ]
580 silly audit }
581 http cache color-name@https://registry.npmjs.org/color-name/-/color-name-1.1.4.tgz 0ms (cache hit)
582 http cache color-convert@https://registry.npmjs.org/color-convert/-/color-convert-2.0.1.tgz 0ms (cache hit)
583 http cache ansi-styles@https://registry.npmjs.org/ansi-styles/-/ansi-styles-4.3.0.tgz 0ms (cache hit)
584 http cache ansi-regex@https://registry.npmjs.org/ansi-regex/-/ansi-regex-5.0.1.tgz 0ms (cache hit)
585 http cache is-fullwidth-code-point@https://registry.npmjs.org/is-fullwidth-code-point/-/is-fullwidth-code-point-3.0.0.tgz 0ms (cache hit)
586 http cache emoji-regex@https://registry.npmjs.org/emoji-regex/-/emoji-regex-8.0.0.tgz 0ms (cache hit)
587 http cache yargs-parser@https://registry.npmjs.org/yargs-parser/-/yargs-parser-21.1.1.tgz 0ms (cache hit)
588 http cache wrap-ansi@https://registry.npmjs.org/wrap-ansi/-/wrap-ansi-7.0.0.tgz 0ms (cache hit)
589 http cache strip-ansi@https://registry.npmjs.org/strip-ansi/-/strip-ansi-6.0.1.tgz 0ms (cache hit)
590 http cache string-width@https://registry.npmjs.org/string-width/-/string-width-4.2.3.tgz 0ms (cache hit)
591 http cache y18n@https://registry.npmjs.org/y18n/-/y18n-5.0.8.tgz 0ms (cache hit)
592 http cache get-caller-file@https://registry.npmjs.org/get-caller-file/-/get-caller-file-2.0.5.tgz 0ms (cache hit)
593 http cache require-directory@https://registry.npmjs.org/require-directory/-/require-directory-2.1.1.tgz 0ms (cache hit)
594 http cache cliui@https://registry.npmjs.org/cliui/-/cliui-8.0.1.tgz 0ms (cache hit)
595 http cache http-parser-js@https://registry.npmjs.org/http-parser-js/-/http-parser-js-0.5.10.tgz 0ms (cache hit)
596 http cache safe-buffer@https://registry.npmjs.org/safe-buffer/-/safe-buffer-5.2.1.tgz 0ms (cache hit)
597 http cache websocket-extensions@https://registry.npmjs.org/websocket-extensions/-/websocket-extensions-0.1.4.tgz 0ms (cache hit)
598 http cache @protobufjs/utf8@https://registry.npmjs.org/@protobufjs/utf8/-/utf8-1.1.2.tgz 0ms (cache hit)
599 http cache set-cookie-parser@https://registry.npmjs.org/set-cookie-parser/-/set-cookie-parser-2.7.2.tgz 0ms (cache hit)
600 http cache @protobufjs/pool@https://registry.npmjs.org/@protobufjs/pool/-/pool-1.1.0.tgz 0ms (cache hit)
601 http cache react-router@https://registry.npmjs.org/react-router/-/react-router-7.18.4.tgz 0ms (cache hit)
602 http cache cookie@https://registry.npmjs.org/cookie/-/cookie-1.1.1.tgz 0ms (cache hit)
603 http cache @protobufjs/path@https://registry.npmjs.org/@protobufjs/path/-/path-1.1.2.tgz 0ms (cache hit)
604 http cache @protobufjs/fetch@https://registry.npmjs.org/@protobufjs/fetch/-/fetch-1.1.1.tgz 0ms (cache hit)
605 http cache @protobufjs/float@https://registry.npmjs.org/@protobufjs/float/-/float-1.0.2.tgz 0ms (cache hit)
606 http cache @protobufjs/base64@https://registry.npmjs.org/@protobufjs/base64/-/base64-1.1.2.tgz 0ms (cache hit)
607 http cache @protobufjs/aspromise@https://registry.npmjs.org/@protobufjs/aspromise/-/aspromise-1.1.2.tgz 0ms (cache hit)
608 http cache @protobufjs/eventemitter@https://registry.npmjs.org/@protobufjs/eventemitter/-/eventemitter-1.1.1.tgz 0ms (cache hit)
609 http cache @protobufjs/codegen@https://registry.npmjs.org/@protobufjs/codegen/-/codegen-2.0.5.tgz 0ms (cache hit)
610 http cache websocket-driver@https://registry.npmjs.org/websocket-driver/-/websocket-driver-0.7.5.tgz 0ms (cache hit)
611 http cache undici-types@https://registry.npmjs.org/undici-types/-/undici-types-8.9.0.tgz 0ms (cache hit)
612 http cache protobufjs@https://registry.npmjs.org/protobufjs/-/protobufjs-7.6.6.tgz 0ms (cache hit)
613 http cache long@https://registry.npmjs.org/long/-/long-5.3.2.tgz 0ms (cache hit)
614 http cache @types/node@https://registry.npmjs.org/@types/node/-/node-26.6.2.tgz 0ms (cache hit)
615 http cache lodash.camelcase@https://registry.npmjs.org/lodash.camelcase/-/lodash.camelcase-4.3.0.tgz 0ms (cache hit)
616 http cache web-vitals@https://registry.npmjs.org/web-vitals/-/web-vitals-4.2.4.tgz 0ms (cache hit)
617 http cache @firebase/storage-types@https://registry.npmjs.org/@firebase/storage-types/-/storage-types-0.8.5.tgz 0ms (cache hit)
618 http cache @firebase/remote-config-types@https://registry.npmjs.org/@firebase/remote-config-types/-/remote-config-types-0.5.2.tgz 0ms (cache hit)
619 http cache @firebase/performance-types@https://registry.npmjs.org/@firebase/performance-types/-/performance-types-0.2.5.tgz 0ms (cache hit)
620 http cache @firebase/installations-types@https://registry.npmjs.org/@firebase/installations-types/-/installations-types-0.5.5.tgz 0ms (cache hit)
621 http cache re2js@https://registry.npmjs.org/re2js/-/re2js-2.8.6.tgz 0ms (cache hit)
622 http cache @grpc/proto-loader@https://registry.npmjs.org/@grpc/proto-loader/-/proto-loader-0.7.15.tgz 0ms (cache hit)
623 http cache @grpc/grpc-js@https://registry.npmjs.org/@grpc/grpc-js/-/grpc-js-1.9.16.tgz 0ms (cache hit)
624 http cache yargs@https://registry.npmjs.org/yargs/-/yargs-17.7.3.tgz 1ms (cache hit)
625 http cache @firebase/firestore-types@https://registry.npmjs.org/@firebase/firestore-types/-/firestore-types-3.0.5.tgz 0ms (cache hit)
626 http cache faye-websocket@https://registry.npmjs.org/faye-websocket/-/faye-websocket-0.11.4.tgz 0ms (cache hit)
627 http cache @firebase/webchannel-wrapper@https://registry.npmjs.org/@firebase/webchannel-wrapper/-/webchannel-wrapper-1.0.7.tgz 0ms (cache hit)
628 http cache @firebase/messaging-interop-types@https://registry.npmjs.org/@firebase/messaging-interop-types/-/messaging-interop-types-0.2.6.tgz 0ms (cache hit)
629 http cache @firebase/database-types@https://registry.npmjs.org/@firebase/database-types/-/database-types-1.0.22.tgz 0ms (cache hit)
630 http cache @firebase/auth-types@https://registry.npmjs.org/@firebase/auth-types/-/auth-types-0.13.2.tgz 0ms (cache hit)
631 http cache @firebase/auth-interop-types@https://registry.npmjs.org/@firebase/auth-interop-types/-/auth-interop-types-0.2.6.tgz 0ms (cache hit)
632 http cache @firebase/app-check-types@https://registry.npmjs.org/@firebase/app-check-types/-/app-check-types-0.5.5.tgz 0ms (cache hit)
633 http cache @firebase/logger@https://registry.npmjs.org/@firebase/logger/-/logger-0.5.2.tgz 0ms (cache hit)
634 http cache @firebase/analytics-types@https://registry.npmjs.org/@firebase/analytics-types/-/analytics-types-0.8.5.tgz 0ms (cache hit)
635 http cache @firebase/component@https://registry.npmjs.org/@firebase/component/-/component-0.7.5.tgz 0ms (cache hit)
636 http cache @firebase/app-check-interop-types@https://registry.npmjs.org/@firebase/app-check-interop-types/-/app-check-interop-types-0.3.5.tgz 0ms (cache hit)
637 http cache @firebase/util@https://registry.npmjs.org/@firebase/util/-/util-1.15.3.tgz 0ms (cache hit)
638 http cache @firebase/storage-compat@https://registry.npmjs.org/@firebase/storage-compat/-/storage-compat-0.4.5.tgz 0ms (cache hit)
639 http cache @firebase/storage@https://registry.npmjs.org/@firebase/storage/-/storage-0.14.5.tgz 0ms (cache hit)
640 http cache @firebase/remote-config-compat@https://registry.npmjs.org/@firebase/remote-config-compat/-/remote-config-compat-0.2.29.tgz 0ms (cache hit)
641 http cache @firebase/remote-config@https://registry.npmjs.org/@firebase/remote-config/-/remote-config-0.9.2.tgz 0ms (cache hit)
642 http cache @firebase/performance-compat@https://registry.npmjs.org/@firebase/performance-compat/-/performance-compat-0.2.27.tgz 0ms (cache hit)
643 http cache @firebase/performance@https://registry.npmjs.org/@firebase/performance/-/performance-0.7.14.tgz 0ms (cache hit)
644 http cache @firebase/messaging@https://registry.npmjs.org/@firebase/messaging/-/messaging-0.13.3.tgz 0ms (cache hit)
645 http cache @firebase/messaging-compat@https://registry.npmjs.org/@firebase/messaging-compat/-/messaging-compat-0.2.30.tgz 0ms (cache hit)
646 http cache @firebase/installations-compat@https://registry.npmjs.org/@firebase/installations-compat/-/installations-compat-0.2.24.tgz 0ms (cache hit)
647 http cache @firebase/installations@https://registry.npmjs.org/@firebase/installations/-/installations-0.6.24.tgz 0ms (cache hit)
648 http cache @firebase/functions-compat@https://registry.npmjs.org/@firebase/functions-compat/-/functions-compat-0.5.0.tgz 0ms (cache hit)
649 http cache @firebase/functions@https://registry.npmjs.org/@firebase/functions/-/functions-0.14.0.tgz 0ms (cache hit)
650 http cache @firebase/firestore-compat@https://registry.npmjs.org/@firebase/firestore-compat/-/firestore-compat-0.4.14.tgz 0ms (cache hit)
651 http cache @firebase/database-compat@https://registry.npmjs.org/@firebase/database-compat/-/database-compat-2.1.7.tgz 0ms (cache hit)
652 http cache @firebase/firestore@https://registry.npmjs.org/@firebase/firestore/-/firestore-4.17.2.tgz 0ms (cache hit)
653 http cache @firebase/database@https://registry.npmjs.org/@firebase/database/-/database-1.1.5.tgz 0ms (cache hit)
654 http cache @firebase/auth-compat@https://registry.npmjs.org/@firebase/auth-compat/-/auth-compat-0.6.11.tgz 0ms (cache hit)
655 http cache @firebase/auth@https://registry.npmjs.org/@firebase/auth/-/auth-1.13.6.tgz 0ms (cache hit)
656 http cache @firebase/functions-types@https://registry.npmjs.org/@firebase/functions-types/-/functions-types-0.6.5.tgz 0ms (cache hit)
657 http cache @firebase/app-check-compat@https://registry.npmjs.org/@firebase/app-check-compat/-/app-check-compat-0.4.7.tgz 0ms (cache hit)
658 http cache @firebase/analytics-compat@https://registry.npmjs.org/@firebase/analytics-compat/-/analytics-compat-0.2.31.tgz 0ms (cache hit)
659 http cache @firebase/app-check@https://registry.npmjs.org/@firebase/app-check/-/app-check-0.13.1.tgz 0ms (cache hit)
660 http cache @firebase/app-compat@https://registry.npmjs.org/@firebase/app-compat/-/app-compat-0.5.18.tgz 0ms (cache hit)
661 http cache @firebase/analytics@https://registry.npmjs.org/@firebase/analytics/-/analytics-0.10.25.tgz 0ms (cache hit)
662 http cache @firebase/app-types@https://registry.npmjs.org/@firebase/app-types/-/app-types-0.9.6.tgz 0ms (cache hit)
663 http cache @firebase/app@https://registry.npmjs.org/@firebase/app/-/app-0.16.2.tgz 0ms (cache hit)
664 http cache zustand@https://registry.npmjs.org/zustand/-/zustand-5.0.15.tgz 0ms (cache hit)
665 http cache @firebase/ai@https://registry.npmjs.org/@firebase/ai/-/ai-2.16.0.tgz 0ms (cache hit)
666 http cache firebase@https://registry.npmjs.org/firebase/-/firebase-12.19.0.tgz 0ms (cache hit)
667 http cache react-router-dom@https://registry.npmjs.org/react-router-dom/-/react-router-dom-7.18.4.tgz 0ms (cache hit)
668 http cache @firebase/data-connect@https://registry.npmjs.org/@firebase/data-connect/-/data-connect-0.7.4.tgz 0ms (cache hit)
669 silly tarball no local data for yargs-parser@https://registry.npmjs.org/yargs-parser/-/yargs-parser-21.1.1.tgz. Extracting by manifest.
670 http cache @capacitor/splash-screen@https://registry.npmjs.org/@capacitor/splash-screen/-/splash-screen-8.0.2.tgz 0ms (cache hit)
671 silly tarball no local data for y18n@https://registry.npmjs.org/y18n/-/y18n-5.0.8.tgz. Extracting by manifest.
672 http cache @capacitor/camera@https://registry.npmjs.org/@capacitor/camera/-/camera-8.2.4.tgz 0ms (cache hit)
673 silly tarball no local data for get-caller-file@https://registry.npmjs.org/get-caller-file/-/get-caller-file-2.0.5.tgz. Extracting by manifest.
674 silly tarball no local data for require-directory@https://registry.npmjs.org/require-directory/-/require-directory-2.1.1.tgz. Extracting by manifest.
675 silly tarball no local data for cliui@https://registry.npmjs.org/cliui/-/cliui-8.0.1.tgz. Extracting by manifest.
676 silly tarball no local data for http-parser-js@https://registry.npmjs.org/http-parser-js/-/http-parser-js-0.5.10.tgz. Extracting by manifest.
677 silly tarball no local data for websocket-extensions@https://registry.npmjs.org/websocket-extensions/-/websocket-extensions-0.1.4.tgz. Extracting by manifest.
678 silly tarball no local data for @protobufjs/utf8@https://registry.npmjs.org/@protobufjs/utf8/-/utf8-1.1.2.tgz. Extracting by manifest.
679 silly tarball no local data for set-cookie-parser@https://registry.npmjs.org/set-cookie-parser/-/set-cookie-parser-2.7.2.tgz. Extracting by manifest.
680 silly tarball no local data for @protobufjs/pool@https://registry.npmjs.org/@protobufjs/pool/-/pool-1.1.0.tgz. Extracting by manifest.
681 silly tarball no local data for react-router@https://registry.npmjs.org/react-router/-/react-router-7.18.4.tgz. Extracting by manifest.
682 silly tarball no local data for cookie@https://registry.npmjs.org/cookie/-/cookie-1.1.1.tgz. Extracting by manifest.
683 silly tarball no local data for @protobufjs/path@https://registry.npmjs.org/@protobufjs/path/-/path-1.1.2.tgz. Extracting by manifest.
684 silly tarball no local data for @protobufjs/fetch@https://registry.npmjs.org/@protobufjs/fetch/-/fetch-1.1.1.tgz. Extracting by manifest.
685 silly tarball no local data for @protobufjs/float@https://registry.npmjs.org/@protobufjs/float/-/float-1.0.2.tgz. Extracting by manifest.
686 silly tarball no local data for @protobufjs/base64@https://registry.npmjs.org/@protobufjs/base64/-/base64-1.1.2.tgz. Extracting by manifest.
687 silly tarball no local data for @protobufjs/aspromise@https://registry.npmjs.org/@protobufjs/aspromise/-/aspromise-1.1.2.tgz. Extracting by manifest.
688 silly tarball no local data for @protobufjs/eventemitter@https://registry.npmjs.org/@protobufjs/eventemitter/-/eventemitter-1.1.1.tgz. Extracting by manifest.
689 silly tarball no local data for @protobufjs/codegen@https://registry.npmjs.org/@protobufjs/codegen/-/codegen-2.0.5.tgz. Extracting by manifest.
690 silly tarball no local data for websocket-driver@https://registry.npmjs.org/websocket-driver/-/websocket-driver-0.7.5.tgz. Extracting by manifest.
691 silly tarball no local data for protobufjs@https://registry.npmjs.org/protobufjs/-/protobufjs-7.6.6.tgz. Extracting by manifest.
692 silly tarball no local data for long@https://registry.npmjs.org/long/-/long-5.3.2.tgz. Extracting by manifest.
693 silly tarball no local data for lodash.camelcase@https://registry.npmjs.org/lodash.camelcase/-/lodash.camelcase-4.3.0.tgz. Extracting by manifest.
694 silly tarball no local data for web-vitals@https://registry.npmjs.org/web-vitals/-/web-vitals-4.2.4.tgz. Extracting by manifest.
695 silly tarball no local data for @firebase/storage-types@https://registry.npmjs.org/@firebase/storage-types/-/storage-types-0.8.5.tgz. Extracting by manifest.
696 silly tarball no local data for @firebase/remote-config-types@https://registry.npmjs.org/@firebase/remote-config-types/-/remote-config-types-0.5.2.tgz. Extracting by manifest.
697 silly tarball no local data for @firebase/performance-types@https://registry.npmjs.org/@firebase/performance-types/-/performance-types-0.2.5.tgz. Extracting by manifest.
698 silly tarball no local data for @firebase/installations-types@https://registry.npmjs.org/@firebase/installations-types/-/installations-types-0.5.5.tgz. Extracting by manifest.
699 silly tarball no local data for re2js@https://registry.npmjs.org/re2js/-/re2js-2.8.6.tgz. Extracting by manifest.
700 silly tarball no local data for @grpc/proto-loader@https://registry.npmjs.org/@grpc/proto-loader/-/proto-loader-0.7.15.tgz. Extracting by manifest.
701 silly tarball no local data for @grpc/grpc-js@https://registry.npmjs.org/@grpc/grpc-js/-/grpc-js-1.9.16.tgz. Extracting by manifest.
702 silly tarball no local data for yargs@https://registry.npmjs.org/yargs/-/yargs-17.7.3.tgz. Extracting by manifest.
703 silly tarball no local data for @firebase/firestore-types@https://registry.npmjs.org/@firebase/firestore-types/-/firestore-types-3.0.5.tgz. Extracting by manifest.
704 silly tarball no local data for faye-websocket@https://registry.npmjs.org/faye-websocket/-/faye-websocket-0.11.4.tgz. Extracting by manifest.
705 silly tarball no local data for @firebase/webchannel-wrapper@https://registry.npmjs.org/@firebase/webchannel-wrapper/-/webchannel-wrapper-1.0.7.tgz. Extracting by manifest.
706 silly tarball no local data for @firebase/messaging-interop-types@https://registry.npmjs.org/@firebase/messaging-interop-types/-/messaging-interop-types-0.2.6.tgz. Extracting by manifest.
707 silly tarball no local data for @firebase/database-types@https://registry.npmjs.org/@firebase/database-types/-/database-types-1.0.22.tgz. Extracting by manifest.
708 silly tarball no local data for @firebase/auth-types@https://registry.npmjs.org/@firebase/auth-types/-/auth-types-0.13.2.tgz. Extracting by manifest.
709 silly tarball no local data for @firebase/auth-interop-types@https://registry.npmjs.org/@firebase/auth-interop-types/-/auth-interop-types-0.2.6.tgz. Extracting by manifest.
710 silly tarball no local data for @firebase/app-check-types@https://registry.npmjs.org/@firebase/app-check-types/-/app-check-types-0.5.5.tgz. Extracting by manifest.
711 silly tarball no local data for @firebase/logger@https://registry.npmjs.org/@firebase/logger/-/logger-0.5.2.tgz. Extracting by manifest.
712 silly tarball no local data for @firebase/analytics-types@https://registry.npmjs.org/@firebase/analytics-types/-/analytics-types-0.8.5.tgz. Extracting by manifest.
713 silly tarball no local data for @firebase/component@https://registry.npmjs.org/@firebase/component/-/component-0.7.5.tgz. Extracting by manifest.
714 silly tarball no local data for @firebase/app-check-interop-types@https://registry.npmjs.org/@firebase/app-check-interop-types/-/app-check-interop-types-0.3.5.tgz. Extracting by manifest.
715 silly tarball no local data for @firebase/util@https://registry.npmjs.org/@firebase/util/-/util-1.15.3.tgz. Extracting by manifest.
716 silly tarball no local data for @firebase/storage-compat@https://registry.npmjs.org/@firebase/storage-compat/-/storage-compat-0.4.5.tgz. Extracting by manifest.
717 silly tarball no local data for @firebase/storage@https://registry.npmjs.org/@firebase/storage/-/storage-0.14.5.tgz. Extracting by manifest.
718 silly tarball no local data for @firebase/remote-config-compat@https://registry.npmjs.org/@firebase/remote-config-compat/-/remote-config-compat-0.2.29.tgz. Extracting by manifest.
719 silly tarball no local data for @firebase/remote-config@https://registry.npmjs.org/@firebase/remote-config/-/remote-config-0.9.2.tgz. Extracting by manifest.
720 silly tarball no local data for @firebase/performance-compat@https://registry.npmjs.org/@firebase/performance-compat/-/performance-compat-0.2.27.tgz. Extracting by manifest.
721 silly tarball no local data for @firebase/performance@https://registry.npmjs.org/@firebase/performance/-/performance-0.7.14.tgz. Extracting by manifest.
722 silly tarball no local data for @firebase/messaging@https://registry.npmjs.org/@firebase/messaging/-/messaging-0.13.3.tgz. Extracting by manifest.
723 silly tarball no local data for @firebase/messaging-compat@https://registry.npmjs.org/@firebase/messaging-compat/-/messaging-compat-0.2.30.tgz. Extracting by manifest.
724 silly tarball no local data for @firebase/installations-compat@https://registry.npmjs.org/@firebase/installations-compat/-/installations-compat-0.2.24.tgz. Extracting by manifest.
725 silly tarball no local data for @firebase/installations@https://registry.npmjs.org/@firebase/installations/-/installations-0.6.24.tgz. Extracting by manifest.
726 silly tarball no local data for @firebase/functions-compat@https://registry.npmjs.org/@firebase/functions-compat/-/functions-compat-0.5.0.tgz. Extracting by manifest.
727 silly tarball no local data for @firebase/functions@https://registry.npmjs.org/@firebase/functions/-/functions-0.14.0.tgz. Extracting by manifest.
728 silly tarball no local data for @firebase/firestore-compat@https://registry.npmjs.org/@firebase/firestore-compat/-/firestore-compat-0.4.14.tgz. Extracting by manifest.
729 silly tarball no local data for @firebase/database-compat@https://registry.npmjs.org/@firebase/database-compat/-/database-compat-2.1.7.tgz. Extracting by manifest.
730 silly tarball no local data for @firebase/firestore@https://registry.npmjs.org/@firebase/firestore/-/firestore-4.17.2.tgz. Extracting by manifest.
731 silly tarball no local data for @firebase/database@https://registry.npmjs.org/@firebase/database/-/database-1.1.5.tgz. Extracting by manifest.
732 silly tarball no local data for @firebase/auth-compat@https://registry.npmjs.org/@firebase/auth-compat/-/auth-compat-0.6.11.tgz. Extracting by manifest.
733 silly tarball no local data for @firebase/auth@https://registry.npmjs.org/@firebase/auth/-/auth-1.13.6.tgz. Extracting by manifest.
734 silly tarball no local data for @firebase/functions-types@https://registry.npmjs.org/@firebase/functions-types/-/functions-types-0.6.5.tgz. Extracting by manifest.
735 silly tarball no local data for @firebase/app-check-compat@https://registry.npmjs.org/@firebase/app-check-compat/-/app-check-compat-0.4.7.tgz. Extracting by manifest.
736 silly tarball no local data for @firebase/analytics-compat@https://registry.npmjs.org/@firebase/analytics-compat/-/analytics-compat-0.2.31.tgz. Extracting by manifest.
737 silly tarball no local data for @firebase/app-check@https://registry.npmjs.org/@firebase/app-check/-/app-check-0.13.1.tgz. Extracting by manifest.
738 silly tarball no local data for @firebase/app-compat@https://registry.npmjs.org/@firebase/app-compat/-/app-compat-0.5.18.tgz. Extracting by manifest.
739 silly tarball no local data for @firebase/analytics@https://registry.npmjs.org/@firebase/analytics/-/analytics-0.10.25.tgz. Extracting by manifest.
740 silly tarball no local data for @firebase/app-types@https://registry.npmjs.org/@firebase/app-types/-/app-types-0.9.6.tgz. Extracting by manifest.
741 silly tarball no local data for @firebase/app@https://registry.npmjs.org/@firebase/app/-/app-0.16.2.tgz. Extracting by manifest.
742 silly tarball no local data for zustand@https://registry.npmjs.org/zustand/-/zustand-5.0.15.tgz. Extracting by manifest.
743 silly tarball no local data for @firebase/ai@https://registry.npmjs.org/@firebase/ai/-/ai-2.16.0.tgz. Extracting by manifest.
744 silly tarball no local data for firebase@https://registry.npmjs.org/firebase/-/firebase-12.19.0.tgz. Extracting by manifest.
745 silly tarball no local data for react-router-dom@https://registry.npmjs.org/react-router-dom/-/react-router-dom-7.18.4.tgz. Extracting by manifest.
746 silly tarball no local data for @firebase/data-connect@https://registry.npmjs.org/@firebase/data-connect/-/data-connect-0.7.4.tgz. Extracting by manifest.
747 silly tarball no local data for @capacitor/splash-screen@https://registry.npmjs.org/@capacitor/splash-screen/-/splash-screen-8.0.2.tgz. Extracting by manifest.
748 silly tarball no local data for @capacitor/camera@https://registry.npmjs.org/@capacitor/camera/-/camera-8.2.4.tgz. Extracting by manifest.
749 http fetch POST 200 https://registry.npmjs.org/-/npm/v1/security/advisories/bulk 484ms
750 silly audit report {}
751 http fetch GET 200 https://registry.npmjs.org/get-caller-file/-/get-caller-file-2.0.5.tgz 421ms (cache miss)
752 http fetch GET 200 https://registry.npmjs.org/cliui/-/cliui-8.0.1.tgz 417ms (cache miss)
753 http fetch GET 200 https://registry.npmjs.org/require-directory/-/require-directory-2.1.1.tgz 422ms (cache miss)
754 http fetch GET 200 https://registry.npmjs.org/y18n/-/y18n-5.0.8.tgz 438ms (cache miss)
755 http fetch GET 200 https://registry.npmjs.org/http-parser-js/-/http-parser-js-0.5.10.tgz 432ms (cache miss)
756 http fetch GET 200 https://registry.npmjs.org/@protobufjs/pool/-/pool-1.1.0.tgz 421ms (cache miss)
757 http fetch GET 200 https://registry.npmjs.org/@protobufjs/path/-/path-1.1.2.tgz 418ms (cache miss)
758 http fetch GET 200 https://registry.npmjs.org/@protobufjs/utf8/-/utf8-1.1.2.tgz 430ms (cache miss)
759 http fetch GET 200 https://registry.npmjs.org/set-cookie-parser/-/set-cookie-parser-2.7.2.tgz 464ms (cache miss)
760 http fetch GET 200 https://registry.npmjs.org/@protobufjs/float/-/float-1.0.2.tgz 511ms (cache miss)
761 http fetch GET 200 https://registry.npmjs.org/@protobufjs/base64/-/base64-1.1.2.tgz 523ms (cache miss)
762 http fetch GET 200 https://registry.npmjs.org/@protobufjs/eventemitter/-/eventemitter-1.1.1.tgz 522ms (cache miss)
763 http fetch GET 200 https://registry.npmjs.org/@protobufjs/codegen/-/codegen-2.0.5.tgz 522ms (cache miss)
764 http fetch GET 200 https://registry.npmjs.org/lodash.camelcase/-/lodash.camelcase-4.3.0.tgz 519ms (cache miss)
765 http fetch GET 200 https://registry.npmjs.org/@firebase/storage-types/-/storage-types-0.8.5.tgz 518ms (cache miss)
766 http fetch GET 200 https://registry.npmjs.org/@protobufjs/fetch/-/fetch-1.1.1.tgz 570ms (cache miss)
767 http fetch GET 200 https://registry.npmjs.org/long/-/long-5.3.2.tgz 586ms (cache miss)
768 http fetch GET 200 https://registry.npmjs.org/yargs-parser/-/yargs-parser-21.1.1.tgz 637ms (cache miss)
769 http fetch GET 200 https://registry.npmjs.org/websocket-extensions/-/websocket-extensions-0.1.4.tgz 622ms (cache miss)
770 http fetch GET 200 https://registry.npmjs.org/@grpc/proto-loader/-/proto-loader-0.7.15.tgz 599ms (cache miss)
771 http fetch GET 200 https://registry.npmjs.org/faye-websocket/-/faye-websocket-0.11.4.tgz 626ms (cache miss)
772 http fetch GET 200 https://registry.npmjs.org/websocket-driver/-/websocket-driver-0.7.5.tgz 685ms (cache miss)
773 http fetch GET 200 https://registry.npmjs.org/@firebase/database-types/-/database-types-1.0.22.tgz 693ms (cache miss)
774 http fetch GET 200 https://registry.npmjs.org/cookie/-/cookie-1.1.1.tgz 957ms (cache miss)
775 http fetch GET 200 https://registry.npmjs.org/@protobufjs/aspromise/-/aspromise-1.1.2.tgz 948ms (cache miss)
776 http fetch GET 200 https://registry.npmjs.org/@firebase/installations-types/-/installations-types-0.5.5.tgz 931ms (cache miss)
777 http fetch GET 200 https://registry.npmjs.org/@firebase/firestore-types/-/firestore-types-3.0.5.tgz 980ms (cache miss)
778 http fetch GET 200 https://registry.npmjs.org/@firebase/messaging-interop-types/-/messaging-interop-types-0.2.6.tgz 1063ms (cache miss)
779 http fetch GET 200 https://registry.npmjs.org/yargs/-/yargs-17.7.3.tgz 1118ms (cache miss)
780 http fetch GET 200 https://registry.npmjs.org/@firebase/performance-types/-/performance-types-0.2.5.tgz 1129ms (cache miss)
781 http fetch GET 200 https://registry.npmjs.org/@firebase/remote-config-types/-/remote-config-types-0.5.2.tgz 1137ms (cache miss)
782 http fetch GET 200 https://registry.npmjs.org/@firebase/auth-types/-/auth-types-0.13.2.tgz 1112ms (cache miss)
783 http fetch GET 200 https://registry.npmjs.org/re2js/-/re2js-2.8.6.tgz 1130ms (cache miss)
784 http fetch GET 200 https://registry.npmjs.org/@firebase/app-check-types/-/app-check-types-0.5.5.tgz 1134ms (cache miss)
785 http fetch GET 200 https://registry.npmjs.org/web-vitals/-/web-vitals-4.2.4.tgz 1194ms (cache miss)
786 http fetch GET 200 https://registry.npmjs.org/@firebase/auth-interop-types/-/auth-interop-types-0.2.6.tgz 1182ms (cache miss)
787 http fetch GET 200 https://registry.npmjs.org/@firebase/app-check-interop-types/-/app-check-interop-types-0.3.5.tgz 1227ms (cache miss)
788 http fetch GET 200 https://registry.npmjs.org/@firebase/logger/-/logger-0.5.2.tgz 1238ms (cache miss)
789 http fetch GET 200 https://registry.npmjs.org/@firebase/webchannel-wrapper/-/webchannel-wrapper-1.0.7.tgz 1289ms (cache miss)
790 http fetch GET 200 https://registry.npmjs.org/protobufjs/-/protobufjs-7.6.6.tgz 1422ms (cache miss)
791 http fetch GET 200 https://registry.npmjs.org/@firebase/installations-compat/-/installations-compat-0.2.24.tgz 1377ms (cache miss)
792 http fetch GET 200 https://registry.npmjs.org/@firebase/remote-config-compat/-/remote-config-compat-0.2.29.tgz 1407ms (cache miss)
793 http fetch GET 200 https://registry.npmjs.org/@firebase/analytics-types/-/analytics-types-0.8.5.tgz 1506ms (cache miss)
794 http fetch GET 200 https://registry.npmjs.org/@firebase/storage-compat/-/storage-compat-0.4.5.tgz 1537ms (cache miss)
795 http fetch GET 200 https://registry.npmjs.org/@firebase/performance/-/performance-0.7.14.tgz 1574ms (cache miss)
796 http fetch GET 200 https://registry.npmjs.org/@firebase/component/-/component-0.7.5.tgz 1622ms (cache miss)
797 http fetch GET 200 https://registry.npmjs.org/@firebase/remote-config/-/remote-config-0.9.2.tgz 1649ms (cache miss)
798 http fetch GET 200 https://registry.npmjs.org/@firebase/performance-compat/-/performance-compat-0.2.27.tgz 1728ms (cache miss)
799 http fetch GET 200 https://registry.npmjs.org/@firebase/installations/-/installations-0.6.24.tgz 1989ms (cache miss)
800 http fetch GET 200 https://registry.npmjs.org/@firebase/messaging-compat/-/messaging-compat-0.2.30.tgz 2075ms (cache miss)
801 http fetch GET 200 https://registry.npmjs.org/@firebase/util/-/util-1.15.3.tgz 2246ms (cache miss)
802 http fetch GET 200 https://registry.npmjs.org/@firebase/functions-compat/-/functions-compat-0.5.0.tgz 2419ms (cache miss)
803 http fetch GET 200 https://registry.npmjs.org/@firebase/app-check-compat/-/app-check-compat-0.4.7.tgz 2523ms (cache miss)
804 http fetch GET 200 https://registry.npmjs.org/@firebase/functions/-/functions-0.14.0.tgz 2573ms (cache miss)
805 http fetch GET 200 https://registry.npmjs.org/@firebase/analytics-compat/-/analytics-compat-0.2.31.tgz 2558ms (cache miss)
806 http fetch GET 200 https://registry.npmjs.org/@firebase/functions-types/-/functions-types-0.6.5.tgz 2584ms (cache miss)
807 http fetch GET 200 https://registry.npmjs.org/@firebase/app-types/-/app-types-0.9.6.tgz 2709ms (cache miss)
808 http fetch GET 200 https://registry.npmjs.org/@firebase/storage/-/storage-0.14.5.tgz 2801ms (cache miss)
809 http fetch GET 200 https://registry.npmjs.org/@firebase/auth-compat/-/auth-compat-0.6.11.tgz 2799ms (cache miss)
810 http fetch GET 200 https://registry.npmjs.org/react-router-dom/-/react-router-dom-7.18.4.tgz 2871ms (cache miss)
811 http fetch GET 200 https://registry.npmjs.org/@firebase/firestore-compat/-/firestore-compat-0.4.14.tgz 2920ms (cache miss)
812 http fetch GET 200 https://registry.npmjs.org/zustand/-/zustand-5.0.15.tgz 2908ms (cache miss)
813 http fetch GET 200 https://registry.npmjs.org/@firebase/analytics/-/analytics-0.10.25.tgz 2950ms (cache miss)
814 http fetch GET 200 https://registry.npmjs.org/@firebase/messaging/-/messaging-0.13.3.tgz 3079ms (cache miss)
815 http fetch GET 200 https://registry.npmjs.org/@firebase/app-check/-/app-check-0.13.1.tgz 3070ms (cache miss)
816 http fetch GET 200 https://registry.npmjs.org/@firebase/app/-/app-0.16.2.tgz 3182ms (cache miss)
817 http fetch GET 200 https://registry.npmjs.org/@firebase/app-compat/-/app-compat-0.5.18.tgz 3271ms (cache miss)
818 http fetch GET 200 https://registry.npmjs.org/@firebase/database-compat/-/database-compat-2.1.7.tgz 3314ms (cache miss)
819 http fetch GET 200 https://registry.npmjs.org/@grpc/grpc-js/-/grpc-js-1.9.16.tgz 3449ms (cache miss)
820 http fetch GET 200 https://registry.npmjs.org/@capacitor/splash-screen/-/splash-screen-8.0.2.tgz 3474ms (cache miss)
821 http fetch GET 200 https://registry.npmjs.org/@capacitor/camera/-/camera-8.2.4.tgz 3726ms (cache miss)
822 http fetch GET 200 https://registry.npmjs.org/@firebase/data-connect/-/data-connect-0.7.4.tgz 3980ms (cache miss)
823 http fetch GET 200 https://registry.npmjs.org/react-router/-/react-router-7.18.4.tgz 4452ms (cache miss)
824 http fetch GET 200 https://registry.npmjs.org/@firebase/ai/-/ai-2.16.0.tgz 4336ms (cache miss)
825 http fetch GET 200 https://registry.npmjs.org/@firebase/database/-/database-1.1.5.tgz 8511ms (cache miss)
826 http fetch GET 200 https://registry.npmjs.org/@firebase/auth/-/auth-1.13.6.tgz 13116ms (cache miss)
827 http fetch GET 200 https://registry.npmjs.org/@firebase/firestore/-/firestore-4.17.2.tgz 25747ms (cache miss)
828 http fetch GET 200 https://registry.npmjs.org/firebase/-/firebase-12.19.0.tgz 34078ms (cache miss)
829 info run @firebase/util@1.15.3 postinstall node_modules/@firebase/util node ./postinstall.js
830 info run protobufjs@7.6.6 postinstall node_modules/protobufjs node scripts/postinstall
831 info run @firebase/util@1.15.3 postinstall { code: 0, signal: null }
832 info run protobufjs@7.6.6 postinstall { code: 0, signal: null }
833 silly ADD node_modules/color-name
834 silly ADD node_modules/color-convert
835 silly ADD node_modules/ansi-styles
836 silly ADD node_modules/ansi-regex
837 silly ADD node_modules/is-fullwidth-code-point
838 silly ADD node_modules/emoji-regex
839 silly ADD node_modules/wrap-ansi
840 silly ADD node_modules/strip-ansi
841 silly ADD node_modules/yargs-parser
842 silly ADD node_modules/y18n
843 silly ADD node_modules/string-width
844 silly ADD node_modules/require-directory
845 silly ADD node_modules/get-caller-file
846 silly ADD node_modules/cliui
847 silly ADD node_modules/websocket-extensions
848 silly ADD node_modules/safe-buffer
849 silly ADD node_modules/http-parser-js
850 silly ADD node_modules/set-cookie-parser
851 silly ADD node_modules/cookie
852 silly ADD node_modules/react-router
853 silly ADD node_modules/@protobufjs/utf8
854 silly ADD node_modules/@protobufjs/pool
855 silly ADD node_modules/@protobufjs/path
856 silly ADD node_modules/@protobufjs/float
857 silly ADD node_modules/@protobufjs/fetch
858 silly ADD node_modules/@protobufjs/eventemitter
859 silly ADD node_modules/@protobufjs/codegen
860 silly ADD node_modules/@protobufjs/base64
861 silly ADD node_modules/@protobufjs/aspromise
862 silly ADD node_modules/websocket-driver
863 silly ADD node_modules/undici-types
864 silly ADD node_modules/yargs
865 silly ADD node_modules/protobufjs
866 silly ADD node_modules/long
867 silly ADD node_modules/lodash.camelcase
868 silly ADD node_modules/@types/node
869 silly ADD node_modules/@firebase/storage-types
870 silly ADD node_modules/@firebase/remote-config-types
871 silly ADD node_modules/@firebase/performance-types
872 silly ADD node_modules/web-vitals
873 silly ADD node_modules/@firebase/installations-types
874 silly ADD node_modules/@firebase/functions-types
875 silly ADD node_modules/@firebase/messaging-interop-types
876 silly ADD node_modules/@firebase/firestore-types
877 silly ADD node_modules/re2js
878 silly ADD node_modules/@grpc/proto-loader
879 silly ADD node_modules/@grpc/grpc-js
880 silly ADD node_modules/@firebase/webchannel-wrapper
881 silly ADD node_modules/@firebase/database-types
882 silly ADD node_modules/faye-websocket
883 silly ADD node_modules/@firebase/auth-interop-types
884 silly ADD node_modules/@firebase/auth-types
885 silly ADD node_modules/@firebase/app-check-types
886 silly ADD node_modules/@firebase/analytics-types
887 silly ADD node_modules/@firebase/logger
888 silly ADD node_modules/@firebase/component
889 silly ADD node_modules/@firebase/app-check-interop-types
890 silly ADD node_modules/@firebase/util
891 silly ADD node_modules/@firebase/storage-compat
892 silly ADD node_modules/@firebase/storage
893 silly ADD node_modules/@firebase/remote-config-compat
894 silly ADD node_modules/@firebase/remote-config
895 silly ADD node_modules/@firebase/performance-compat
896 silly ADD node_modules/@firebase/performance
897 silly ADD node_modules/@firebase/messaging-compat
898 silly ADD node_modules/@firebase/messaging
899 silly ADD node_modules/@firebase/installations-compat
900 silly ADD node_modules/@firebase/installations
901 silly ADD node_modules/@firebase/functions-compat
902 silly ADD node_modules/@firebase/functions
903 silly ADD node_modules/@firebase/firestore-compat
904 silly ADD node_modules/@firebase/firestore
905 silly ADD node_modules/@firebase/database-compat
906 silly ADD node_modules/@firebase/database
907 silly ADD node_modules/@firebase/data-connect
908 silly ADD node_modules/@firebase/auth-compat
909 silly ADD node_modules/@firebase/auth
910 silly ADD node_modules/@firebase/app-check-compat
911 silly ADD node_modules/@firebase/app-check
912 silly ADD node_modules/@firebase/app-compat
913 silly ADD node_modules/@firebase/analytics-compat
914 silly ADD node_modules/@firebase/analytics
915 silly ADD node_modules/@firebase/app-types
916 silly ADD node_modules/@firebase/app
917 silly ADD node_modules/@firebase/ai
918 silly ADD node_modules/zustand
919 silly ADD node_modules/react-router-dom
920 silly ADD node_modules/firebase
921 silly ADD node_modules/@capacitor/splash-screen
922 silly ADD node_modules/@capacitor/camera
923 verbose cwd D:\DayMeet-OS-main\daymeet-v2
924 verbose os Windows_NT 10.0.26200
925 verbose node v20.19.4
926 verbose npm  v11.14.1
927 verbose exit 0
928 info ok
